source_file,school,report_type,era,report_date,authored_date,filename_date,market,company,ticker,exchange,rating,rating_class,display_name,target_price,target_price_raw,report_current_price,report_current_price_raw,stated_upside_pct,first_trade_date,start_close,latest_trade_date,latest_close,return_latest_pct,direction_latest,return_30d_pct,return_90d_pct,return_180d_pct,return_365d_pct,return_ytd_pct,benchmark_return_pct,alpha_latest_pct,max_high_until_latest,max_high_return_pct,target_hit_until_latest,first_target_hit_date,days_to_target,peak_return_24m_pct,peak_date_24m,age_days,maturity,data_issue,parse_issue,qa_flags,target_seq,target_seq_total,source_md_url,source_pdf_url
"data/markdown/smic/2013-09-18_Equity Research, 한국코트렐.md",smic,company,archive,2007-04-06,2007-04-06,2013-09-18,KR,KC그린홀딩스,009440,KRX,Hold,soft_buy,KC그린홀딩스,6500.0,"6,500",,,,2014-06-18,6810.0,2026-09-07,756.0,-88.898678,down,,,,,0.0,251.617249,-340.515927,13550.0,98.9721,True,2014-06-18,2630,98.9721,2015-05-27,7094,veteran,,,report_date_from_filename,1,1,,
data/markdown/smic/2013-09-18_smic-4657.md,smic,company,archive,2007-04-06,2007-04-06,2013-09-18,KR,코텍,012345,KRX,Hold,soft_buy,코텍,7383.0,"7,383",,,,,,,,,,,,,,,,,,,,,,,,7094,veteran,delisted,,report_date_from_filename,1,4,,
"data/markdown/smic/2013-09-18_Equity Research, 풍산.md",smic,company,archive,2007-04-07,2007-04-07,2013-09-18,KR,풍산홀딩스,005810,KRX,Buy,buy,풍산홀딩스,41388.0,"41,388",,,,2014-06-18,15988.0,2026-09-07,37700.0,135.801851,up,,,,,0.533333,251.617249,-115.815397,60900.0,280.910683,True,2025-06-11,6640,44.977483,2014-10-27,7093,veteran,,,report_date_from_filename,1,1,,
data/markdown/smic/2013-09-18_smic-4654.md,smic,company,archive,2007-04-07,2007-04-07,2013-09-18,KR,강원랜드,012345,KRX,Buy,buy,강원랜드,22680.0,"22,680",,,,,,,,,,,,,,,,,,,,,,,,7093,veteran,delisted,,report_date_from_filename,2,4,,
data/markdown/smic/2013-09-18_smic-4647.md,smic,company,archive,2007-04-07,2007-04-07,2013-09-18,KR,새론오토모티브,075189,KRX,Buy,buy,새론오토모티브,8584.0,"8,584",,,,,,,,,,,,,,,,,,,,,,,,7093,veteran,delisted,,report_date_from_filename,1,1,,
"data/markdown/smic/2013-09-18_Equity Research, 현진소재.md",smic,company,archive,2007-04-13,2007-04-13,2013-09-18,KR,현진소재,053660,KRX,Buy,buy,현진소재,33352.0,"33,352",,,,2010-02-26,92145.0,2022-04-25,7.0,-99.992403,down,,,,,0.0,66.635101,-166.627505,107334.0,16.483803,True,2010-02-26,1050,16.483803,2010-04-20,7087,veteran,,,report_date_from_filename,1,1,,
"data/markdown/smic/2013-09-18_Equity Research, GST.md",smic,company,archive,2007-04-13,2007-04-13,2013-09-18,KR,GST,083450,KRX,Buy,buy,GST,9487.7,"9,487.7",,,,2014-06-18,2641.0,2026-09-07,43750.0,1556.569481,up,,,,,51.646447,251.617249,1304.952233,70800.0,2580.802726,True,2020-05-20,4786,63.536539,2015-06-11,7087,veteran,,,report_date_from_filename,1,1,,
"data/markdown/smic/2013-09-18_Equity Research, 유니드.md",smic,company,archive,2007-04-14,2007-04-14,2013-09-18,KR,유니드,012345,KRX,Buy,buy,유니드,36800.0,"34,000  ~39,600",,,,,,,,,,,,,,,,,,,,,,,,7086,veteran,delisted,,report_date_from_filename,3,4,,
"data/markdown/smic/2013-09-18_Equity Research, 동아에스텍.md",smic,company,archive,2007-04-14,2007-04-14,2013-09-18,KR,다스코,058730,KRX,Buy,buy,다스코,6129.0,"6,129",,,,2014-06-18,4464.0,2026-09-07,3685.0,-17.450717,down,,,,,10.164425,251.617249,-269.067965,14600.0,227.060932,True,2014-07-28,2662,39.762545,2014-10-10,7086,veteran,,,report_date_from_filename,1,1,,
"data/markdown/smic/2013-09-18_Equity Research, YUYU.md",smic,company,archive,2007-04-27,2007-04-27,2013-09-18,KR,유유제약,000220,KRX,Buy,buy,유유제약,25000.0,"25,000",,,,2014-06-18,3706.0,2026-09-07,3940.0,6.314085,up,,,,,-12.735327,251.617249,-245.303163,18950.0,411.332974,False,,,229.114949,2015-07-14,7073,veteran,,,report_date_from_filename,1,1,,
"data/markdown/smic/2013-09-18_Equity Research, 대원제약.md",smic,company,archive,2007-04-27,2007-04-20,2013-09-18,KR,대원제약,003220,KRX,Buy,buy,대원제약,20812.0,"20,812",,,,2014-06-18,8667.0,2026-09-07,8000.0,-7.695858,down,,,,,-33.054393,251.617249,-259.313106,30105.0,247.352025,True,2015-06-30,2986,192.350294,2015-07-06,7073,veteran,,,report_date_from_filename,1,1,,
"data/markdown/smic/2013-09-18_Equity Research, 이수유비케어.md",smic,company,archive,2007-04-27,2007-04-27,2013-09-18,KR,GC메디아이,032620,KRX,Buy,buy,GC메디아이,3352.57,2176.85~ 4528.29,,,,2014-06-18,3075.0,2026-09-07,3075.0,0.0,flat,,,,,-15.753425,251.617249,-251.617249,14900.0,384.552846,True,2014-07-14,2635,97.398374,2015-10-13,7073,veteran,,,report_date_from_filename,1,1,,
"data/markdown/smic/2013-09-18_Equity Research, 사이버패스.md",smic,company,archive,2007-04-27,2007-04-27,2013-09-18,KR,사이버패스,063280,KRX,Buy,buy,사이버패스,10700.0,"10,700",6900.0,,55.0725,2007-04-27,6900.0,2009-07-07,15.0,-99.782609,down,2.173913,25.217391,8.695652,-23.043478,0.0,-7.022275,-92.760333,9600.0,39.130435,False,,,39.130435,2007-08-29,7073,veteran,,,report_date_from_filename,1,2,,
"data/markdown/smic/2013-09-18_Equity Research, 씨디네트웍스.md",smic,company,archive,2007-04-27,2007-04-27,2013-09-18,KR,씨디네트웍스,073710,KRX,Hold,soft_buy,씨디네트웍스,28140.0,"28,140",21650.0,,29.9769,2007-04-27,21650.0,2009-09-22,10000.0,-53.810624,down,13.163972,-6.928406,-22.401848,-33.025404,0.0,11.433239,-65.243863,27000.0,24.711316,False,,,24.711316,2007-06-01,7073,veteran,,,report_date_from_filename,1,1,,
"data/markdown/smic/2013-09-18_Equity Research, 피에스케이.md",smic,company,archive,2007-05-04,2007-05-04,2013-09-18,KR,피에스케이홀딩스,031980,KRX,Buy,buy,피에스케이홀딩스,17588.0,"17,588",,,,2014-06-18,10044.0,2026-09-07,156000.0,1453.166069,up,,,,,236.933045,251.617249,1201.548821,173000.0,1622.421346,True,2017-07-14,3724,32.477101,2014-10-24,7066,veteran,,,report_date_from_filename,1,1,,
"data/markdown/smic/2013-09-18_Equity Research, 바텍.md",smic,company,archive,2007-05-04,2007-05-04,2013-09-18,KR,바텍,043150,KRX,Buy,buy,바텍,14148.0,"14,148",,,,2014-06-18,20550.0,2026-09-07,18240.0,-11.240876,down,,,,,-6.700767,251.617249,-262.858125,50700.0,146.715328,True,2014-06-18,2602,146.715328,2016-02-03,7066,veteran,,,report_date_from_filename,1,2,,
"data/markdown/smic/2013-09-18_Equity Research, 하이트맥주우.md",smic,company,archive,2007-05-05,2007-05-05,2013-09-18,KR,하이트진로홀딩스우,000145,KRX,Buy,buy,하이트진로홀딩스우,91795.0,"91,795",,,,2014-06-18,8760.0,2026-09-07,9250.0,5.593607,up,,,,,-28.294574,251.617249,-246.023641,42850.0,389.155251,False,,,110.045662,2015-07-15,7065,veteran,,,report_date_from_filename,1,1,,
data/markdown/smic/2013-09-18_smic-4694.md,smic,company,archive,2007-05-05,2007-05-05,2013-09-18,KR,오뚜기,007310,KRX,Hold,soft_buy,오뚜기,121720.0,"121,720",,,,2014-06-18,440000.0,2026-09-07,332000.0,-24.545455,down,,,,,-13.766234,251.617249,-276.162703,1466000.0,233.181818,True,2014-06-18,2601,233.181818,2015-08-10,7065,veteran,,,report_date_from_filename,1,2,,
"data/markdown/smic/2013-09-18_Equity Research, 성신양회.md",smic,company,archive,2007-05-11,2007-05-11,2013-09-18,KR,성신양회,004980,KRX,,soft_buy,성신양회,16150.0,"16,150",,,,2014-06-18,12100.0,2026-09-07,8490.0,-29.834711,down,,,,,-10.631579,251.617249,-281.451959,21350.0,76.446281,True,2015-06-17,2959,76.446281,2015-07-16,7059,veteran,,,report_date_from_filename,1,1,,
"data/markdown/smic/2013-09-18_Equity Research, 대림제지.md",smic,company,archive,2007-05-11,2007-05-11,2013-09-18,KR,대림제지,017650,KRX,Hold,soft_buy,대림제지,3613.0,"3,613",,,,2014-06-18,4340.0,2026-09-07,10640.0,145.16129,up,,,,,31.520396,251.617249,-106.455958,16500.0,280.184332,True,2014-06-18,2595,51.843318,2016-05-09,7059,veteran,,,report_date_from_filename,1,2,,
"data/markdown/smic/2013-09-18_Equity Research, 레인콤.md",smic,company,archive,2007-05-11,2007-05-11,2013-09-18,KR,사이버패스,063280,KRX,Buy,buy,사이버패스,,,6900.0,,,2007-05-11,6900.0,2009-07-07,15.0,-99.782609,down,0.144928,27.536232,-10.869565,-25.217391,0.0,-10.561501,-89.221108,9600.0,39.130435,,,,39.130435,2007-08-29,7059,veteran,,missing_target_price,report_date_from_filename;target_price_suspect,2,2,,
"data/markdown/smic/2013-09-18_Equity Research, YBM시사닷컴.md",smic,company,archive,2007-05-25,2007-05-25,2013-09-18,KR,YBM넷,057030,KRX,Buy,buy,YBM넷,24950.0,"24,950",,,,2014-06-18,4270.0,2026-09-07,2130.0,-50.117096,down,,,,,-30.278232,251.617249,-301.734345,14800.0,246.604215,False,,,15.690867,2015-06-17,7045,veteran,,,report_date_from_filename,1,1,,
"data/markdown/smic/2013-09-18_Equity Research, CJ CGV.md",smic,company,archive,2007-05-25,2007-05-25,2013-09-18,KR,CJ CGV,079160,KRX,Buy,buy,CJ CGV,16100.0,"16,100",,,,2014-06-18,29756.0,2026-09-07,5400.0,-81.8524,down,,,,,-9.243697,251.617249,-333.469648,89679.0,201.381234,True,2014-06-18,2581,201.381234,2016-01-25,7045,veteran,,,report_date_from_filename,1,1,,
"data/markdown/smic/2013-09-18_Equity Research, 국민은행.md",smic,company,archive,2007-05-26,2007-05-26,2013-09-18,KR,국민은행,060000,KRX,Buy,buy,국민은행,,,82900.0,,,2007-05-28,83200.0,2008-10-09,54500.0,-34.495192,down,0.120192,-10.697115,-25.0,-22.355769,0.0,-21.896243,-12.598949,91800.0,10.336538,,,,10.336538,2007-06-20,7044,veteran,,missing_target_price,report_date_from_filename,1,1,,
"data/markdown/smic/2013-09-18_Equity Research, 케이프.md",smic,company,archive,2007-05-26,2007-05-26,2013-09-18,KR,케이프,064820,KRX,Buy,buy,케이프,54553.0,"54,553",,,,2014-06-18,2099.0,2026-09-07,7660.0,264.935684,up,,,,,-23.015075,251.617249,13.318435,17500.0,733.730348,False,,,99.618866,2015-07-06,7044,veteran,,,report_date_from_filename,1,1,,
"data/markdown/smic/2013-09-18_Equity Research, 아비스타.md",smic,company,archive,2007-05-26,2007-05-26,2013-09-18,KR,메타랩스,090370,KRX,Buy,buy,메타랩스,,,,,,2014-06-18,141700.0,2026-09-07,1212.0,-99.144672,down,,,,,-26.322188,251.617249,-350.76192,181065.0,27.780522,,,,27.780522,2014-09-29,7044,veteran,,missing_target_price,report_date_from_filename,1,1,,
"data/markdown/smic/2013-09-18_Equity Research, 다음커뮤니케이션즈.md",smic,company,archive,2007-10-05,2007-10-05,2013-09-18,KR,카카오,035720,KRX,Buy,buy,카카오,94460.0,"94,460",,,,2014-06-18,18927.0,2026-09-07,36550.0,93.110371,up,,,,,-39.184692,251.617249,-158.506877,173000.0,814.038147,True,2021-01-22,4858,94.167063,2014-08-20,6912,veteran,,,report_date_from_filename,1,1,,
"data/markdown/smic/2013-09-18_Equity Research, 켐트로닉스.md",smic,company,archive,2007-10-05,2007-10-05,2013-09-18,KR,켐트로닉스,089010,KRX,Buy,buy,켐트로닉스,31563.0,"31,563",,,,2014-06-18,9836.0,2026-09-07,23150.0,135.359902,up,,,,,-24.346405,251.617249,-116.257346,48900.0,397.153314,True,2021-01-28,4864,26.392843,2015-03-04,6912,veteran,,,report_date_from_filename,1,1,,
"data/markdown/smic/2013-09-18_Equity Research, 성광벤드.md",smic,company,archive,2007-10-06,2007-10-06,2013-09-18,KR,성광벤드,014620,KRX,Buy,buy,성광벤드,103300.0,"103,300",,,,2014-06-18,20300.0,2026-09-07,31300.0,54.187192,up,,,,,21.553398,251.617249,-197.430057,53300.0,162.561576,False,,,5.172414,2014-07-28,6911,veteran,,,report_date_from_filename,1,1,,
data/markdown/smic/2013-09-18_smic-4771.md,smic,company,archive,2007-10-06,2007-10-06,2013-09-18,KR,아이디스홀딩스,054800,KRX,Buy,buy,아이디스홀딩스,24243.0,"24,243",,,,2014-06-18,14300.0,2026-09-07,15100.0,5.594406,up,,,,,26.890756,251.617249,-246.022843,20000.0,39.86014,False,,,39.86014,2015-07-31,6911,veteran,,,report_date_from_filename,1,2,,
"data/markdown/smic/2013-09-18_Equity Research, Exxon Mobil.md",smic,company,archive,2007-10-06,2007-10-06,2013-09-18,US,Exxon Mobil,XOM,US,Buy,buy,XOM,121.1,$121.1,47.146065,,156.8613,2007-10-08,46.795128,2026-09-04,159.964996,241.841135,up,-3.330349,1.938728,-1.901931,-12.511105,34.721803,398.512155,-156.67102,175.220694,274.442173,True,2026-01-05,6666,7.347975,2008-05-21,6911,veteran,,,report_date_from_filename,1,1,,
"data/markdown/smic/2013-09-18_Equity Research, 에스디.md",smic,company,archive,2007-10-12,2007-10-12,2013-09-18,KR,에스디,066930,KRX,Buy,buy,에스디,21093.0,"21,093",15100.0,,39.6887,2007-10-12,15100.0,2010-06-28,40000.0,164.900662,up,11.92053,1.324503,12.582781,-43.708609,0.0,-14.528434,179.429096,44750.0,196.357616,True,2009-04-13,549,172.516556,2009-08-24,6905,veteran,,,report_date_from_filename,1,1,,
"data/markdown/smic/2013-09-18_Equity Research, 와토스코리아.md",smic,company,archive,2007-10-19,2007-10-19,2013-09-18,KR,와토스코리아,012345,KRX,Buy,buy,와토스코리아,10444.0,"10,444",,,,,,,,,,,,,,,,,,,,,,,,6898,veteran,delisted,,report_date_from_filename,4,4,,
data/markdown/smic/2013-09-18_smic-4788.md,smic,company,archive,2007-11-02,2007-11-02,2013-09-18,KR,하나투어,039130,KRX,Buy,buy,하나투어,91900.0,"91,900",,,,2014-06-18,66132.0,2026-09-07,32800.0,-50.402226,down,,,,,-32.717949,251.617249,-302.019474,200252.0,202.806508,True,2015-02-03,2650,202.806508,2015-07-20,6884,veteran,,,report_date_from_filename,1,4,,
"data/markdown/smic/2013-09-18_Equity Research, 두산인프라코어.md",smic,company,archive,2007-11-02,2007-11-02,2013-09-18,KR,HD현대인프라코어,042670,KRX,Buy,buy,HD현대인프라코어,38700.0,"38,700",,,,2013-11-05,11214.0,2026-01-23,13800.0,23.06046,up,,,,,0.0,147.777728,-124.717268,18300.0,63.188871,False,,,9.042269,2013-11-05,6884,veteran,,,report_date_from_filename,1,1,,
"data/markdown/smic/2013-09-18_Equity Research, CJ인터넷.md",smic,company,archive,2007-11-03,2007-11-03,2013-09-18,KR,CJ인터넷,037150,KRX,Buy,buy,CJ인터넷,23435.0,"20,389~26,481",17950.0,,30.5571,2007-11-05,18000.0,2011-03-21,22050.0,22.5,up,-15.277778,-15.0,-8.611111,-54.888889,0.0,-0.612176,23.112176,22500.0,25.0,False,,,14.166667,2009-04-10,6883,veteran,,,report_date_from_filename,1,1,,
"data/markdown/smic/2013-09-18_Equity Research, NOKIA.md",smic,company,archive,2007-11-03,2007-10-15,2013-09-18,US,NOKIA,NOK,NYSE,Neutral,soft_buy,NOK,,,22.072395,,,2007-11-05,21.950117,2026-09-04,10.025,-54.328264,down,1.899196,-4.735387,-22.815922,-60.450042,54.945903,415.241256,-469.56952,23.467566,6.913171,,,,6.913171,2007-11-07,6883,veteran,,,report_date_from_filename,1,1,,
"data/markdown/smic/2013-09-18_Equity Research, 포휴먼.md",smic,company,archive,2007-11-09,2007-11-09,2013-09-18,KR,포휴먼,049690,KRX,Buy,buy,포휴먼,47934.5,"27,496~68,373원",37565.0,,27.6042,2007-11-09,37565.0,2011-04-22,11.0,-99.970717,down,-15.65553,-40.636231,-55.543724,-78.038067,0.0,10.417138,-110.387855,44174.0,17.593505,False,,,17.593505,2007-11-09,6877,veteran,,,report_date_from_filename,1,1,,
"data/markdown/smic/2013-09-18_Equity Research, 제이브이엠.md",smic,company,archive,2007-11-09,2007-11-09,2013-09-18,KR,제이브이엠,054950,KRX,Buy,buy,제이브이엠,58500.0,"58,500",,,,2014-06-18,32585.0,2026-09-07,23400.0,-28.187816,down,,,,,-9.477756,251.617249,-279.805065,39850.0,22.295535,False,,,10.286942,2014-07-10,6877,veteran,,,report_date_from_filename,1,2,,
"data/markdown/smic/2013-09-18_Equity Research, 팅크웨어.md",smic,company,archive,2007-11-09,2007-11-09,2013-09-18,KR,팅크웨어,084730,KRX,Buy,buy,팅크웨어,58525.0,"58,525",,,,2014-06-18,9510.0,2026-09-07,6410.0,-32.597266,down,,,,,-17.503218,251.617249,-284.214515,22800.0,139.747634,False,,,120.820189,2015-08-10,6877,veteran,,,report_date_from_filename,1,1,,
"data/markdown/smic/2013-09-18_Equity Research, 삼화왕관.md",smic,company,archive,2007-11-15,2007-11-15,2013-09-18,KR,삼화왕관,004450,KRX,Buy,buy,삼화왕관,42109.0,"42,109",,,,2014-06-18,29650.0,2026-09-07,28850.0,-2.698145,down,,,,,-1.535836,251.617249,-254.315394,73800.0,148.903879,True,2015-03-26,2688,97.976391,2015-05-14,6871,veteran,,,report_date_from_filename,1,1,,
"data/markdown/smic/2013-09-18_Equity Research, 프롬써어티.md",smic,company,archive,2007-11-16,2007-11-16,2013-09-18,KR,리튬포어스,073570,KRX,Buy,buy,리튬포어스,12669.0,"8,373~16,965",,,,2014-06-18,83532.0,2026-09-07,1750.0,-97.904994,down,,,,,-59.714549,251.617249,-349.522243,170797.0,104.468946,True,2014-06-18,2406,23.8675,2015-01-06,6870,veteran,,,report_date_from_filename,1,1,,
"data/markdown/smic/2013-09-18_Equity Research, 아모레퍼시픽.md",smic,company,archive,2007-11-17,2007-11-17,2013-09-18,KR,아모레퍼시픽,090430,KRX,Buy,buy,아모레퍼시픽,779200.0,"779,200원",,,,2014-06-18,148538.0,2026-09-07,140800.0,-5.209441,down,,,,,17.824268,251.617249,-256.82669,455500.0,206.655536,False,,,206.655536,2015-07-02,6869,veteran,,,report_date_from_filename,1,1,,
data/markdown/smic/2013-09-18_smic-4812.md,smic,company,archive,2007-11-23,2007-11-23,2013-09-18,KR,하나투어,039130,KRX,Buy,buy,하나투어,93151.0,"93,151",,,,2014-06-18,66132.0,2026-09-07,32800.0,-50.402226,down,,,,,-32.717949,251.617249,-302.019474,200252.0,202.806508,True,2015-02-04,2630,202.806508,2015-07-20,6863,veteran,,,report_date_from_filename,2,4,,
"data/markdown/smic/2013-09-18_Equity Research, 씨모텍.md",smic,company,archive,2008-04-01,2008-04-01,2013-09-18,KR,씨모텍,081090,KRX,Strong Buy,buy,씨모텍,61511.0,"61,511원",20499.0,,200.0683,2008-04-01,20499.0,2011-09-22,17.0,-99.917069,down,19.766818,-49.612176,-68.413093,-67.754525,0.0,5.77471,-105.691779,25305.0,23.445046,False,,,23.445046,2008-04-30,6733,veteran,,,report_date_from_filename,1,1,,
"data/markdown/smic/2013-09-18_Equity Research, 풀무원.md",smic,company,archive,2008-04-04,2008-04-04,2013-09-18,KR,풀무원,017810,KRX,Buy,buy,풀무원,56562.0,"56,562",,,,2014-06-18,11400.0,2026-09-07,9420.0,-17.368421,down,,,,,-27.202473,251.617249,-268.98567,26900.0,135.964912,False,,,135.964912,2015-07-24,6730,veteran,,,report_date_from_filename,1,1,,
"data/markdown/smic/2013-09-18_Equity Research, 올리브나인.md",smic,company,archive,2008-04-04,2008-04-04,2013-09-18,KR,올리브나인,052970,KRX,Buy,buy,올리브나인,,,21241.0,,,2008-04-04,21241.0,2010-10-19,15.0,-99.929382,down,-7.466692,-28.572101,-31.490984,-66.559955,0.0,5.141835,-105.071217,23171.0,9.086201,,,,9.086201,2008-04-22,6730,veteran,,missing_target_price,report_date_from_filename;target_price_suspect,1,1,,
"data/markdown/smic/2013-09-18_Equity Research, 토필드.md",smic,company,archive,2008-04-04,2008-04-04,2013-09-18,KR,푸른소나무,057880,KRX,Buy,buy,푸른소나무,21100.0,"21,100",,,,2013-11-01,9213.0,2026-01-21,6.0,-99.934875,down,,,,,-99.931741,140.751292,-240.686167,46074.0,400.097688,True,2016-06-13,2992,29.751438,2015-03-05,6730,veteran,,,report_date_from_filename,1,1,,
"data/markdown/smic/2013-09-18_Equity Research, 포스렉.md",smic,company,archive,2008-04-05,2008-04-05,2013-09-18,KR,포스코퓨처엠,003670,KRX,Buy,buy,포스코퓨처엠,,,1111.0,1111,,2014-06-18,14330.0,2026-09-07,182600.0,1174.249826,up,,,,,-2.352941,251.617249,922.632577,672704.0,4594.375436,,,,3.991626,2014-06-19,6729,veteran,,missing_target_price,report_date_from_filename;target_price_suspect,1,4,,
"data/markdown/smic/2013-09-18_Equity Research, 코텍.md",smic,company,archive,2008-04-11,2008-04-11,2013-09-18,KR,코텍,052330,KRX,Buy,buy,코텍,11426.0,"11,426",,,,2014-06-18,11445.0,2026-09-07,11880.0,3.800786,up,,,,,31.707317,251.617249,-247.816462,19550.0,70.816951,True,2014-06-18,2259,42.437746,2015-07-22,6723,veteran,,,report_date_from_filename,1,2,,
"data/markdown/smic/2013-09-18_Equity Research, KT&G.md",smic,company,archive,2008-04-12,2008-04-05,2013-09-18,KR,포스코퓨처엠,003670,KRX,Buy,buy,포스코퓨처엠,87139.0,"87,139",,,,2014-06-18,14330.0,2026-09-07,182600.0,1174.249826,up,,,,,-2.352941,251.617249,922.632577,672704.0,4594.375436,True,2020-08-07,4500,3.991626,2014-06-19,6722,veteran,,,report_date_from_filename,2,4,,
"data/markdown/smic/2013-09-18_Equity Research, 디씨엠.md",smic,company,archive,2008-04-19,2008-04-19,2013-09-18,KR,디씨엠,024090,KRX,Buy,buy,디씨엠,12173.0,₩12173,,,,2014-06-18,11650.0,2026-09-07,11640.0,-0.085837,down,,,,,-6.88,251.617249,-251.703086,33150.0,184.549356,True,2014-07-07,2270,78.111588,2015-07-02,6715,veteran,,,report_date_from_filename,1,1,,
"data/markdown/smic/2013-09-18_Equity Research, 웅진코웨이.md",smic,company,archive,2008-04-23,2008-04-23,2013-09-18,KR,코웨이,021240,KRX,Hold,soft_buy,코웨이,28867.0,"25,438~32,296",,,,2014-06-18,82000.0,2026-09-07,97700.0,19.146341,up,,,,,12.428078,251.617249,-232.470907,114700.0,39.878049,True,2014-06-18,2247,38.414634,2016-06-09,6711,veteran,,,report_date_from_filename,1,2,,
"data/markdown/smic/2013-09-18_Equity Research, 우리파이낸셜.md",smic,company,archive,2008-05-02,2008-05-02,2013-09-18,KR,KB캐피탈,021960,KRX,Hold,soft_buy,KB캐피탈,12050.0,"12,050",12050.0,,0.0,2008-05-02,12050.0,2017-07-20,30150.0,150.207469,up,-4.564315,-21.991701,-63.983402,-56.182573,0.0,32.114897,118.092572,31450.0,160.995851,True,2008-05-06,4,13.692946,2008-06-30,6702,veteran,,,report_date_from_filename,1,1,,
"data/markdown/smic/2013-09-18_Equity Research, 오스템임플란트.md",smic,company,archive,2008-05-02,2008-05-02,2013-09-18,KR,오스템임플란트,048260,KRX,Buy,buy,오스템임플란트,36474.0,"36,474",,,,2011-06-15,81480.0,2023-08-11,1900000.0,2231.860579,up,,,,,0.0,24.189923,2207.670656,1902000.0,2234.315169,True,2011-06-15,1139,305.854197,2013-03-13,6702,veteran,,,report_date_from_filename,1,2,,
"data/markdown/smic/2013-09-18_Equity Research, 국보디자인.md",smic,company,archive,2008-05-03,2008-05-03,2013-09-18,KR,국보디자인,066620,KRX,Buy,buy,국보디자인,5032.0,"₩5,032",,,,2014-06-18,17300.0,2026-09-07,25800.0,49.132948,up,,,,,10.25641,251.617249,-202.484301,31400.0,81.50289,True,2014-06-18,2237,55.202312,2015-07-17,6701,veteran,,,report_date_from_filename,1,1,,
"data/markdown/smic/2013-09-18_Equity Research, 금호산업.md",smic,company,archive,2008-05-09,2008-05-09,2013-09-18,KR,금호건설,002990,KRX,Sell,sell,금호건설,24653.0,"24,653",,,,2014-06-18,10450.0,2026-09-07,16110.0,54.162679,up,,,,,303.759398,251.617249,-197.454569,33700.0,222.488038,True,2014-11-18,2384,222.488038,2015-02-27,6695,veteran,,,report_date_from_filename,1,1,,
"data/markdown/smic/2013-09-18_Equity Research, 무학.md",smic,company,archive,2008-05-09,2008-05-09,2013-09-18,KR,무학,033920,KRX,Buy,buy,무학,7646.0,"7,646",,,,2014-06-18,30165.0,2026-09-07,7730.0,-74.374275,down,,,,,-18.201058,251.617249,-325.991523,65184.0,116.091497,True,2014-06-18,2231,116.091497,2015-07-15,6695,veteran,,,report_date_from_filename,1,2,,
"data/markdown/smic/2013-09-18_Equity Research, 아모텍.md",smic,company,archive,2008-05-09,2008-05-09,2013-09-18,KR,아모텍,052710,KRX,Hold,soft_buy,아모텍,10039.0,"10,039",,,,2014-06-18,6134.0,2026-09-07,11200.0,82.588849,up,,,,,27.868478,251.617249,-169.0284,32339.0,427.208999,True,2015-01-09,2436,142.777959,2015-03-02,6695,veteran,,,report_date_from_filename,1,1,,
"data/markdown/smic/2013-09-18_Equity Research, 세원셀론텍.md",smic,company,archive,2008-05-09,2008-05-09,2013-09-18,KR,세원이앤씨,091090,KRX,Buy,buy,세원이앤씨,10826.0,"10,826",,,,2013-08-01,7950.0,2025-10-24,121.0,-98.477987,down,,,,,0.0,105.212054,-203.690041,19425.0,144.339623,True,2015-05-14,2561,112.327044,2015-07-29,6695,veteran,,,report_date_from_filename,1,1,,
"data/markdown/smic/2013-09-18_Equity Research, 고려아연.md",smic,company,archive,2008-05-10,2008-05-10,2013-09-18,KR,고려아연,010130,KRX,Buy,buy,고려아연,133191.0,133191,,,,2014-06-18,358000.0,2026-09-07,1224000.0,241.899441,up,,,,,-6.990881,251.617249,-9.717807,2407000.0,572.346369,True,2014-06-18,2230,59.217877,2015-10-12,6694,veteran,,,report_date_from_filename,1,2,,
"data/markdown/smic/2013-09-18_Equity Research, 서흥캅셀.md",smic,company,archive,2008-05-16,2008-05-16,2013-09-18,KR,서흥,008490,KRX,Strong Buy,buy,서흥,8777.0,"8,777",,,,2014-06-18,42300.0,2026-09-07,21300.0,-49.64539,down,,,,,-1.616628,251.617249,-301.262639,61900.0,46.335697,True,2014-06-18,2224,46.335697,2014-11-04,6688,veteran,,,report_date_from_filename,1,2,,
"data/markdown/smic/2013-09-18_Equity Research, 대원미디어.md",smic,company,archive,2008-05-16,2008-05-16,2013-09-18,KR,대원미디어,048910,KRX,Buy,buy,대원미디어,5584.0,"5,584",,,,2014-06-18,4970.0,2026-09-07,6570.0,32.193159,up,,,,,-16.835443,251.617249,-219.42409,55700.0,1020.724346,True,2014-07-03,2239,163.581489,2015-07-28,6688,veteran,,,report_date_from_filename,1,1,,
"data/markdown/smic/2013-09-18_Equity Research, GS건설.md",smic,company,archive,2008-06-20,2008-06-20,2013-09-18,KR,GS건설,006360,KRX,Buy,buy,GS건설,138828.0,"138,828",,,,2014-06-18,32750.0,2026-09-07,35200.0,7.480916,up,,,,,78.680203,251.617249,-244.136333,56500.0,72.519084,False,,,24.427481,2014-07-29,6653,veteran,,,report_date_from_filename,1,1,,
"data/markdown/smic/2013-09-18_Equity Research, 한국카본.md",smic,company,archive,2008-10-10,2008-10-10,2013-09-18,KR,한국카본,017960,KRX,Buy,buy,한국카본,7967.0,"7,967",,,,2014-06-18,7900.0,2026-09-07,22600.0,186.075949,up,,,,,-24.288107,251.617249,-65.541299,54100.0,584.810127,True,2014-06-18,2077,14.936709,2015-05-29,6541,veteran,,,report_date_from_filename,1,3,,
"data/markdown/smic/2013-09-18_Equity Research, 희림.md",smic,company,archive,2008-10-10,2008-10-10,2013-09-18,KR,희림,037440,KRX,Buy,buy,희림,10054.0,"10,054",,,,2014-06-18,5660.0,2026-09-07,4340.0,-23.321555,down,,,,,-5.95883,251.617249,-274.938803,14850.0,162.367491,True,2021-04-23,4578,36.042403,2016-05-03,6541,veteran,,,report_date_from_filename,1,1,,
"data/markdown/smic/2013-09-18_Equity Research, 휴스틸.md",smic,company,archive,2008-10-11,2008-10-11,2013-09-18,KR,휴스틸,005010,KRX,Buy,buy,휴스틸,21982.0,"21,982",16250.0,"16,250원",,2014-06-18,3559.0,2026-09-07,3870.0,8.73841,up,,,,,-3.370787,251.617249,-242.878839,8210.0,130.682776,False,,,21.719584,2015-05-15,6540,veteran,,,report_date_from_filename,1,2,,
"data/markdown/smic/2013-09-18_Equity Research, 동화약품공업.md",smic,company,archive,2008-10-17,2008-10-17,2013-09-18,KR,동화약품,000020,KRX,Buy,buy,동화약품,,,,,,2014-06-18,5740.0,2026-09-07,5220.0,-9.059233,down,,,,,-16.48,251.617249,-260.676482,34450.0,500.174216,,,,113.414634,2015-07-07,6534,veteran,,missing_target_price,report_date_from_filename,1,1,,
"data/markdown/smic/2013-09-18_Equity Research, 텔레칩스.md",smic,company,archive,2008-10-17,2008-10-17,2013-09-18,KR,텔레칩스,054450,KRX,Buy,buy,텔레칩스,9538.0,"9,538",,,,2014-06-18,2995.0,2026-09-07,9450.0,215.525876,up,,,,,-40.863579,251.617249,-36.091372,38550.0,1187.145242,True,2016-07-18,2831,213.155259,2016-05-24,6534,veteran,,,report_date_from_filename,1,1,,
"data/markdown/smic/2013-09-18_Equity Research, 슈프리마.md",smic,company,archive,2008-10-18,2008-10-18,2013-09-18,KR,슈프리마에이치큐,094840,KRX,Buy,buy,슈프리마에이치큐,41139.0,"41,139",,,,2014-06-18,13712.0,2026-09-07,11960.0,-12.77713,down,,,,,75.624082,251.617249,-264.394378,20613.0,50.32818,False,,,50.32818,2014-10-08,6533,veteran,,,report_date_from_filename,1,1,,
"data/markdown/smic/2013-09-18_Equity Research, 웅진씽크빅.md",smic,company,archive,2008-10-31,2008-10-31,2013-09-18,KR,웅진씽크빅,095720,KRX,Hold,soft_buy,웅진씽크빅,16450.0,"₩16,450",,,,2014-06-18,12294.0,2026-09-07,1317.0,-89.287457,down,,,,,-48.514464,251.617249,-340.904706,25460.0,107.092891,True,2015-04-06,2348,107.092891,2016-02-16,6520,veteran,,,report_date_from_filename,1,2,,
data/markdown/smic/2013-09-18_smic-4955.md,smic,company,archive,2008-11-06,2008-11-06,2013-09-18,KR,에스원,012750,KRX,Buy,buy,에스원,65800.0,"₩65,800",,,,2014-06-18,77300.0,2026-09-07,79100.0,2.32859,up,,,,,9.708738,251.617249,-249.288659,116500.0,50.711514,True,2014-06-18,2050,39.715395,2015-12-21,6514,veteran,,,report_date_from_filename,1,3,,
"data/markdown/smic/2013-09-18_Equity Research, S-Oil.md",smic,company,archive,2008-11-07,2008-11-07,2013-09-18,KR,S-Oil,010950,KRX,Buy,buy,S-Oil,77349.0,"77,349",,,,2014-06-18,56800.0,2026-09-07,157600.0,177.464789,up,,,,,89.879518,251.617249,-74.15246,177100.0,211.795775,True,2015-04-16,2351,72.887324,2016-04-01,6513,veteran,,,report_date_from_filename,1,4,,
"data/markdown/smic/2013-09-18_Equity Research, 오뚜기.md",smic,company,archive,2008-11-08,2008-11-08,2013-09-18,KR,휴스틸,005010,KRX,Buy,buy,휴스틸,206700.0,"206,700",,,,2014-06-18,3559.0,2026-09-07,3870.0,8.73841,up,,,,,-3.370787,251.617249,-242.878839,8210.0,130.682776,False,,,21.719584,2015-05-15,6512,veteran,,,report_date_from_filename,2,2,,
"data/markdown/smic/2013-09-18_Equity Research, LS산전.md",smic,company,archive,2008-11-14,2008-11-14,2013-09-18,KR,S-Oil,010950,KRX,Buy,buy,S-Oil,39649.0,"39,649",,,,2014-06-18,56800.0,2026-09-07,157600.0,177.464789,up,,,,,89.879518,251.617249,-74.15246,177100.0,211.795775,True,2014-06-18,2042,72.887324,2016-04-01,6506,veteran,,,report_date_from_filename,2,4,,
"data/markdown/smic/2013-09-18_Equity Research, 하이록코리아.md",smic,company,archive,2008-11-15,2008-11-15,2013-09-18,KR,하이록코리아,013030,KRX,Buy,buy,하이록코리아,6938.0,"6,938",,,,2014-06-18,30850.0,2026-09-07,33800.0,9.562399,up,,,,,9.918699,251.617249,-242.05485,48100.0,55.915721,True,2014-06-18,2041,33.225284,2015-05-18,6505,veteran,,,report_date_from_filename,1,1,,
"data/markdown/smic/2013-09-18_Equity Research, 리노공업.md",smic,company,archive,2008-11-15,2008-11-15,2013-09-18,KR,리노공업,058470,KRX,Buy,buy,리노공업,18200.0,"₩18,200",,,,2014-06-18,6006.0,2026-09-07,68400.0,1038.861139,up,,,,,13.432836,251.617249,787.24389,129000.0,2047.852148,True,2020-02-17,4111,83.016983,2015-05-20,6505,veteran,,,report_date_from_filename,1,2,,
"data/markdown/smic/2013-09-18_Equity Research, 알에프세미.md",smic,company,archive,2008-11-15,2008-11-15,2013-09-18,KR,알에프세미,096610,KRX,Buy,buy,알에프세미,4880.0,"4,880",,,,2014-06-13,8430.0,2026-09-02,195.0,-97.686833,down,,,,,-93.423272,229.644122,-327.330955,29450.0,249.347568,True,2014-06-13,2036,16.251483,2015-01-06,6505,veteran,,,report_date_from_filename,1,1,,
"data/markdown/smic/2013-09-18_Equity Research, 나우콤.md",smic,company,archive,2009-04-03,2009-04-03,2013-09-18,KR,신한인터내쇼날,012300,KRX,Sell,sell,신한인터내쇼날,3789.0,"3,789",,,,,,,,,,,,,,,,,,,,,,,,6366,veteran,delisted,,report_date_from_filename,1,1,,
"data/markdown/smic/2013-09-18_Equity Research, 경인양행.md",smic,company,archive,2009-04-04,2009-04-04,2013-09-18,KR,경인양행,012610,KRX,Buy,buy,경인양행,20887.0,"20,887",,,,2014-06-18,6270.0,2026-09-07,3145.0,-49.84051,down,,,,,-35.487179,251.617249,-301.457759,11000.0,75.438596,False,,,29.186603,2014-08-22,6365,veteran,,,ocr_fallback;report_date_from_filename,1,1,,
"data/markdown/smic/2013-09-18_Equity Research, 예스이십사.md",smic,company,archive,2009-04-04,2009-04-04,2013-09-18,KR,예스24,053280,KRX,Buy,buy,예스24,8510.0,"8,510",,,,2014-06-18,3547.0,2026-09-07,3110.0,-12.320271,down,,,,,-15.945946,251.617249,-263.937519,20400.0,475.133916,True,2015-05-14,2231,237.552862,2015-07-17,6365,veteran,,,report_date_from_filename,1,1,,
"data/markdown/smic/2013-09-18_Equity Research, 고영테크놀러지.md",smic,company,archive,2009-04-04,2009-04-04,2013-09-18,KR,고영,098460,KRX,Buy,buy,고영,13100.0,"13,100",,,,2014-06-18,4840.0,2026-09-07,28100.0,480.578512,up,,,,,22.707424,251.617249,228.961264,45000.0,829.752066,True,2017-07-20,3029,101.446281,2015-01-29,6365,veteran,,,report_date_from_filename,1,2,,
"data/markdown/smic/2013-09-18_Equity Research, 동원산업.md",smic,company,archive,2009-04-11,2009-04-11,2013-09-18,KR,동원산업,006040,KRX,Buy,buy,동원산업,160191.0,"160,191",,,,2014-06-18,56195.0,2026-09-07,37800.0,-32.734229,down,,,,,-9.785203,251.617249,-284.351478,72745.0,29.451019,False,,,29.451019,2014-08-27,6358,veteran,,,report_date_from_filename,1,1,,
"data/markdown/smic/2013-09-18_Equity Research, 호텔신라.md",smic,company,archive,2009-04-11,2009-04-11,2013-09-18,KR,호텔신라,008770,KRX,Buy,buy,호텔신라,20150.0,"20,150",,,,2014-06-18,90700.0,2026-09-07,42650.0,-52.976847,down,,,,,-4.372197,251.617249,-304.594095,143000.0,57.662624,True,2014-06-18,1894,57.662624,2015-07-13,6358,veteran,,,report_date_from_filename,1,1,,
"data/markdown/smic/2013-09-18_Equity Research, KCI.md",smic,company,archive,2009-04-11,2009-04-11,2013-09-18,KR,삼양케이씨아이,036670,KRX,Buy,buy,삼양케이씨아이,5440.0,"5,440",,,,2014-06-18,11500.0,2026-09-07,5070.0,-55.913043,down,,,,,-21.517028,251.617249,-307.530292,17000.0,47.826087,True,2014-06-18,1894,47.826087,2015-04-22,6358,veteran,,,report_date_from_filename,1,1,,
"data/markdown/smic/2013-09-18_Equity Research, 아트라스BX.md",smic,company,archive,2009-04-17,2009-04-17,2013-09-18,KR,한국아트라스비엑스,023890,KRX,Buy,buy,한국아트라스비엑스,29133.0,"29,133",19200.0,,51.7344,2009-04-17,19200.0,2021-04-16,62200.0,223.958333,up,-2.604167,-19.53125,-11.197917,-16.40625,0.0,140.678706,83.279628,75200.0,291.666667,True,2011-01-27,650,81.510417,2011-04-15,6352,veteran,,,report_date_from_filename,1,2,,
"data/markdown/smic/2013-09-18_Equity Research, 청담러닝.md",smic,company,archive,2009-04-17,2009-04-17,2013-09-18,KR,청담러닝,096235,KRX,Buy,buy,청담러닝,29400.0,"29,400",,,,,,,,,,,,,,,,,,,,,,,,6352,veteran,delisted,,report_date_from_filename,1,1,,
"data/markdown/smic/2013-09-18_Equity Research, 바이오스페이스.md",smic,company,archive,2009-05-09,2009-05-09,2013-09-18,KR,인바디,041830,KRX,Sell,sell,인바디,7250.0,"7,250",7450.0,"7,450원",,2014-06-18,15700.0,2026-09-07,60000.0,282.165605,up,,,,,83.206107,251.617249,30.548356,73500.0,368.152866,True,2014-06-18,1866,279.617834,2016-01-07,6330,veteran,,,report_date_from_filename,1,2,,
"data/markdown/smic/2013-09-18_Equity Research, 삼영이엔씨.md",smic,company,archive,2009-05-09,2009-05-09,2013-09-18,KR,삼영이엔씨,065570,KRX,Buy,buy,삼영이엔씨,10638.0,"10,638",,,,2014-06-18,8860.0,2026-09-07,764.0,-91.376975,down,,,,,0.0,251.617249,-342.994224,13700.0,54.62754,True,2016-07-07,2616,19.074492,2015-06-17,6330,veteran,,,report_date_from_filename,1,1,,
"data/markdown/smic/2013-09-18_Equity Research, 우리이티아이.md",smic,company,archive,2009-05-09,2009-05-09,2013-09-18,KR,우리바이오,082850,KRX,Sell,sell,우리바이오,9137.0,"9,137",,,,2014-06-18,11725.0,2026-09-07,5830.0,-50.277186,down,,,,,-42.702703,251.617249,-301.894434,50500.0,330.703625,True,2014-06-18,1866,51.172708,2015-11-12,6330,veteran,,,report_date_from_filename,1,1,,
"data/markdown/smic/2013-09-18_Equity Research, 선광.md",smic,company,archive,2009-05-16,2009-05-16,2013-09-18,KR,선광,003100,KRX,Buy,buy,선광,31657.0,"31,657",,,,2014-06-18,18000.0,2026-09-07,21100.0,17.222222,up,,,,,9.156751,251.617249,-234.395026,172000.0,855.555556,True,2021-04-13,4350,59.444444,2015-05-20,6323,veteran,,,report_date_from_filename,1,1,,
"data/markdown/smic/2013-09-18_Equity Research, 태경산업.md",smic,company,archive,2009-05-16,2009-04-23,2013-09-18,KR,태경산업,015890,KRX,Buy,buy,태경산업,7081.0,7.081,,,,2014-06-18,6450.0,2026-09-07,4775.0,-25.968992,down,,,,,-3.535354,251.617249,-277.586241,11600.0,79.844961,True,2015-06-23,2229,10.387597,2015-06-23,6323,veteran,,,report_date_from_filename,1,1,,
"data/markdown/smic/2013-09-18_Equity Research, 퍼시스.md",smic,company,archive,2009-05-21,2009-05-21,2013-09-18,KR,퍼시스,016800,KRX,Buy,buy,퍼시스,56821.0,"56,821",,,,2014-06-18,31700.0,2026-09-07,27150.0,-14.353312,down,,,,,-41.675618,251.617249,-265.970561,67900.0,114.195584,True,2021-04-23,4355,23.028391,2015-07-16,6318,veteran,,,report_date_from_filename,1,1,,
"data/markdown/smic/2013-09-18_Equity Research, 케이피에프.md",smic,company,archive,2009-05-21,2009-05-21,2013-09-18,KR,케이피에프,024880,KRX,Buy,buy,케이피에프,10050.0,"10,050",,,,2014-06-18,5140.0,2026-09-07,3875.0,-24.610895,down,,,,,-25.6238,251.617249,-276.228144,10750.0,109.143969,True,2022-08-11,4830,4.863813,2014-06-20,6318,veteran,,,report_date_from_filename,1,1,,
data/markdown/smic/2013-09-18_smic-5064.md,smic,company,archive,2009-10-10,2009-10-10,2013-09-18,KR,하나투어,039130,KRX,Buy,buy,하나투어,46450.0,"46,450원",41300.0,"41,300 원",13.0,2014-06-18,66132.0,2026-09-07,32800.0,-50.402226,down,,,,,-32.717949,251.617249,-302.019474,200252.0,202.806508,True,2014-06-18,1712,202.806508,2015-07-20,6176,veteran,,,report_date_from_filename,3,4,,
"data/markdown/smic/2013-09-18_Equity Research, 인선ENT.md",smic,company,archive,2009-10-10,2009-10-10,2013-09-18,KR,인선이엔티,060150,KRX,Buy,buy,인선이엔티,9612.0,"9,612원",6720.0,"6,720원",43.0,2014-06-18,3475.0,2026-09-07,3010.0,-13.381295,down,,,,,-32.962138,251.617249,-264.998544,15000.0,331.654676,True,2019-04-09,3468,115.539568,2015-07-17,6176,veteran,,,report_date_from_filename,1,3,,
"data/markdown/smic/2013-09-18_Equity Research, 한솔제지.md",smic,company,archive,2009-10-16,2009-10-16,2013-09-18,KR,한솔홀딩스,004150,KRX,Buy,buy,한솔홀딩스,14642.0,"14,642원",12450.0,"12,450원",18.0,2014-06-18,7704.0,2026-09-07,3555.0,-53.85514,down,,,,,15.048544,251.617249,-305.472389,11952.0,55.140187,False,,,55.140187,2015-05-26,6170,veteran,,,report_date_from_filename,1,1,,
"data/markdown/smic/2013-09-18_Equity Research, 한전KPS.md",smic,company,archive,2009-10-17,2009-10-17,2013-09-18,KR,한전KPS,051600,KRX,Buy,buy,한전KPS,41690.0,"41,690원",32600.0,"32,600원",27.0,2014-06-18,69800.0,2026-09-07,47350.0,-32.163324,down,,,,,-4.246714,251.617249,-283.780572,135500.0,94.126074,True,2014-06-18,1705,94.126074,2015-09-08,6169,veteran,,,report_date_from_filename,1,2,,
"data/markdown/smic/2013-09-18_Equity Research, 경농.md",smic,company,archive,2009-10-23,2009-10-23,2013-09-18,KR,경농,002100,KRX,Buy,buy,경농,9034.0,"9,034원",4170.0,"4,170원",117.0,2014-06-18,6340.0,2026-09-07,9330.0,47.160883,up,,,,,0.214823,251.617249,-204.456365,24350.0,284.069401,True,2018-05-02,3113,3.470032,2014-06-23,6163,veteran,,,report_date_from_filename,1,1,,
"data/markdown/smic/2013-09-18_Equity Research, 농심.md",smic,company,archive,2009-10-23,2009-10-23,2013-09-18,KR,농심,004370,KRX,Hold,soft_buy,농심,278986.0,"278,986원",242000.0,"242,000원",,2014-06-18,295500.0,2026-09-07,415000.0,40.439932,up,,,,,-4.046243,251.617249,-211.177316,599000.0,102.707276,True,2014-06-18,1699,82.741117,2016-01-22,6163,veteran,,,ocr_fallback;report_date_from_filename,1,1,,
"data/markdown/smic/2013-09-18_Equity Research, Victek.md",smic,company,archive,2009-10-23,2009-10-23,2013-09-18,KR,빅텍,065450,KRX,Buy,buy,빅텍,3267.0,"3,267원",2470.0,"2,470원",32.0,2014-06-18,1595.0,2026-09-07,2770.0,73.667712,up,,,,,-21.306818,251.617249,-177.949537,14850.0,831.034483,True,2016-02-11,2302,184.952978,2016-02-12,6163,veteran,,,report_date_from_filename,1,1,,
"data/markdown/smic/2013-09-18_Equity Research, 메디톡스.md",smic,company,archive,2009-10-23,2009-10-23,2013-09-18,KR,메디톡스,086900,KRX,Buy,buy,메디톡스,34500.0,"34,500원",21300.0,"21,300원",61.9,2014-06-18,105494.0,2026-09-07,69400.0,-34.214268,down,,,,,-42.549669,251.617249,-285.831517,679934.0,544.523859,True,2014-06-18,1699,371.885605,2015-06-18,6163,veteran,,,report_date_from_filename,1,1,,
"data/markdown/smic/2013-09-18_Equity Research, 대한제분.md",smic,company,archive,2009-11-06,2009-11-06,2013-09-18,KR,대한제분,001130,KRX,Buy,buy,대한제분,246100.0,"246,100원",134000.0,"134,000원",83.66,2014-06-18,16500.0,2026-09-07,11630.0,-29.515152,down,,,,,-20.396988,251.617249,-281.1324,27450.0,66.363636,False,,,66.363636,2015-08-06,6149,veteran,,,report_date_from_filename,1,1,,
"data/markdown/smic/2013-09-18_Equity Research, 현대차.md",smic,company,archive,2009-11-06,2009-11-06,2013-09-18,KR,현대차,005380,KRX,Hold,soft_buy,현대차,92746.0,"92,746원",104500.0,"104,500원",-11.0,2014-06-18,226000.0,2026-09-07,393000.0,73.893805,up,,,,,32.546374,251.617249,-177.723443,783000.0,246.460177,True,2014-06-18,1685,9.292035,2014-07-31,6149,veteran,,,report_date_from_filename,1,2,,
"data/markdown/smic/2013-09-18_Equity Research, 한농화성.md",smic,company,archive,2009-11-06,2009-11-06,2013-09-18,KR,한농화성,011500,KRX,Buy,buy,한농화성,6399.0,"6,399원",3600.0,"3,600원",78.0,2014-06-18,4450.0,2026-09-07,13300.0,198.876404,up,,,,,-10.135135,251.617249,-52.740844,31850.0,615.730337,True,2016-09-27,2517,9.775281,2015-04-22,6149,veteran,,,report_date_from_filename,1,1,,
"data/markdown/smic/2013-09-18_Equity Research, 바이오랜드.md",smic,company,archive,2009-11-13,2009-11-13,2013-09-18,KR,현대바이오랜드,052260,KOSDAQ,Buy,buy,현대바이오랜드,15522.0,"15,522원",13000.0,"13,000원",19.4,2014-06-18,8150.0,2026-09-07,3965.0,-51.349693,down,,,,,-7.683353,53.093753,-104.443446,24425.0,199.693252,True,2015-05-20,2014,169.93865,2015-06-16,6142,veteran,,,report_date_from_filename,1,2,,
"data/markdown/smic/2013-09-18_Equity Research, 넥센타이어.md",smic,company,archive,2009-11-14,2009-11-14,2013-09-18,KR,넥센타이어,002350,KRX,Buy,buy,넥센타이어,9120.0,"9,120원",6400.0,"6,400원",42.5,2014-06-18,16200.0,2026-09-07,5990.0,-63.024691,down,,,,,-20.451527,251.617249,-314.64194,17650.0,8.950617,True,2014-06-18,1677,8.950617,2014-07-23,6141,veteran,,,report_date_from_filename,1,2,,
"data/markdown/smic/2013-09-18_Equity Research, STX엔진.md",smic,company,archive,2009-11-14,2008-09-29,2013-09-18,KR,STX엔진,077970,KRX,Buy,buy,STX엔진,49000.0,"49,000원",,,192.0,2014-06-18,12200.0,2026-09-07,23850.0,95.491803,up,,,,,-29.852941,251.617249,-156.125445,67700.0,454.918033,True,2025-09-05,5774,51.639344,2015-05-11,6141,veteran,,,report_date_from_filename,1,1,,
"data/markdown/smic/2013-09-18_Equity Research, 동국S&C.md",smic,company,archive,2009-11-14,2009-11-14,2013-09-18,KR,동국S&C,100130,KRX,Buy,buy,동국S&C,16523.0,"16,523원",10850.0,"10,850원",52.0,2014-06-18,4700.0,2026-09-07,1357.0,-71.12766,down,,,,,-33.480392,251.617249,-322.744908,11250.0,139.361702,False,,,46.170213,2016-06-08,6141,veteran,,,report_date_from_filename,1,1,,
"data/markdown/smic/2013-09-18_Equity Research, 한샘.md",smic,company,archive,2010-04-03,2010-04-03,2013-09-18,KR,한샘,009240,KRX,Buy,buy,한샘,17125.0,"17,125원",12400.0,"12,400원",37.0,2014-06-18,77500.0,2026-09-07,38200.0,-50.709677,down,,,,,-17.226436,251.617249,-302.326926,347000.0,347.741935,True,2014-06-18,1537,347.741935,2015-08-10,6001,veteran,,,report_date_from_filename,1,2,,
"data/markdown/smic/2013-09-18_Equity Research, 신세계푸드.md",smic,company,archive,2010-04-03,2010-04-03,2013-09-18,KR,신세계푸드,031440,KRX,Buy,buy,신세계푸드,96923.0,"96,923원",80500.0,"80,500원",20.0,2014-05-20,74000.0,2026-08-10,38150.0,-48.445946,down,,,,,-20.354906,213.219574,-261.66552,250000.0,237.837838,True,2014-07-18,1567,237.837838,2015-08-10,6001,veteran,,,report_date_from_filename,1,2,,
"data/markdown/smic/2013-09-18_Equity Research, CJ오쇼핑.md",smic,company,archive,2010-04-03,2010-04-03,2013-09-18,KR,CJ ENM,035760,KOSDAQ,Buy,buy,CJ ENM,78502.0,"78,502원",67700.0,"67,700원",16.0,2014-06-18,338900.0,2026-09-07,33600.0,-90.085571,down,,,,,-47.987616,53.093753,-143.179324,407600.0,20.271467,True,2014-06-18,1537,20.271467,2014-07-31,6001,veteran,,,report_date_from_filename,1,1,,
"data/markdown/smic/2013-09-18_Equity Research, 하이트맥주.md",smic,company,archive,2010-04-03,2010-04-03,2013-09-18,KR,하이트맥주,103150,KRX,Buy,buy,하이트맥주,181500.0,"181,500원",141000.0,"141,000원",28.7234,,,,,,,,,,,,,,,,,,,,,6001,veteran,delisted,,report_date_from_filename,1,1,,
"data/markdown/smic/2013-09-18_Equity Research, 대한항공.md",smic,company,archive,2010-04-16,2010-04-16,2013-09-18,KR,대한항공,003490,KRX,Buy,buy,대한항공,81900.0,"81,900원",67500.0,"67,500원",21.0,2014-06-18,18965.0,2026-09-07,30350.0,60.031637,up,,,,,34.5898,251.617249,-191.585611,35100.0,85.077775,False,,,75.496968,2015-04-09,5988,veteran,,,report_date_from_filename,1,1,,
"data/markdown/smic/2013-09-18_Equity Research, 네오피델리티.md",smic,company,archive,2010-04-16,2010-04-16,2013-09-18,KR,엔시트론,101400,KRX,Hold,soft_buy,엔시트론,15399.0,"15,399원",11700.0,"11,700원",32.0,2014-06-18,24822.0,2026-09-07,1685.0,-93.211667,down,,,,,-8.672087,251.617249,-344.828916,45030.0,81.411651,True,2014-06-18,1524,11.284345,2015-12-22,5988,veteran,,,report_date_from_filename,1,1,,
"data/markdown/smic/2013-09-18_Equity Research, 현대제철.md",smic,company,archive,2010-04-17,2010-04-17,2013-09-18,KR,현대제철,004020,KRX,Sell,sell,현대제철,96900.0,"96,900원",87700.0,"87,700원",10.5,2014-06-18,72800.0,2026-09-07,32400.0,-55.494505,down,,,,,4.347826,251.617249,-307.111754,81400.0,11.813187,False,,,11.813187,2015-04-09,5987,veteran,,,report_date_from_filename,1,3,,
"data/markdown/smic/2013-09-18_Equity Research, 오디텍.md",smic,company,archive,2010-04-17,2010-04-17,2013-09-18,KR,오디텍,080520,KRX,Buy,buy,오디텍,21000.0,"21,000원",15800.0,"15,800원",33.5,2014-06-18,9230.0,2026-09-07,2760.0,-70.097508,down,,,,,-12.933754,251.617249,-321.714757,12100.0,31.094258,False,,,31.094258,2015-06-26,5987,veteran,,,report_date_from_filename,1,1,,
"data/markdown/smic/2013-09-18_Equity Research, 스틸플라워.md",smic,company,archive,2010-04-30,2010-04-30,2013-09-18,KR,스틸플라워,087220,KRX,Buy,buy,스틸플라워,20841.0,"20,841원",7026.0,"14,250원",196.6268,2010-04-30,7026.0,2018-05-04,40.0,-99.430686,down,-32.422431,-41.189866,-41.403359,-47.793908,0.0,41.331909,-140.762595,7173.0,2.092229,False,,,2.092229,2011-12-27,5974,veteran,,,report_date_from_filename,1,1,,
"data/markdown/smic/2013-09-18_Equity Research, 평화정공.md",smic,company,archive,2010-05-01,2010-05-01,2013-09-18,KR,피에이치에이,043370,KRX,Buy,buy,피에이치에이,13560.0,"13,560원",9400.0,"9,400원",44.0,2014-06-18,21000.0,2026-09-07,11180.0,-46.761905,down,,,,,-4.770017,251.617249,-298.379153,24800.0,18.095238,True,2014-06-18,1509,18.095238,2014-08-04,5973,veteran,,,report_date_from_filename,1,1,,
"data/markdown/smic/2013-09-18_Equity Research, 셀트리온.md",smic,company,archive,2010-05-01,2010-05-01,2013-09-18,KR,셀트리온,068270,KRX,Buy,buy,셀트리온,27400.0,"27,400원",21650.0,"21,650원",27.0,2014-06-18,31190.0,2026-09-07,186300.0,497.306829,up,,,,,7.985602,251.617249,245.68958,328493.0,953.199744,True,2014-06-18,1509,195.22924,2016-02-11,5973,veteran,,,report_date_from_filename,1,3,,
"data/markdown/smic/2013-09-18_Equity Research, 지역난방공사.md",smic,company,archive,2010-05-01,2007-12-17,2013-09-18,KR,지역난방공사,071320,KRX,Buy,buy,지역난방공사,84196.0,"84,196원",59100.0,"59,100원",42.5,2014-06-18,64000.0,2026-09-07,75700.0,18.28125,up,,,,,-21.473029,251.617249,-233.335999,116700.0,82.34375,True,2015-06-24,1880,32.03125,2015-06-25,5973,veteran,,,report_date_from_filename,1,1,,
"data/markdown/smic/2013-09-18_Equity Research, KC코트렐.md",smic,company,archive,2010-05-14,2010-05-14,2013-09-18,KR,KC코트렐,119650,KRX,Buy,buy,KC코트렐,19084.0,"19,084원",13900.0,"13,900원",37.0,2014-06-18,9064.0,2026-09-07,918.0,-89.872021,down,,,,,0.0,251.617249,-341.48927,19830.0,118.777582,True,2020-12-11,3864,71.888791,2015-06-24,5960,veteran,,,report_date_from_filename,1,1,,
"data/markdown/smic/2013-09-18_Industry Report, 통신 서비스.md",smic,company,archive,2010-05-15,2010-05-15,2013-09-18,KR,SK텔레콤,017670,KRX,Buy,buy,SK텔레콤,,,,,,2014-06-18,40374.0,2026-09-07,93800.0,132.327736,up,,,,,75.327103,251.617249,-119.289513,139500.0,245.519394,,,,29.484322,2014-09-23,5959,veteran,,missing_target_price,report_date_from_filename,1,3,,
"data/markdown/smic/2013-09-18_Equity Research, 새론오토모티브.md",smic,company,archive,2010-05-15,2010-05-15,2013-09-18,KR,새론오토모티브,075180,KRX,Buy,buy,새론오토모티브,5994.0,"5,994원",4795.0,"4,795원",25.0,2014-06-18,10650.0,2026-09-07,2960.0,-72.206573,down,,,,,-12.166172,251.617249,-323.823821,12100.0,13.615023,True,2014-06-18,1495,13.615023,2014-12-17,5959,veteran,,,report_date_from_filename,1,2,,
"data/markdown/smic/2013-09-18_Equity Research, 글로비스.md",smic,company,archive,2010-05-15,2010-05-15,2013-09-18,KR,현대글로비스,086280,KRX,Buy,buy,현대글로비스,162000.0,"162,000원",135500.0,"135,500원",20.0,2014-06-18,135303.0,2026-09-07,210000.0,55.207202,up,,,,,16.27907,251.617249,-196.410047,296000.0,118.768246,True,2014-08-20,1558,24.583343,2014-09-25,5959,veteran,,,report_date_from_filename,1,2,,
"data/markdown/smic/2013-09-18_Equity Research, 하나투어.md",smic,company,archive,2010-10-08,2010-10-08,2013-09-18,KR,하나투어,039130,KRX,Buy,buy,하나투어,73500.0,"73,500원",49150.0,"49,150원",49.0,2014-06-18,66132.0,2026-09-07,32800.0,-50.402226,down,,,,,-32.717949,251.617249,-302.019474,200252.0,202.806508,True,2014-11-21,1505,202.806508,2015-07-20,5813,veteran,,,report_date_from_filename,4,4,,
"data/markdown/smic/2013-09-18_Equity Research, 동양기전.md",smic,company,archive,2010-10-09,2010-10-09,2013-09-18,KR,디와이,013570,KRX,Buy,buy,디와이,14676.0,"14,676원",11300.0,"11,300원",29.0,2014-06-18,8791.0,2026-09-07,4390.0,-50.062564,down,,,,,-5.995717,251.617249,-301.679813,12800.0,45.603458,False,,,3.458082,2014-07-07,5812,veteran,,,report_date_from_filename,1,1,,
"data/markdown/smic/2013-09-18_Equity Research, 한섬.md",smic,company,archive,2010-10-09,2010-10-09,2013-09-18,KR,한섬,020000,KRX,Buy,buy,한섬,28540.0,"28,540",18650.0,"18,650",53.0,2014-06-18,26400.0,2026-09-07,15500.0,-41.287879,down,,,,,-3.125,251.617249,-292.905127,51200.0,93.939394,True,2014-08-14,1405,69.886364,2016-05-02,5812,veteran,,,report_date_from_filename,1,2,,
"data/markdown/smic/2013-09-18_Equity Research, 국도화학.md",smic,company,archive,2010-10-23,2010-10-23,2013-09-18,KR,국도화학,007690,KRX,Buy,buy,국도화학,82600.0,"82,600원",55000.0,"55,000원",50.0,2014-06-18,47566.0,2026-09-07,38500.0,-19.059833,down,,,,,17.737003,251.617249,-270.677081,92600.0,94.67687,True,2021-07-30,3933,39.738469,2015-07-30,5798,veteran,,,report_date_from_filename,1,2,,
"data/markdown/smic/2013-09-18_Equity Research, 한화케미칼.md",smic,company,archive,2010-10-23,2010-10-23,2013-09-18,KR,한화솔루션,009830,KRX,Buy,buy,한화솔루션,34308.0,"34,308원",29950.0,"29,950원",14.5,2014-06-18,20644.0,2026-09-07,29650.0,43.625266,up,,,,,17.295672,251.617249,-207.991982,69123.0,234.833366,True,2017-05-29,2410,58.292966,2015-12-18,5798,veteran,,,report_date_from_filename,1,4,,
"data/markdown/smic/2013-09-18_Equity Research, 강원랜드.md",smic,company,archive,2010-10-23,2010-10-23,2013-09-18,KR,강원랜드,035250,KRX,Buy,buy,강원랜드,33372.0,"33,372원",25600.0,"25,600원",30.0,2014-06-18,28950.0,2026-09-07,14790.0,-48.911917,down,,,,,-21.952507,251.617249,-300.529166,45900.0,58.549223,True,2014-07-11,1357,58.549223,2015-08-20,5798,veteran,,,report_date_from_filename,1,2,,
"data/markdown/smic/2013-09-18_Equity Research, 이노와이어리스.md",smic,company,archive,2010-10-23,2010-10-23,2013-09-18,KR,LIG아큐버,073490,KRX,Buy,buy,LIG아큐버,20672.0,"20,672원",15450.0,"15,450원",34.0,2014-06-18,13450.0,2026-09-07,29250.0,117.472119,up,,,,,30.580357,251.617249,-134.14513,71000.0,427.881041,True,2017-12-12,2607,3.717472,2015-04-07,5798,veteran,,,report_date_from_filename,1,2,,
"data/markdown/smic/2013-09-18_Equity Research, 하림.md",smic,company,archive,2010-11-05,2010-11-05,2013-09-18,KR,하림홀딩스,024660,KRX,Buy,buy,하림홀딩스,5882.0,"5,882 원",4345.0,"4,840원",35.374,2010-11-05,4345.0,2018-07-13,3480.0,-19.90794,down,-7.042578,-19.677791,-20.483314,-57.30725,0.0,19.182448,-39.090388,7000.0,61.104718,True,2014-07-11,1344,6.421174,2010-11-09,5785,veteran,,,report_date_from_filename,1,1,,
"data/markdown/smic/2013-09-18_Equity Research, 인피니트헬스케어.md",smic,company,archive,2010-11-05,2010-11-05,2013-09-18,KR,인피니트헬스케어,071200,KRX,Buy,buy,인피니트헬스케어,5798.0,"5,798원",4370.0,"4,370원",33.0,2014-06-18,7381.0,2026-09-07,9100.0,23.289527,up,,,,,52.941176,251.617249,-228.327721,13758.0,86.397507,True,2014-06-18,1321,86.397507,2015-06-26,5785,veteran,,,report_date_from_filename,1,1,,
"data/markdown/smic/2013-09-18_Equity Research, 오리온.md",smic,company,archive,2010-11-06,2010-11-06,2013-09-18,KR,오리온홀딩스,001800,KRX,Sell,sell,오리온홀딩스,263131.0,"263,131원",401500.0,"401,500원",-34.5,2014-06-18,42344.0,2026-09-07,25550.0,-39.660873,down,,,,,23.728814,251.617249,-291.278121,68035.0,60.672114,False,,,60.672114,2015-05-20,5784,veteran,,,report_date_from_filename,1,1,,
"data/markdown/smic/2013-09-18_Equity Research, LG이노텍.md",smic,company,archive,2010-11-06,2010-11-06,2013-09-18,KR,LG이노텍,011070,KRX,Buy,buy,LG이노텍,175560.0,"175,560원",133000.0,"133,000원",32.0,2014-06-18,143000.0,2026-09-07,586000.0,309.79021,up,,,,,116.236162,251.617249,58.172961,1788000.0,1150.34965,True,2017-06-26,2424,5.594406,2014-07-08,5784,veteran,,,report_date_from_filename,1,3,,
"data/markdown/smic/2013-09-18_Equity Research, 테크노세미켐.md",smic,company,archive,2010-11-12,2010-11-12,2013-09-18,KR,솔브레인홀딩스,036830,KRX,Buy,buy,솔브레인홀딩스,38218.0,"38,218원",29350.0,"29,350원",30.2,2014-06-18,16620.0,2026-09-07,42450.0,155.415162,up,,,,,13.806971,251.617249,-96.202086,93200.0,460.770156,True,2019-07-18,3170,72.587244,2016-06-08,5778,veteran,,,report_date_from_filename,1,1,,
"data/markdown/smic/2013-09-18_Equity Research, 아이디스.md",smic,company,archive,2010-11-13,2010-11-13,2013-09-18,KR,아이디스홀딩스,054800,KRX,Buy,buy,아이디스홀딩스,23128.0,"23,128원",17800.0,"17,800원",29.9,2014-06-18,14300.0,2026-09-07,15100.0,5.594406,up,,,,,26.890756,251.617249,-246.022843,20000.0,39.86014,False,,,39.86014,2015-07-31,5777,veteran,,,report_date_from_filename,2,2,,
"data/markdown/smic/2013-09-18_Equity Research, 기아자동차.md",smic,company,archive,2010-11-26,2010-11-26,2013-09-18,KR,기아,000270,KRX,Buy,buy,기아,65000.0,"65,000원",47550.0,"47,550원",37.0,2014-06-18,56800.0,2026-09-07,128400.0,126.056338,up,,,,,5.418719,251.617249,-125.560911,212500.0,274.119718,True,2020-12-04,3661,10.915493,2014-08-04,5764,veteran,,,report_date_from_filename,1,1,,
"data/markdown/smic/2013-09-18_Equity Research, 케이비테크놀러지.md",smic,company,archive,2010-11-30,2010-11-30,2013-09-18,KR,코나아이,052400,KRX,Buy,buy,코나아이,19260.0,"19,260원",13350.0,"13,350원",44.0,2014-06-18,53907.0,2026-09-07,37450.0,-30.528503,down,,,,,-17.511013,251.617249,-282.145751,100999.0,87.357857,True,2014-06-18,1296,87.357857,2015-08-07,5760,veteran,,,report_date_from_filename,1,1,,
"data/markdown/smic/2013-09-18_Equity Research, 파라다이스.md",smic,company,archive,2011-04-01,2011-04-01,2013-09-18,KR,파라다이스,034230,KRX,Buy,buy,파라다이스,7905.0,"7,905원",5550.0,"5,550원",42.0,2014-06-18,39250.0,2026-09-07,10030.0,-74.44586,down,,,,,-39.39577,251.617249,-326.063109,41400.0,5.477707,True,2014-06-18,1174,5.477707,2014-08-26,5638,veteran,,,report_date_from_filename,1,1,,
"data/markdown/smic/2013-09-18_Equity Research, 고영.md",smic,company,archive,2011-04-01,2011-04-01,2013-09-18,KR,고영,098460,KRX,Buy,buy,고영,38300.0,38300원,27100.0,27100원,41.0,2014-06-18,4840.0,2026-09-07,28100.0,480.578512,up,,,,,22.707424,251.617249,228.961264,45000.0,829.752066,True,2026-04-24,5502,101.446281,2015-01-29,5638,veteran,,,report_date_from_filename,2,2,,
"data/markdown/smic/2013-09-18_Equity Research, 제이엔케이히터.md",smic,company,archive,2011-04-02,2011-01-31,2013-09-18,KR,제이엔케이글로벌,126880,KRX,Buy,buy,제이엔케이글로벌,23400.0,"23,400원",18200.0,"18,200원",28.5,2014-06-18,4259.0,2026-09-07,2515.0,-40.948579,down,,,,,-34.334204,251.617249,-292.565828,10800.0,153.580653,False,,,66.353604,2016-05-02,5637,veteran,,,report_date_from_filename,1,1,,
"data/markdown/smic/2013-09-18_Equity Research, SKC.md",smic,company,archive,2011-04-15,2011-04-15,2013-09-18,KR,SKC,011790,KRX,Hold,soft_buy,SKC,63305.0,"63,305원",59500.0,"59,500원",6.4,2014-06-18,31816.0,2026-09-07,88000.0,176.590395,up,,,,,-10.322127,251.617249,-75.026854,195506.0,514.489565,True,2020-07-09,3373,27.033568,2015-04-29,5624,veteran,,,report_date_from_filename,1,2,,
"data/markdown/smic/2013-09-18_Equity Research, 태웅.md",smic,company,archive,2011-04-15,2011-04-15,2013-09-18,KR,태웅,044490,KRX,Buy,buy,태웅,70409.0,"70,409원",49650.0,"49,650원",42.0,2014-06-18,18832.0,2026-09-07,32850.0,74.437128,up,,,,,27.572816,251.617249,-177.18012,61300.0,225.509771,False,,,14.719626,2014-08-05,5624,veteran,,,report_date_from_filename,1,3,,
"data/markdown/smic/2013-09-18_Equity Research, 삼성증권.md",smic,company,archive,2011-04-16,2011-04-16,2013-09-18,KR,삼성증권,016360,KRX,Buy,buy,삼성증권,108777.0,"108,777원",81900.0,"81,900원",33.0,2014-06-18,43164.0,2026-09-07,87700.0,103.178575,up,,,,,16.312997,251.617249,-148.438674,163000.0,277.629506,True,2026-02-19,5423,52.35613,2015-04-28,5623,veteran,,,report_date_from_filename,1,1,,
"data/markdown/smic/2013-09-18_Equity Research, SBS콘텐츠허브.md",smic,company,archive,2011-04-16,2011-04-16,2013-09-18,KR,SBS콘텐츠허브,046140,KRX,Buy,buy,SBS콘텐츠허브,18100.0,"18,100원",13350.0,"13,350원",36.0,2011-10-17,16300.0,2023-12-15,5370.0,-67.055215,down,,,,-39.018405,0.0,37.443035,-104.49825,20400.0,25.153374,True,2011-10-19,186,15.030675,2011-10-27,5623,veteran,,,report_date_from_filename,1,1,,
"data/markdown/smic/2013-09-18_Equity Research, 현대건설.md",smic,company,archive,2011-04-29,2011-04-29,2013-09-18,KR,현대건설,000720,KRX,Buy,buy,현대건설,127000.0,"127,000원",89900.0,"89,900원",41.0,2014-06-18,50595.0,2026-09-07,126900.0,150.815298,up,,,,,81.027104,251.617249,-100.801951,198400.0,292.13361,True,2026-02-19,5410,27.882202,2014-09-19,5610,veteran,,,report_date_from_filename,1,1,,
"data/markdown/smic/2013-09-18_Equity Research, 동아지질.md",smic,company,archive,2011-04-29,2011-04-29,2013-09-18,KR,동아지질,028100,KRX,Buy,buy,동아지질,20499.0,"20,499원",13850.0,"13,850원",48.0,2014-06-18,8200.0,2026-09-07,17920.0,118.536585,up,,,,,3.884058,251.617249,-133.080663,29500.0,259.756098,True,2018-04-30,2558,26.829268,2014-08-25,5610,veteran,,,report_date_from_filename,1,1,,
"data/markdown/smic/2013-09-18_Equity Research, 녹십자.md",smic,company,archive,2011-04-30,2011-04-30,2013-09-18,KR,녹십자,006280,KRX,Buy,buy,녹십자,189000.0,"189,000원",139000.0,"139,000원",31.3,2014-06-18,122500.0,2026-09-07,127300.0,3.918367,up,,,,,-19.937107,251.617249,-247.698881,538000.0,339.183673,True,2015-04-13,1444,128.571429,2015-06-19,5609,veteran,,,report_date_from_filename,1,1,,
"data/markdown/smic/2013-09-18_Equity Research, 현대하이스코.md",smic,company,archive,2011-04-30,2011-04-30,2013-09-18,KR,현대하이스코,010520,KRX,Buy,buy,현대하이스코,55000.0,"55,000원",39562.0,"43,550원",39.0223,2011-05-02,42060.0,2015-07-14,57600.0,36.947218,up,7.34427,4.645744,-1.619116,-15.00951,0.0,-7.614762,44.56198,94800.0,125.392297,True,2014-03-24,1059,18.359486,2011-07-08,5609,veteran,,,report_date_from_filename,1,1,,
"data/markdown/smic/2013-09-18_Equity Research, 이녹스.md",smic,company,archive,2011-05-13,2011-05-13,2013-09-18,KR,이녹스,088390,KRX,Buy,buy,이녹스,23746.0,"23,746원",17100.0,17100원,39.0,2014-06-18,10364.0,2026-09-07,8000.0,-22.809726,down,,,,,-4.191617,251.617249,-274.426975,58800.0,467.348514,True,2017-05-17,2196,5.827866,2015-04-16,5596,veteran,,,report_date_from_filename,1,1,,
"data/markdown/smic/2013-09-18_Equity Research, 크루셜텍.md",smic,company,archive,2011-05-13,2011-05-13,2013-09-18,KR,크루셜텍,114120,KRX,Buy,buy,크루셜텍,27300.0,27300원,21000.0,"21,000원",30.2,2011-12-08,867759.0,2024-02-14,90.0,-99.989628,down,,,,-46.817607,0.0,37.023306,-137.012934,922649.0,6.325489,True,2011-12-08,209,6.325489,2013-06-24,5596,veteran,,,report_date_from_filename,1,1,,
"data/markdown/smic/2013-09-18_Equity Research, 삼영화학.md",smic,company,archive,2011-05-14,2011-05-14,2013-09-18,KR,삼영,003720,KRX,Buy,buy,삼영,5900.0,"5,900원",4900.0,"4,900원",20.41,2014-06-18,2075.0,2026-09-07,6180.0,197.831325,up,,,,,0.324675,251.617249,-53.785923,13980.0,573.73494,True,2023-08-24,4485,6.506024,2015-05-14,5595,veteran,,,report_date_from_filename,1,1,,
"data/markdown/smic/2013-09-18_Equity Research, 엘오티베큠.md",smic,company,archive,2011-05-14,2011-05-14,2013-09-18,KR,엘오티베큠,083310,KRX,Buy,buy,엘오티베큠,9700.0,"9,700원",7350.0,"7,350원",32.0,2014-06-18,4376.0,2026-09-07,9800.0,123.948812,up,,,,,-20.967742,251.617249,-127.668437,35150.0,703.244973,True,2015-05-14,1461,275.47989,2015-06-23,5595,veteran,,,report_date_from_filename,1,1,,
"data/markdown/smic/2013-09-18_Equity Research, 톱텍.md",smic,company,archive,2011-05-14,2011-05-14,2013-09-18,KR,톱텍,108230,KRX,Buy,buy,톱텍,35545.0,"35,545원",24100.0,"24,100원",47.0,2014-06-18,5700.0,2026-09-07,3380.0,-40.701754,down,,,,,-26.039387,251.617249,-292.319003,41950.0,635.964912,True,2018-01-16,2439,218.070175,2015-11-03,5595,veteran,,,report_date_from_filename,1,1,,
"data/markdown/smic/2013-09-18_Equity Research, LG패션.md",smic,company,archive,2011-05-27,2011-05-27,2013-09-18,KR,LF,093050,KRX,Buy,buy,LF,50900.0,"50,900원",38300.0,"38,300원",32.84,2014-06-18,26400.0,2026-09-07,22450.0,-14.962121,down,,,,,23.08114,251.617249,-266.57937,37050.0,40.340909,False,,,40.340909,2015-04-28,5582,veteran,,,report_date_from_filename,1,1,,
"data/markdown/smic/2013-09-18_Equity Research, 한국타이어.md",smic,company,archive,2011-06-01,2011-06-01,2013-09-18,KR,한국앤컴퍼니,000240,KRX,Buy,buy,한국앤컴퍼니,53500.0,"53,500원",42850.0,"42,850원",24.85,2014-06-18,23550.0,2026-09-07,24550.0,4.246285,up,,,,,-6.118547,251.617249,-247.370964,36450.0,54.77707,False,,,9.978769,2015-01-20,5577,veteran,,,report_date_from_filename,1,1,,
"data/markdown/smic/2013-09-18_Equity Research, 포스코켐텍.md",smic,company,archive,2011-06-01,2011-06-01,2013-09-18,KR,포스코퓨처엠,003670,KRX,Buy,buy,포스코퓨처엠,211063.0,"211,063원",153300.0,"153,300원",38.0,2014-06-18,14330.0,2026-09-07,182600.0,1174.249826,up,,,,,-2.352941,251.617249,922.632577,672704.0,4594.375436,True,2022-11-07,4177,3.991626,2014-06-19,5577,veteran,,,report_date_from_filename,3,4,,
"data/markdown/smic/2013-09-18_Equity Research, LG유플러스.md",smic,company,archive,2011-10-07,2011-10-07,2013-09-18,KR,LG유플러스,032640,KRX,Buy,buy,LG유플러스,8093.78,8093.78원,6370.0,6370원,27.06,2014-06-18,9310.0,2026-09-07,15090.0,62.083781,up,,,,,2.513587,251.617249,-189.533468,18800.0,101.933405,True,2014-06-18,985,39.634801,2014-09-23,5449,veteran,,,report_date_from_filename,1,2,,
"data/markdown/smic/2013-09-18_Equity Research, S&T대우.md",smic,company,archive,2011-10-07,2011-10-07,2013-09-18,KR,SNT모티브,064960,KRX,Buy,buy,SNT모티브,43990.0,"43,990원",33400.0,"33,400원",32.0,2014-06-18,16556.0,2026-09-07,26800.0,61.874849,up,,,,,-22.318841,251.617249,-189.7424,48761.0,194.521624,True,2015-11-25,1510,194.521624,2015-12-23,5449,veteran,,,report_date_from_filename,1,1,,
"data/markdown/smic/2013-09-18_Equity Research, 제일기획.md",smic,company,archive,2011-10-08,2011-10-08,2013-09-18,KR,제일기획,030000,KRX,Buy,buy,제일기획,22484.0,"22,484원",17650.0,"17,650원",27.4,2014-06-18,22400.0,2026-09-07,19000.0,-15.178571,down,,,,,-9.52381,251.617249,-266.79582,29900.0,33.482143,True,2014-06-18,984,13.392857,2015-04-09,5448,veteran,,,report_date_from_filename,1,2,,
"data/markdown/smic/2013-09-18_Equity Research, 한전기술.md",smic,company,archive,2011-10-08,2011-10-08,2013-09-18,KR,한전기술,052690,KRX,Buy,buy,한전기술,79808.0,"79,808원",55300.0,"55,300원",44.0,2014-06-18,46450.0,2026-09-07,122300.0,163.293864,up,,,,,35.888889,251.617249,-88.323384,198000.0,326.264801,True,2021-11-04,3680,51.560818,2014-10-22,5448,veteran,,,report_date_from_filename,1,2,,
"data/markdown/smic/2013-09-18_Equity Research, 동양피엔에프.md",smic,company,archive,2011-10-08,2011-10-08,2013-09-18,KR,디와이피엔에프,104460,KRX,Buy,buy,디와이피엔에프,13739.0,"13,739원",10900.0,"10,900원",26.0,2014-06-18,5520.0,2026-09-07,7480.0,35.507246,up,,,,,-46.341463,251.617249,-216.110002,51100.0,825.724638,True,2020-01-14,3020,71.376812,2016-01-08,5448,veteran,,,report_date_from_filename,1,2,,
"data/markdown/smic/2013-09-18_Equity Research, 계양전기.md",smic,company,archive,2011-10-21,2011-10-21,2013-09-18,KR,계양전기,012200,KRX,Buy,buy,계양전기,3800.0,3800원,2845.0,2845원,33.0,2014-06-18,2417.0,2026-09-07,3670.0,51.841125,up,,,,,-41.457968,251.617249,-199.776123,13494.0,458.295408,True,2016-05-31,1684,85.436492,2016-06-02,5435,veteran,,,report_date_from_filename,1,1,,
"data/markdown/smic/2013-09-18_Equity Research, 하이마트.md",smic,company,archive,2011-10-21,2011-10-21,2013-09-18,KR,롯데하이마트,071840,KRX,Buy,buy,롯데하이마트,132188.0,"132,188원",90300.0,"90,300원",46.0,2014-06-18,67000.0,2026-09-07,6310.0,-90.58209,down,,,,,-16.423841,251.617249,-342.199338,85100.0,27.014925,False,,,27.014925,2015-05-27,5435,veteran,,,report_date_from_filename,1,1,,
"data/markdown/smic/2013-09-18_Equity Research, 유진테크.md",smic,company,archive,2011-10-21,2011-10-21,2013-09-18,KR,유진테크,084370,KRX,Buy,buy,유진테크,24339.0,"24,339원",17650.0,"17,650원",38.0,2014-06-18,19251.0,2026-09-07,143200.0,643.857462,up,,,,,90.933333,251.617249,392.240213,231500.0,1102.534933,True,2017-11-16,2218,1.719391,2014-06-18,5435,veteran,,,report_date_from_filename,1,2,,
"data/markdown/smic/2013-09-18_Equity Research, 휴비츠.md",smic,company,archive,2011-10-22,2011-10-22,2013-09-18,KR,휴비츠,065510,KRX,Buy,buy,휴비츠,10847.0,"10,847원",7990.0,"7,990원",36.0,2014-06-18,13850.0,2026-09-07,7080.0,-48.880866,down,,,,,-22.707424,251.617249,-300.498115,26400.0,90.613718,True,2014-06-18,970,71.841155,2015-08-10,5434,veteran,,,report_date_from_filename,1,1,,
"data/markdown/smic/2013-09-18_Equity Research, 비츠로셀.md",smic,company,archive,2011-10-22,2011-10-22,2013-09-18,KR,비츠로셀,082920,KRX,Buy,buy,비츠로셀,5784.0,"5,784원",,,42.0,2014-06-18,2844.0,2026-09-07,29000.0,919.690577,up,,,,,64.585698,251.617249,668.073328,67800.0,2283.966245,True,2015-07-10,1357,151.230661,2015-09-09,5434,veteran,,,report_date_from_filename,1,2,,
"data/markdown/smic/2013-09-18_Equity Research, 세아베스틸.md",smic,company,archive,2011-11-04,2011-11-04,2013-09-18,KR,세아베스틸지주,001430,KRX,Buy,buy,세아베스틸지주,77027.0,"77,027원",55900.0,"55,900원",38.0,2014-06-18,31400.0,2026-09-07,40050.0,27.547771,up,,,,,-20.219124,251.617249,-224.069478,92500.0,194.585987,True,2026-01-20,5191,49.522293,2015-07-03,5421,veteran,,,report_date_from_filename,1,1,,
"data/markdown/smic/2013-09-18_Equity Research, 한국단자.md",smic,company,archive,2011-11-04,2011-11-04,2013-09-18,KR,한국단자,025540,KRX,Buy,buy,한국단자,31526.0,"31,526원",23450.0,"23,450원",34.44,2014-06-18,43750.0,2026-09-07,56900.0,30.057143,up,,,,,-15.453195,251.617249,-221.560106,112500.0,157.142857,True,2014-06-18,957,157.142857,2015-09-10,5421,veteran,,,report_date_from_filename,1,2,,
"data/markdown/smic/2013-09-18_Equity Research, 하나금융지주.md",smic,company,archive,2011-11-04,2011-11-04,2013-09-18,KR,하나금융지주,086790,KRX,,soft_buy,하나금융지주,40400.0,"40,400원",40400.0,"40,400원",,2014-06-18,37700.0,2026-09-07,138900.0,268.435013,up,,,,,47.608927,251.617249,16.817765,142500.0,277.984085,True,2014-07-28,997,16.047745,2014-09-04,5421,veteran,,,report_date_from_filename,1,1,,
"data/markdown/smic/2013-09-18_Equity Research, 멜파스.md",smic,company,archive,2011-11-04,2011-11-04,2013-09-18,KR,멜파스,096640,KRX,Buy,buy,멜파스,39200.0,39200원,30826.0,30000원,27.1654,2011-11-04,30826.0,2023-07-14,151.0,-99.510154,down,-0.165445,-24.998378,-31.833517,-25.666645,0.0,36.293631,-135.803784,33909.0,10.001298,False,,,10.001298,2011-12-08,5421,veteran,,,report_date_from_filename,1,1,,
"data/markdown/smic/2013-09-18_Equity Research, 삼광유리.md",smic,company,archive,2011-11-18,2011-11-18,2013-09-18,KR,SGC에너지,005090,KRX,Buy,buy,SGC에너지,92800.0,"92,800원",68000.0,"68,000원",36.0,2014-06-18,45450.0,2026-09-07,54100.0,19.031903,up,,,,,146.469248,251.617249,-232.585345,122500.0,169.526953,True,2015-03-23,1221,169.526953,2015-06-24,5407,veteran,,,report_date_from_filename,1,1,,
"data/markdown/smic/2013-09-18_Equity Research, 에스원.md",smic,company,archive,2011-11-18,2011-11-18,2013-09-18,KR,에스원,012750,KRX,Buy,buy,에스원,69600.0,69600원,56500.0,56500원,23.0,2014-06-18,77300.0,2026-09-07,79100.0,2.32859,up,,,,,9.708738,251.617249,-249.288659,116500.0,50.711514,True,2014-06-18,943,39.715395,2015-12-21,5407,veteran,,,report_date_from_filename,2,3,,
"data/markdown/smic/2013-09-18_Equity Research, 예림당.md",smic,company,archive,2011-11-19,2011-11-19,2013-09-18,KR,예림당,036000,KRX,Buy,buy,예림당,8270.0,"8,270 원",6290.0,"6,290원",31.51,2014-06-18,6840.0,2026-09-07,2920.0,-57.309942,down,,,,,-10.703364,251.617249,-308.92719,15700.0,129.532164,True,2015-04-21,1249,23.830409,2015-04-21,5406,veteran,,,report_date_from_filename,1,2,,
"data/markdown/smic/2013-09-18_Equity Research, KMH.md",smic,company,archive,2011-11-19,2011-11-19,2013-09-18,KR,KX,122450,KRX,Buy,buy,KX,14280.0,"14,280원",8570.0,"8,570원",66.62,2014-06-18,2790.0,2026-09-07,2665.0,-4.480287,down,,,,,-28.552279,251.617249,-256.097535,21800.0,681.362007,True,2020-11-06,3275,81.003584,2015-07-03,5406,veteran,,,report_date_from_filename,1,2,,
"data/markdown/smic/2013-09-19_Equity Research, 제일모직.md",smic,company,archive,2013-09-19,2013-04-27,2013-09-19,KR,제일모직,001300,KRX,Sell,sell,제일모직,78700.0,"78,700원",92000.0,"95,000원",-14.4565,2013-09-23,95000.0,2014-07-14,70200.0,-26.105263,down,-5.789474,-8.210526,-30.526316,-26.105263,0.0,-0.772864,-25.332399,98900.0,4.105263,True,2013-09-23,4,4.105263,2013-09-23,4736,veteran,,,,1,1,,
"data/markdown/smic/2013-09-19_Equity Research, 넥센타이어.md",smic,company,archive,2013-09-19,2012-05-18,2013-09-19,KR,넥센타이어,002350,KRX,Buy,buy,넥센타이어,25000.0,"25,000원",17950.0,"17,950원",39.0,2014-06-18,16200.0,2026-09-07,5990.0,-63.024691,down,,,,-13.888889,-20.451527,251.617249,-314.64194,17650.0,8.950617,False,,,8.950617,2014-07-23,4736,veteran,,,,2,2,,
"data/markdown/smic/2013-09-19_Equity Research, 흥아해운.md",smic,company,archive,2013-09-19,2013-04-27,2013-09-19,KR,흥아해운,003280,KRX,Buy,buy,흥아해운,3460.0,"3,460원",1860.0,"1,860원",86.0,2014-06-18,14337.0,2026-09-07,1739.0,-87.870545,down,,,,39.722397,9.785354,251.617249,-339.487793,44271.0,208.788449,True,2014-06-18,272,208.788449,2015-04-06,4736,veteran,,,,1,1,,
"data/markdown/smic/2013-09-19_Equity Research, GS리테일.md",smic,company,archive,2013-09-19,2013-05-11,2013-09-19,KR,GS리테일,007070,KRX,Hold,soft_buy,GS리테일,31500.0,"31,500원",30050.0,"30,050원",5.0,2014-06-18,19500.0,2026-09-07,25100.0,28.717949,up,,,,6.8,24.875622,251.617249,-222.8993,59528.0,205.271795,True,2015-04-21,579,205.271795,2015-08-07,4736,veteran,,,,1,3,,
"data/markdown/smic/2013-09-19_Equity Research, 이수페타시스.md",smic,company,archive,2013-09-19,2012-04-06,2013-09-19,KR,이수페타시스,007660,KRX,Buy,buy,이수페타시스,6240.0,"6,240원",4925.0,"4,925원",27.0,2014-06-18,3706.0,2026-09-07,111900.0,2919.427955,up,,,,28.845116,-6.124161,251.617249,2667.810706,164400.0,4336.049649,True,2015-05-22,610,77.846735,2015-05-26,4736,veteran,,,,1,2,,
"data/markdown/smic/2013-09-19_Equity Research, 웅진케미칼.md",smic,company,archive,2013-09-19,2012-10-12,2013-09-19,KR,도레이케미칼,008000,KRX,Hold,soft_buy,도레이케미칼,734.0,734원,10700.0,573원,-93.1402,2013-09-23,10550.0,2018-03-19,19950.0,89.099526,up,-4.265403,0.0,29.383886,30.805687,0.0,23.171976,65.92755,27500.0,160.663507,True,2013-09-23,4,160.663507,2015-07-27,4736,veteran,,,,1,1,,
"data/markdown/smic/2013-09-19_Equity Research, 서흥캅셀.md",smic,company,archive,2013-09-19,2012-10-13,2013-09-19,KR,서흥,008490,KRX,Buy,buy,서흥,25706.0,"25,706원",19850.0,"19,850원",29.0,2014-06-18,42300.0,2026-09-07,21300.0,-49.64539,down,,,,26.713948,-1.616628,251.617249,-301.262639,61900.0,46.335697,True,2014-06-18,272,46.335697,2014-11-04,4736,veteran,,,,2,2,,
"data/markdown/smic/2013-09-19_Equity Research, 고려아연.md",smic,company,archive,2013-09-19,2012-11-02,2013-09-19,KR,고려아연,010130,KRX,Buy,buy,고려아연,499300.0,"499,300원",438000.0,"438,000원",14.0,2014-06-18,358000.0,2026-09-07,1224000.0,241.899441,up,,,,9.078212,-6.990881,251.617249,-9.717807,2407000.0,572.346369,True,2015-05-06,594,59.217877,2015-10-12,4736,veteran,,,,2,2,,
"data/markdown/smic/2013-09-19_Equity Research, 현대위아.md",smic,company,archive,2013-09-19,2012-04-06,2013-09-19,KR,현대위아,011210,KRX,Buy,buy,현대위아,181043.0,"181,043원",151000.0,"151,000원",21.0,2014-06-18,179000.0,2026-09-07,58500.0,-67.318436,down,,,,27.932961,-22.721268,251.617249,-318.935684,234000.0,30.726257,True,2014-06-18,272,30.726257,2014-08-21,4736,veteran,,,,1,1,,
"data/markdown/smic/2013-09-19_Equity Research, 리드코프.md",smic,company,archive,2013-09-19,2012-05-18,2013-09-19,KR,리드코프,012700,KRX,Buy,buy,리드코프,6920.0,"6,920원",4575.0,"4,575원",51.0,2014-06-18,10250.0,2026-09-07,2990.0,-70.829268,down,,,,36.097561,-19.839142,251.617249,-322.446517,18200.0,77.560976,True,2014-06-18,272,77.560976,2015-06-11,4736,veteran,,,,1,1,,
"data/markdown/smic/2013-09-19_Equity Research, 한솔케미칼.md",smic,company,archive,2013-09-19,2013-05-25,2013-09-19,KR,한솔케미칼,014680,KRX,Buy,buy,한솔케미칼,33410.0,"33,410원",27900.0,"27,900원",20.0,2014-06-18,26800.0,2026-09-07,202000.0,653.731343,up,,,,16.044776,-11.208791,251.617249,402.114095,392000.0,1362.686567,True,2014-08-27,342,286.19403,2015-06-18,4736,veteran,,,,1,2,,
"data/markdown/smic/2013-09-19_Equity Research, SK텔레콤.md",smic,company,archive,2013-09-19,2013-04-12,2013-09-19,KR,SK텔레콤,017670,KRX,Buy,buy,SK텔레콤,242300.0,"242,300원",172000.0,"172,000원",34.0,2014-06-18,40374.0,2026-09-07,93800.0,132.327736,up,,,,24.998762,75.327103,251.617249,-119.289513,139500.0,245.519394,False,,,29.484322,2014-09-23,4736,veteran,,,,2,3,,
"data/markdown/smic/2013-09-19_Equity Research, 한글과컴퓨터.md",smic,company,archive,2013-09-19,2012-04-07,2013-09-19,KR,한글과컴퓨터,030520,KRX,Buy,buy,한글과컴퓨터,16405.0,"16,405원",12150.0,"12,150원",35.0,2014-06-18,25400.0,2026-09-07,17380.0,-31.574803,down,,,,-0.393701,-24.270153,251.617249,-283.192052,38450.0,51.377953,True,2014-06-18,272,11.811024,2014-08-18,4736,veteran,,,,1,1,,
"data/markdown/smic/2013-09-19_Equity Research, LG디스플레이.md",smic,company,archive,2013-09-19,2012-11-03,2013-09-19,KR,LG디스플레이,034220,KRX,Buy,buy,LG디스플레이,48900.0,"48,900원",34350.0,"34,350원",42.5,2014-06-18,27867.0,2026-09-07,9210.0,-66.950156,down,,,,15.922058,-22.015241,251.617249,-318.567405,36602.0,31.345319,False,,,23.382495,2015-01-30,4736,veteran,,,,1,2,,
"data/markdown/smic/2013-09-19_Equity Research, 한국기업평가.md",smic,company,archive,2013-09-19,2012-05-18,2013-09-19,KR,한국기업평가,034950,KRX,Buy,buy,한국기업평가,35738.0,"35,738원",27550.0,"27,550원",29.72,2014-06-18,36450.0,2026-09-07,103200.0,183.127572,up,,,,10.42524,3.927492,251.617249,-68.489677,118500.0,225.102881,True,2014-06-18,272,45.404664,2015-12-18,4736,veteran,,,,1,1,,
"data/markdown/smic/2013-09-19_Equity Research, 이오테크닉스.md",smic,company,archive,2013-09-19,2013-04-26,2013-09-19,KR,이오테크닉스,039030,KRX,Buy,buy,이오테크닉스,46983.0,"46,983원",39000.0,"39,000원",20.0,2014-06-18,63000.0,2026-09-07,456000.0,623.809524,up,,,,32.857143,67.647059,251.617249,372.192275,623000.0,888.888889,True,2014-06-18,272,144.285714,2015-02-24,4736,veteran,,,,1,2,,
"data/markdown/smic/2013-09-19_Equity Research, SM엔터테인먼트.md",smic,company,archive,2013-09-19,2012-04-20,2013-09-19,KR,에스엠,041510,KRX,Buy,buy,에스엠,51700.0,"51,700",40900.0,"40,900",26.0,2014-06-18,35250.0,2026-09-07,79900.0,126.666667,up,,,,23.971631,-40.814815,251.617249,-124.950582,161200.0,357.304965,True,2018-10-01,1838,41.41844,2014-09-04,4736,veteran,,,,1,1,,
"data/markdown/smic/2013-09-19_Equity Research, KAI 한국항공우주.md",smic,company,archive,2013-09-19,2012-04-20,2013-09-19,KR,한국항공우주,047810,KRX,Buy,buy,한국항공우주,38900.0,"38,900원",31150.0,"31,150원",25.0,2014-06-18,30200.0,2026-09-07,129400.0,328.476821,up,,,,31.953642,13.111888,251.617249,76.859573,215500.0,613.576159,True,2014-09-04,350,252.649007,2015-08-11,4736,veteran,,,,1,2,,
"data/markdown/smic/2013-09-19_Equity Research, 쎌바이오텍.md",smic,company,archive,2013-09-19,2012-05-04,2013-09-19,KR,쎌바이오텍,049960,KRX,Buy,buy,쎌바이오텍,9960.0,"9,960원",6660.0,"6,660원",50.0,2014-06-18,42600.0,2026-09-07,15740.0,-63.051643,down,,,,-4.342723,20.061022,251.617249,-314.668892,73300.0,72.065728,True,2014-06-18,272,72.065728,2015-02-24,4736,veteran,,,,1,1,,
"data/markdown/smic/2013-09-19_Equity Research, 바이오랜드.md",smic,company,archive,2013-09-19,2012-11-16,2013-09-19,KR,현대바이오랜드,052260,KRX,Buy,buy,현대바이오랜드,17750.0,"17,750원",15000.0,"15,000원",18.0,2014-06-18,8150.0,2026-09-07,3965.0,-51.349693,down,,,,35.582822,-7.683353,251.617249,-302.966942,24425.0,199.693252,True,2015-06-02,621,169.93865,2015-06-16,4736,veteran,,,,2,2,,
"data/markdown/smic/2013-09-19_Equity Research, 코텍.md",smic,company,archive,2013-09-19,2012-04-20,2013-09-19,KR,코텍,052330,KRX,Buy,buy,코텍,16353.0,"16,353원",10700.0,"10,700원",53.0,2014-06-18,11445.0,2026-09-07,11880.0,3.800786,up,,,,-1.677588,31.707317,251.617249,-247.816462,19550.0,70.816951,True,2017-11-13,1516,42.437746,2015-07-22,4736,veteran,,,,2,2,,
"data/markdown/smic/2013-09-19_Equity Research, 리노공업.md",smic,company,archive,2013-09-19,2012-05-18,2013-09-19,KR,리노공업,058470,KRX,Buy,buy,리노공업,26450.0,26450원,21000.0,"21,000원",26.0,2014-06-18,6006.0,2026-09-07,68400.0,1038.861139,up,,,,40.675991,13.432836,251.617249,787.24389,129000.0,2047.852148,True,2020-07-22,2498,83.016983,2015-05-20,4736,veteran,,,,2,2,,
"data/markdown/smic/2013-09-19_Equity Research, 씨티씨바이오.md",smic,company,archive,2013-09-19,2012-05-18,2013-09-19,KR,씨티씨바이오,060590,KRX,Buy,buy,씨티씨바이오,12600.0,"12,600원",10400.0,"10,400원",,2014-06-18,14500.0,2026-09-07,3130.0,-78.413793,down,,,,-2.068966,-32.324324,251.617249,-330.031042,28400.0,95.862069,True,2014-06-18,272,95.862069,2015-07-21,4736,veteran,,,,1,1,,
"data/markdown/smic/2013-09-19_Equity Research, KH바텍.md",smic,company,archive,2013-09-19,2013-05-23,2013-09-19,KR,KH바텍,060720,KRX,Buy,buy,KH바텍,32000.0,32000원,26700.0,26700원,20.0,2014-06-18,13058.0,2026-09-07,11060.0,-15.300965,down,,,,79.139225,-1.073345,251.617249,-266.918214,36969.0,183.1138,True,2014-12-29,466,183.1138,2015-01-09,4736,veteran,,,,1,1,,
"data/markdown/smic/2013-09-19_Equity Research, LG전자.md",smic,company,archive,2013-09-19,,2013-09-19,KR,LG전자,066570,KRX,,soft_buy,LG전자,95800.0,"95,800원",83300.0,"83,300원",15.0,2014-06-18,76900.0,2026-09-07,214000.0,178.283485,up,,,,-8.842653,132.861806,251.617249,-73.333764,438000.0,469.570871,True,2017-10-19,1491,3.511053,2014-08-07,4736,veteran,,,,1,1,,
"data/markdown/smic/2013-09-19_Equity Research, 휴켐스.md",smic,company,archive,2013-09-19,2013-05-10,2013-09-19,KR,TKG휴켐스,069260,KRX,Buy,buy,TKG휴켐스,34250.0,"34,250원",22950.0,"22,950원",42.0,2014-06-18,24000.0,2026-09-07,16460.0,-31.416667,down,,,,1.041667,-13.093981,251.617249,-283.033915,32700.0,36.25,False,,,20.833333,2014-12-03,4736,veteran,,,,1,2,,
"data/markdown/smic/2013-09-19_Equity Research, 유아이디.md",smic,company,archive,2013-09-19,2012-11-03,2013-09-19,KR,유아이디,069330,KRX,Buy,buy,유아이디,11942.0,"11,942원",8780.0,"8,780원",36.0,2014-06-18,14780.0,2026-09-07,1295.0,-91.23816,down,,,,-9.742896,14.298323,251.617249,-342.855408,18560.0,25.575101,True,2014-06-18,272,9.607578,2014-08-22,4736,veteran,,,,1,1,,
"data/markdown/smic/2013-09-19_Equity Research, 엔텔스.md",smic,company,archive,2013-09-19,2012-11-16,2013-09-19,KR,엔텔스,069410,KRX,Strong Buy,buy,엔텔스,12280.0,"12,280원",6111.0,"6,111원",101.0,2014-06-18,10914.0,2026-09-07,2635.0,-75.856698,down,,,,-7.403335,-48.129921,251.617249,-327.473946,18729.0,71.605278,True,2014-07-07,291,71.605278,2015-08-31,4736,veteran,,,,1,1,,
"data/markdown/smic/2013-09-19_Equity Research, 현대백화점.md",smic,company,archive,2013-09-19,2012-04-20,2013-09-19,KR,현대백화점,069960,KRX,Buy,buy,현대백화점,211341.0,"211,341원",173500.0,"173,500원",22.0,2014-06-18,132000.0,2026-09-07,97700.0,-25.984848,down,,,,25.378788,10.27088,251.617249,-277.602097,222000.0,68.181818,True,2026-06-18,4655,34.090909,2015-05-15,4736,veteran,,,,1,1,,
"data/markdown/smic/2013-09-19_Equity Research, 이노와이어.md",smic,company,archive,2013-09-19,2012-11-23,2013-09-19,KR,LIG아큐버,073490,KRX,Buy,buy,LIG아큐버,28550.0,"28,550원",19350.0,"19,350원",48.0,2014-06-18,13450.0,2026-09-07,29250.0,117.472119,up,,,,-11.524164,30.580357,251.617249,-134.14513,71000.0,427.881041,True,2019-05-15,2064,3.717472,2015-04-07,4736,veteran,,,,2,2,,
"data/markdown/smic/2013-09-19_Equity Research, 바이오톡스텍.md",smic,company,archive,2013-09-19,2012-05-04,2013-09-19,KR,바이오톡스텍,086040,KRX,Buy,buy,바이오톡스텍,8388.0,"8,388원",5910.0,"5,910원",42.0,2014-06-18,4026.0,2026-09-07,2385.0,-40.76006,down,,,,-28.191754,-15.275311,251.617249,-292.377308,23600.0,486.189767,True,2015-07-24,673,130.501739,2015-07-27,4736,veteran,,,,1,1,,
"data/markdown/smic/2013-09-19_Equity Research, MDS테크놀로지.md",smic,company,archive,2013-09-19,2012-05-25,2013-09-19,KR,MDS테크,086960,KRX,Buy,buy,MDS테크,18950.0,"18,950원",13450.0,"13,450원",41.0,2014-06-18,5442.0,2026-09-07,1967.0,-63.8552,down,,,,9.426681,-39.476923,251.617249,-315.472449,9696.0,78.169791,False,,,37.008453,2015-08-05,4736,veteran,,,,1,1,,
"data/markdown/smic/2013-09-19_Equity Research, 후성.md",smic,company,archive,2013-09-19,2012-04-06,2013-09-19,KR,후성,093370,KRX,Buy,buy,후성,8800.0,"8,800원",6550.0,"6,550원",35.0,2014-06-18,3132.0,2026-09-07,12900.0,311.877395,up,,,,-10.568327,71.314741,251.617249,60.260146,26807.0,755.906769,True,2017-06-07,1357,108.556833,2016-06-07,4736,veteran,,,,1,1,,
"data/markdown/smic/2013-09-19_Equity Research, CJ 제일제당.md",smic,company,archive,2013-09-19,2012-05-04,2013-09-19,KR,CJ제일제당,097950,KRX,Buy,buy,CJ제일제당,469000.0,"469,000원",370000.0,"370,000원",27.0,2014-06-18,329000.0,2026-09-07,182800.0,-44.43769,down,,,,18.541033,-12.115385,251.617249,-296.054939,498500.0,51.519757,True,2015-05-11,599,42.705167,2015-05-11,4736,veteran,,,,1,2,,
"data/markdown/smic/2013-09-19_Equity Research, 원익머트리얼즈.md",smic,company,archive,2013-09-19,2012-04-06,2013-09-19,KR,원익머트리얼즈,104830,KRX,Buy,buy,원익머트리얼즈,55600.0,"55,600원",41700.0,"41,700원",33.0,2014-06-18,23475.0,2026-09-07,32100.0,36.741214,up,,,,0.319489,3.883495,251.617249,-214.876035,56100.0,138.977636,True,2026-04-24,4600,87.43344,2015-06-25,4736,veteran,,,,1,1,,
"data/markdown/smic/2013-09-19_Equity Research, 미원에스씨.md",smic,company,archive,2013-09-19,2013-04-27,2013-09-19,KR,미원홀딩스,107590,KRX,Buy,buy,미원홀딩스,478000.0,"478,000원",307000.0,"307,000원",56.0,2014-06-18,30846.0,2026-09-07,64000.0,107.482332,up,,,,-10.095312,-5.185185,251.617249,-144.134917,189000.0,512.72126,False,,,35.012643,2016-06-07,4736,veteran,,,,1,1,,
"data/markdown/smic/2013-09-19_Equity Research, 동일금속.md",smic,company,archive,2013-09-19,2012-11-16,2013-09-19,KR,동일금속,109860,KRX,Buy,buy,동일금속,18451.0,"18,451원",13000.0,"13,000원",42.0,2014-06-18,7354.0,2026-09-07,7590.0,3.209138,up,,,,4.188197,-4.287516,251.617249,-248.408111,32500.0,341.936361,True,2022-04-05,3120,10.048953,2015-05-11,4736,veteran,,,,1,1,,
"data/markdown/smic/2013-09-19_Equity Research, 골프존.md",smic,company,archive,2013-09-19,2012-05-04,2013-09-19,KR,골프존홀딩스,121440,KRX,Buy,buy,골프존홀딩스,87400.0,"87,400원",67000.0,"67,000원",31.0,2014-06-18,9657.0,2026-09-07,8050.0,-16.640779,down,,,,45.065755,61.484453,251.617249,-268.258027,17000.0,76.038107,False,,,76.038107,2015-04-10,4736,veteran,,,,1,1,,
"data/markdown/smic/2013-09-19_Equity Research, 삼기오토모티브.md",smic,company,archive,2013-09-19,2013-05-24,2013-09-19,KR,삼기,122350,KRX,Buy,buy,삼기,6245.0,"6,245원",4825.0,"4,825원",29.0,2014-06-18,4750.0,2026-09-07,1742.0,-63.326316,down,,,,-2.842105,37.925574,251.617249,-314.943564,7030.0,48.0,True,2021-01-13,2673,14.526316,2015-04-22,4736,veteran,,,,1,1,,
"data/markdown/smic/2013-09-19_Equity Research, SJM.md",smic,company,archive,2013-09-19,2012-05-05,2013-09-19,KR,SJM,123700,KRX,Buy,buy,SJM,11690.0,"11,690원",7180.0,"7,180원",63.0,2014-06-18,8570.0,2026-09-07,3440.0,-59.859977,down,,,,-0.700117,-8.388815,251.617249,-311.477225,10500.0,22.52042,False,,,22.52042,2014-07-11,4736,veteran,,,,1,1,,
"data/markdown/smic/2013-09-19_Equity Research, 하이비젼시스템.md",smic,company,archive,2013-09-19,2013-04-13,2013-09-19,KR,하이비젼시스템,126700,KRX,Buy,buy,하이비젼시스템,5600.0,"5,600원",4455.0,"4,455원",26.0,2014-06-18,8230.0,2026-09-07,11340.0,37.788578,up,,,,-4.617254,-28.813559,251.617249,-213.82867,29900.0,263.304982,True,2014-06-18,272,78.00729,2015-05-18,4736,veteran,,,,1,1,,
"data/markdown/smic/2013-09-19_Equity Research, 코라오홀딩스.md",smic,company,archive,2013-09-19,2012-10-12,2013-09-19,KR,엘브이엠씨홀딩스,900140,KRX,Buy,buy,엘브이엠씨홀딩스,35900.0,"35,900원",20950.0,"20,950원",71.31,2014-06-18,11345.0,2026-09-07,1215.0,-89.290436,down,,,,-22.873513,-24.0625,251.617249,-340.907685,12815.0,12.95725,False,,,12.95725,2014-07-08,4736,veteran,,,,1,2,,
"data/markdown/smic/2013-09-19_Equity Research, SBI액시즈.md",smic,company,archive,2013-09-19,2013-04-13,2013-09-19,KR,SBI핀테크솔루션즈,950110,KRX,Buy,buy,SBI핀테크솔루션즈,5304.0,"5,304원",3670.0,3850원,44.5232,2013-09-23,3530.0,2025-07-23,4930.0,39.660057,up,-12.889518,-23.796034,-18.130312,-35.835694,0.0,58.443026,-18.782969,18350.0,419.830028,True,2016-04-05,929,13.172805,2015-06-25,4736,veteran,,,,1,2,,
"data/markdown/smic/2013-10-13_Equity Research, SBI모기지.md",smic,company,archive,2013-10-13,2013-05-31,2013-10-13,KR,SBI모기지,950100,KRX,Buy,buy,SBI모기지,20000.0,"20,000원",16750.0,"14,000원",19.403,2013-10-14,16750.0,2015-01-06,18000.0,7.462687,up,-18.80597,-34.626866,-25.970149,5.970149,0.0,-6.82186,14.284547,19000.0,13.432836,False,,,13.432836,2015-01-05,4712,veteran,,,,1,1,,
"data/markdown/smic/2013-10-16_Equity Research, 와이솔.md",smic,company,archive,2013-10-16,2012-10-12,2013-10-16,KR,와이솔,122990,KRX,Buy,buy,와이솔,15594.0,"15,594",11950.0,"11,950",30.0,2014-06-18,8441.0,2026-09-07,6230.0,-26.193579,down,,,,-40.789006,8.536585,251.617249,-277.810828,20600.0,144.046914,True,2016-04-08,905,90.783083,2016-04-21,4709,veteran,,,,1,1,,
"data/markdown/smic/2013-11-01_Equity Research, 동아화성.md",smic,company,archive,2013-11-01,2013-10-26,2013-11-01,KR,SY동아,041930,KRX,Buy,buy,SY동아,8633.0,"8,633 원",6550.0,"6,550 원",32.0,2014-06-18,6610.0,2026-09-07,5170.0,-21.785174,down,,,,-20.574887,-24.854651,251.617249,-273.402423,17850.0,170.045386,True,2020-07-16,2449,8.472012,2014-07-15,4693,veteran,,,,1,1,,
"data/markdown/smic/2013-11-15_Equity Research, SK가스.md",smic,company,archive,2013-11-15,2013-11-09,2013-11-15,KR,SK가스,018670,KRX,Buy,buy,SK가스,92994.0,"92,994 원",74600.0,"74,600 원",25.0,2014-06-18,92209.0,2026-09-07,239500.0,159.736034,up,,,,27.704454,6.444444,251.617249,-91.881214,302000.0,227.516837,True,2014-06-18,215,58.596232,2014-10-02,4679,veteran,,,,1,1,,
"data/markdown/smic/2014-03-04_Equity Research, 동원개발.md",smic,company,archive,2014-03-04,2013-11-23,2014-03-04,KR,동원개발,013120,KRX,Buy,buy,동원개발,20334.0,"20,334",15050.0,"15,050 원",,2014-06-18,2535.0,2026-09-07,2145.0,-15.384615,down,,,37.475345,49.112426,-23.11828,251.617249,-267.001864,7040.0,177.712032,False,,,162.721893,2015-07-20,4570,veteran,,,,1,1,,
"data/markdown/smic/2014-03-04_Equity Research, 티케이케미칼.md",smic,company,archive,2014-03-04,2013-11-29,2014-03-04,KR,티케이케미칼,104480,KRX,Buy,buy,티케이케미칼,2170.0,"2,170",1500.0,"1,500",45.0,2014-06-18,2485.0,2026-09-07,1751.0,-29.537223,down,,,-4.828974,-15.291751,11.528662,251.617249,-281.154472,8950.0,260.160966,True,2014-06-18,106,46.478873,2015-07-16,4570,veteran,,,,1,1,,
"data/markdown/smic/2014-03-04_Equity Research, CJ E&M.md",smic,company,archive,2014-03-04,2013-11-23,2014-03-04,US,방송채널사용사업자,PP,US,Buy,buy,PP,,,,,40.0,2022-10-31,19.853132,2025-02-28,26.1,31.465403,up,,,,,0.0,53.784369,-22.318966,31.792629,60.139108,,,,60.139108,2024-07-15,4570,veteran,,missing_target_price,,1,1,,
"data/markdown/smic/2014-05-12_Equity Research, 한일시멘트.md",smic,company,archive,2014-05-12,,2014-05-12,KR,한일홀딩스,003300,KRX,Buy,buy,한일홀딩스,19248.0597,"170,000 원",15172.0,"134,000 원",26.8657,2014-05-12,15172.0,2026-09-07,18560.0,22.330609,up,-1.93778,6.59768,15.508832,10.084366,13.308913,256.010362,-233.679753,23800.0,56.867915,True,2015-01-16,249,46.117849,2015-03-24,4501,veteran,,,target_split_adjusted,1,1,,
"data/markdown/smic/2014-05-12_Equity Research, 진로발효.md",smic,company,archive,2014-05-12,,2014-05-12,KR,진로발효,018120,KRX,Buy,buy,진로발효,29950.0,"29,950 원",22903.0,"21,550 원",30.7689,2014-05-12,22903.0,2026-09-07,16670.0,-27.214775,down,1.755229,13.845348,40.217439,48.129066,-7.849641,256.010362,-283.225137,52953.0,131.205519,True,2014-09-30,141,131.205519,2015-06-30,4501,veteran,,,,1,1,,
"data/markdown/smic/2014-05-12_Equity Research, 무학.md",smic,company,archive,2014-05-12,2014-04-12,2014-05-12,KR,무학,033920,KRX,Buy,buy,무학,32784.0,"32,784 원",25400.0,"25,400 원",29.0,2014-06-18,30165.0,2026-09-07,7730.0,-74.374275,down,,6.878833,0.48069,31.586275,-18.201058,251.617249,-325.991523,65184.0,116.091497,True,2014-07-04,53,116.091497,2015-07-15,4501,veteran,,,,2,2,,
"data/markdown/smic/2014-05-12_Equity Research, 바텍.md",smic,company,archive,2014-05-12,2014-04-12,2014-05-12,KR,바텍,043150,KRX,Buy,buy,바텍,20300.0,20300 원,14800.0,14800 원,37.0,2014-06-18,20550.0,2026-09-07,18240.0,-11.240876,down,,4.622871,33.819951,34.306569,-6.700767,251.617249,-262.858125,50700.0,146.715328,True,2014-06-18,37,146.715328,2016-02-03,4501,veteran,,,,2,2,,
"data/markdown/smic/2014-05-18_Equity Research, SK하이닉스.md",smic,company,archive,2014-05-18,2014-05-03,2014-05-18,KR,SK하이닉스,000660,KRX,Buy,buy,SK하이닉스,55078.0,"55,078 원",42250.0,"40,650 원",30.3621,2014-05-19,40900.0,2026-09-07,1783000.0,4259.413203,up,20.660147,6.479218,20.293399,11.124694,173.886329,247.141638,4012.271565,2987000.0,7203.178484,True,2017-05-02,1080,28.117359,2014-07-17,4495,veteran,,,,1,2,,
"data/markdown/smic/2014-05-18_Equity Research, OCI.md",smic,company,archive,2014-05-18,2014-05-03,2014-05-18,KR,OCI홀딩스,010060,KRX,Buy,buy,OCI홀딩스,227000.0,"227,000 원",137873.0,"180,000 원",64.6443,2014-05-19,137476.0,2026-09-07,222000.0,61.482732,up,-2.312404,-12.717129,-47.398819,-44.393203,92.708333,247.141638,-185.658906,414000.0,201.143472,True,2026-03-20,4324,4.62408,2014-05-26,4495,veteran,,,,1,1,,
"data/markdown/smic/2014-05-18_Equity Research, 현대미포조선.md",smic,company,archive,2014-05-18,,2014-05-18,KR,HD현대미포,010620,KRX,Buy,buy,HD현대미포,183000.0,"183,000 원",77205.0,"138,000 원",137.0313,2014-05-19,75701.0,2025-12-12,223000.0,194.579992,up,7.947055,-21.522833,-45.363998,-46.025812,0.0,106.79258,87.787412,257000.0,239.493534,True,2025-05-21,4021,11.589015,2014-05-29,4495,veteran,,,,1,2,,
"data/markdown/smic/2014-05-18_Equity Research, 한전KPS.md",smic,company,archive,2014-05-18,2014-05-02,2014-05-18,KR,한전KPS,051600,KRX,Buy,buy,한전KPS,95900.0,95900 원,68600.0,68600 원,39.9,2014-06-18,69800.0,2026-09-07,47350.0,-32.163324,down,,12.464183,34.813754,41.833811,-4.246714,251.617249,-283.780572,135500.0,94.126074,True,2014-11-05,171,94.126074,2015-09-08,4495,veteran,,,,2,2,,
"data/markdown/smic/2014-05-18_Equity Research, CJ제일제당.md",smic,company,archive,2014-05-18,2014-05-03,2014-05-18,KR,CJ제일제당,097950,KRX,Buy,buy,CJ제일제당,433000.0,"433,000",311500.0,"311,500",39.0,2014-06-18,329000.0,2026-09-07,182800.0,-44.43769,down,,10.790274,4.863222,35.866261,-12.115385,251.617249,-296.054939,498500.0,51.519757,True,2015-05-07,354,42.705167,2015-05-11,4495,veteran,,,,2,2,,
"data/markdown/smic/2014-06-24_Equity Research, 한국단자.md",smic,company,archive,2014-06-24,,2014-06-24,KR,한국단자,025540,KRX,Buy,buy,한국단자,61400.0,"61,400 원",43800.0,"42,400 원",40.1826,2014-06-24,43800.0,2026-09-07,56900.0,29.908676,up,4.452055,15.525114,55.479452,100.228311,-15.453195,250.760398,-220.851722,112500.0,156.849315,True,2014-10-24,122,156.849315,2015-09-10,4458,veteran,,,,2,2,,
"data/markdown/smic/2014-06-24_Equity Research, 예림당.md",smic,company,archive,2014-06-24,2014-05-17,2014-06-24,KR,예림당,036000,KRX,Buy,buy,예림당,10850.0,10850 원,6960.0,7380 원,55.8908,2014-06-24,6960.0,2026-09-07,2920.0,-58.045977,down,-5.747126,-19.396552,-12.931034,-17.672414,-10.703364,250.760398,-308.806375,15700.0,125.574713,True,2017-06-21,1093,21.695402,2015-04-21,4458,veteran,,,,2,2,,
"data/markdown/smic/2014-06-24_Equity Research, 알티캐스트.md",smic,company,archive,2014-06-24,2014-05-31,2014-06-24,KR,알티캐스트,085810,KRX,Buy,buy,알티캐스트,,,64985.0,"10,500",,2014-06-24,64985.0,2026-09-07,1490.0,-97.707163,down,-6.78772,-12.398246,-10.045395,-20.363161,-56.836616,250.760398,-348.467561,66749.0,2.714473,,,,2.714473,2015-04-10,4458,veteran,,missing_target_price,target_price_suspect,1,1,,
"data/markdown/smic/2014-06-24_Equity Research, 기신정기.md",smic,company,archive,2014-06-24,2014-05-31,2014-06-24,KR,기신정기,092440,KRX,Buy,buy,기신정기,9600.0,"9,600 원",7850.0,"7,840 원",22.293,2014-06-24,7850.0,2026-09-07,1987.0,-74.687898,down,-1.910828,-2.547771,-7.006369,15.159236,-14.168467,250.760398,-325.448296,9350.0,19.10828,False,,,19.10828,2015-06-19,4458,veteran,,,,1,1,,
"data/markdown/smic/2014-06-24_Equity Research, 우양에이치씨.md",smic,company,archive,2014-06-24,,2014-06-24,KR,우양에이치씨,101970,KRX,Buy,buy,우양에이치씨,7350.0,"7,350 원",3000.0,"5,710 원",145.0,2014-06-24,3000.0,2026-09-07,10560.0,252.0,up,0.0,10.0,23.666667,-72.333333,-8.729473,250.760398,1.239602,24850.0,728.333333,True,2025-03-28,3930,43.333333,2014-11-26,4458,veteran,,,,1,1,,
"data/markdown/smic/2014-06-24_Equity Research, 대양전기공업.md",smic,company,archive,2014-06-24,2014-05-17,2014-06-24,KR,대양전기공업,108380,KRX,Buy,buy,대양전기공업,17400.0,"17,400 원",14100.0,"15,600 원",23.4043,2014-06-24,14100.0,2026-09-07,18640.0,32.198582,up,-0.35461,4.255319,-5.673759,-0.35461,-32.707581,250.760398,-218.561817,36650.0,159.929078,True,2018-05-10,1416,6.737589,2014-09-04,4458,veteran,,,,1,1,,
"data/markdown/smic/2014-06-24_Equity Research, 인터파크INT.md",smic,company,archive,2014-06-24,2014-05-31,2014-06-24,KR,인터파크,108790,KRX,Hold,soft_buy,인터파크,20000.0,"20,000 원",19500.0,"19,400 원",2.5641,2014-06-24,19500.0,2020-07-15,5020.0,-74.25641,down,0.25641,25.384615,23.076923,15.897436,0.0,10.405897,-84.662307,27450.0,40.769231,True,2014-06-27,3,40.769231,2014-11-05,4458,veteran,,,,1,1,,
"data/markdown/smic/2014-06-24_Equity Research, 인트로메딕.md",smic,company,archive,2014-06-24,2014-05-17,2014-06-24,KR,인트로메딕,150840,KRX,Buy,buy,인트로메딕,22300.0,"22,300",6951.0,"14,100",220.8171,2014-06-24,6951.0,2026-01-23,150.0,-97.842037,down,16.544382,6.9918,1.841462,-1.093368,-97.435897,150.210344,-248.052381,16790.0,141.547979,False,,,45.590563,2015-11-03,4458,veteran,,,,1,1,,
"data/markdown/smic/2014-06-24_Equity Research, 내츄럴엔도텍.md",smic,company,archive,2014-06-24,2014-05-31,2014-06-24,KR,내츄럴엔도텍,168330,KRX,Buy,buy,내츄럴엔도텍,88200.0,"88,200 원",82222.0,"68,000 원",7.2706,2014-06-24,82222.0,2026-09-07,2180.0,-97.348641,down,8.919754,14.324633,8.365158,-63.635037,-29.677419,250.760398,-348.10904,182400.0,121.838437,True,2014-07-02,8,121.838437,2015-04-16,4458,veteran,,,,1,1,,
"data/markdown/smic/2014-10-27_Equity Research, KSS해운.md",smic,company,archive,2014-10-27,2014-10-18,2014-10-27,KR,KSS해운,044450,KRX,Buy,buy,KSS해운,19757.0,"19,757 원",7304.0,"15,200 원",170.4956,2014-10-27,7304.0,2026-09-07,10190.0,39.512596,up,-6.161008,-11.637459,-0.684556,18.496714,13.474388,262.08585,-222.573254,16100.0,120.427163,False,,,41.01862,2016-10-04,4333,veteran,,,,1,1,,
"data/markdown/smic/2014-10-27_Equity Research, 캐스텍코리아.md",smic,company,archive,2014-10-27,2014-10-18,2014-10-27,KR,캐스텍코리아,071850,KRX,Buy,buy,캐스텍코리아,12400.0,"12,400 원",8604.0,8740 원,44.119,2014-10-27,8604.0,2026-09-07,1283.0,-85.088331,down,-19.607159,-23.69828,-13.005579,-24.639702,-16.850292,262.08585,-347.174181,9289.0,7.961413,False,,,7.961413,2014-10-30,4333,veteran,,,,1,1,,
"data/markdown/smic/2014-10-27_Equity Research, 새론오토모티브.md",smic,company,archive,2014-10-27,2014-10-18,2014-10-27,KR,새론오토모티브,075180,KRX,Buy,buy,새론오토모티브,14032.0,"14,032 원",10900.0,"10,400 원",28.7339,2014-10-27,10900.0,2026-09-07,2960.0,-72.844037,down,-2.752294,-1.376147,-5.504587,-19.357798,-12.166172,262.08585,-334.929887,12100.0,11.009174,False,,,11.009174,2014-12-17,4333,veteran,,,,2,2,,
"data/markdown/smic/2014-10-27_Equity Research, 아미코젠.md",smic,company,archive,2014-10-27,2014-10-18,2014-10-27,KR,아미코젠,092040,KRX,Buy,buy,아미코젠,15846.2636,"73,850 원",11072.0,"51,600 원",43.1202,2014-10-27,11072.0,2026-09-07,1019.0,-90.796604,down,-13.249639,-7.252529,45.547327,35.612355,-42.817059,262.08585,-352.882454,28952.0,161.488439,True,2015-04-13,168,161.488439,2015-06-25,4333,veteran,,,target_split_adjusted,1,1,,
"data/markdown/smic/2014-10-27_Equity Research, 효성오앤비.md",smic,company,archive,2014-10-27,2014-10-18,2014-10-27,KR,효성오앤비,097870,KRX,Buy,buy,효성오앤비,30159.0,"30,159",18709.0,"23,500",61.2005,2014-10-27,18709.0,2026-09-07,4585.0,-75.493078,down,-3.848415,-5.863488,1.827997,-20.15073,-23.583333,262.08585,-337.578928,27137.0,45.047838,False,,,45.047838,2015-05-22,4333,veteran,,,,1,1,,
"data/markdown/smic/2014-11-12_Equity Research, 대한유화.md",smic,company,archive,2014-11-12,2014-11-01,2014-11-12,KR,대한유화,006650,KRX,Buy,buy,대한유화,102548.0,"102,548 원",77100.0,"78,200 원",33.0065,2014-11-12,77100.0,2026-09-07,97500.0,26.459144,up,-10.246433,7.652399,132.166018,102.983139,-32.665746,255.588709,-229.129565,405500.0,425.940337,True,2015-03-03,111,256.679637,2016-04-18,4317,veteran,,,,1,3,,
"data/markdown/smic/2014-11-12_Equity Reseach, 신대양제지.md",smic,company,archive,2014-11-12,2014-11-01,2014-11-12,KR,신대양제지,016590,KRX,Buy,buy,신대양제지,5036.2694,"54,000 원",3600.0,"38,600 원",39.8964,2014-11-12,3600.0,2026-09-07,10410.0,189.166667,up,-6.25,-5.972222,21.666667,-27.5,-20.594966,255.588709,-66.422043,18150.0,404.166667,True,2018-03-05,1209,36.111111,2015-04-14,4317,veteran,,,target_split_adjusted,1,2,,
"data/markdown/smic/2014-11-12_Equity Research, 한라홀딩스.md",smic,company,archive,2014-11-12,2014-11-01,2014-11-12,KR,HL홀딩스,060980,KRX,Buy,buy,HL홀딩스,93865.0,"93,865 원",70000.0,"70,900 원",34.0929,2014-11-12,70000.0,2026-09-07,40350.0,-42.357143,down,10.857143,-11.428571,-3.428571,-23.714286,-10.033445,255.588709,-297.945852,81000.0,15.714286,False,,,15.714286,2014-12-04,4317,veteran,,,,1,1,,
"data/markdown/smic/2014-11-12_Equity Research, 메리츠금융그룹.md",smic,company,archive,2014-11-12,2014-11-01,2014-11-12,KR,메리츠금융지주,138040,KRX,Buy,buy,메리츠금융지주,11511.0,"11,511 원",9270.0,"9,430 원",24.1748,2014-11-12,9270.0,2026-09-07,133700.0,1342.286947,up,-2.373247,12.18986,44.552319,48.867314,18.21397,255.588709,1086.698238,149800.0,1515.96548,True,2015-02-26,106,84.466019,2015-07-17,4317,veteran,,,,1,1,,
"data/markdown/smic/2014-11-12_Equity Research, 라이온켐텍.md",smic,company,archive,2014-11-12,2014-11-01,2014-11-12,KR,라이온켐텍,171120,KRX,Buy,buy,라이온켐텍,8156.4054,"39,950 원",6421.0,"31,450 원",27.027,2014-11-12,6421.0,2026-09-07,2005.0,-68.774334,down,5.855786,18.766547,13.362405,-8.55007,-8.863636,255.588709,-324.363043,9827.0,53.044697,True,2015-01-30,79,53.044697,2015-07-20,4317,veteran,,,target_split_adjusted,1,1,,
data/markdown/smic/2014-12-02_Equity Research_아모레G.md,smic,company,archive,2014-12-02,2014-11-15,2014-12-02,KR,아모레퍼시픽홀딩스,002790,KRX,Buy,buy,아모레퍼시픽홀딩스,164505.4119,"1,587,000 원",117030.0,"1,129,000 원",40.5669,2014-12-02,117030.0,2026-09-07,26450.0,-77.398958,down,-14.919251,9.888917,49.189951,38.107323,-1.489758,255.849183,-333.248141,214505.0,83.290609,True,2015-04-20,139,83.290609,2015-07-03,4297,veteran,,,target_split_adjusted,1,1,,
data/markdown/smic/2014-12-02_Equity Research_KT.md,smic,company,archive,2014-12-02,2014-11-15,2014-12-02,KR,KT,030200,KRX,Buy,buy,KT,42830.0,"42,830 원",31650.0,"32,250 원",35.3239,2014-12-02,31650.0,2026-09-07,54900.0,73.459716,up,-1.263823,-3.317536,-8.530806,-6.161137,4.372624,255.849183,-182.389468,69400.0,119.273302,True,2024-10-17,3607,6.161137,2016-11-03,4297,veteran,,,,1,1,,
data/markdown/smic/2014-12-02_Equity Research_삼성생명.md,smic,company,archive,2014-12-02,2014-11-15,2014-12-02,KR,삼성생명,032830,KRX,Buy,buy,삼성생명,139029.0,"139,029 원",126000.0,"119,000 원",10.3405,2014-12-02,126000.0,2026-09-07,312000.0,147.619048,up,-7.539683,-22.142857,-11.111111,-16.269841,97.969543,255.849183,-108.230136,516500.0,309.920635,True,2025-07-14,3877,1.587302,2014-12-09,4297,veteran,,,,1,1,,
data/markdown/smic/2014-12-02_Equity Research_LG생활건강.md,smic,company,archive,2014-12-02,2014-11-15,2014-12-02,KR,LG생활건강,051900,KRX,Buy,buy,LG생활건강,753621.0,"753,621 원",633000.0,"590,000 원",19.0555,2014-12-02,633000.0,2026-09-07,293000.0,-53.71248,down,-1.579779,2.527646,27.64613,63.823065,13.346228,255.849183,-309.561664,1784000.0,181.832543,True,2015-03-17,105,89.415482,2016-07-08,4297,veteran,,,,1,1,,
data/markdown/smic/2014-12-02_Equity Research_BS금융지주.md,smic,company,archive,2014-12-02,2014-11-15,2014-12-02,KR,BNK금융지주,138930,KRX,Buy,buy,BNK금융지주,20650.0,"20,650 원",14993.0,"16,100 원",37.7309,2014-12-02,14993.0,2026-09-07,15800.0,5.382512,up,-7.049957,-6.409658,0.640299,-40.318815,-0.441084,255.849183,-250.466671,23050.0,53.738411,True,2026-02-12,4090,8.650704,2015-04-28,4297,veteran,,,,1,1,,
data/markdown/smic/2014-12-28_Equity Research_AK홀딩스.md,smic,company,archive,2014-12-28,2014-12-02,2014-12-28,KR,AK홀딩스,006840,KRX,Buy,buy,AK홀딩스,103500.0,"103,500 원",76500.0,"77,400 원",35.2941,2014-12-29,79900.0,2026-09-07,7580.0,-90.513141,down,15.769712,13.767209,1.251564,-23.279099,-12.973594,262.85778,-353.370922,111000.0,38.923655,True,2015-01-30,33,38.923655,2015-03-17,4271,veteran,,,,1,1,,
data/markdown/smic/2014-12-28_Equity Research_한국토지신탁.md,smic,company,archive,2014-12-28,2014-11-29,2014-12-28,KR,한국토지신탁,034830,KRX,Buy,buy,한국토지신탁,4280.0,"4,280 원",3565.0,"3,380 원",20.0561,2014-12-29,3805.0,2026-09-07,1194.0,-68.620237,down,-1.971091,2.102497,14.848883,-27.726675,-5.162828,262.85778,-331.478017,4480.0,17.739816,True,2015-03-31,93,17.739816,2015-06-29,4271,veteran,,,,1,1,,
data/markdown/smic/2014-12-28_Equity Research_오로라.md,smic,company,archive,2014-12-28,2014-11-29,2014-12-28,KR,오로라,039830,KRX,Buy,buy,오로라,20594.0,"20,594 원",13250.0,"13,950 원",55.4264,2014-12-29,13250.0,2026-09-07,15230.0,14.943396,up,4.90566,-4.150943,6.415094,6.792453,5.617198,262.85778,-247.914384,26400.0,99.245283,True,2025-07-04,3841,23.396226,2015-06-04,4271,veteran,,,,1,1,,
data/markdown/smic/2014-12-28_Equity Research_오스템 임플란트.md,smic,company,archive,2014-12-28,2014-11-29,2014-12-28,KR,오스템임플란트,048260,KRX,Buy,buy,오스템임플란트,,,291260.0,"36,800 원",,2014-12-29,291680.0,2023-08-11,1900000.0,551.398793,up,20.9339,34.596133,102.039907,119.480252,0.0,34.411212,516.987581,1902000.0,552.084476,,,,153.493555,2016-01-21,4271,veteran,,missing_target_price,target_price_suspect,2,2,,
"data/markdown/smic/2015-04-17_Equity Research, 일신방직.md",smic,company,archive,2015-04-17,2015-04-11,2015-04-17,KR,일신방직,003200,KRX,Buy,buy,일신방직,22273.4,"222,734 원",18950.0,"189,500 원",17.5377,2015-04-17,18950.0,2026-09-07,10400.0,-45.118734,down,-4.74934,4.221636,-6.332454,-19.525066,-16.26409,226.353627,-271.472361,25300.0,33.509235,True,2015-04-21,4,33.509235,2015-06-26,4161,veteran,,,target_split_adjusted,1,1,,
"data/markdown/smic/2015-04-17_Equity Research, 금강공업.md",smic,company,archive,2015-04-17,2015-04-11,2015-04-17,KR,금강공업,014280,KRX,Buy,buy,금강공업,25725.9133,"116,742 원",16880.0,"76,600 원",52.4047,2015-04-17,16880.0,2026-09-07,4270.0,-74.703791,down,4.976303,7.819905,-24.052133,-41.587678,-29.537954,226.353627,-301.057419,22900.0,35.663507,False,,,35.663507,2015-07-21,4161,veteran,,,target_split_adjusted,1,1,,
"data/markdown/smic/2015-04-17_Equity Research, 원익 IPS.md",smic,company,archive,2015-04-17,2015-04-11,2015-04-17,KR,원익홀딩스,030530,KRX,Buy,buy,원익홀딩스,15200.0,15200 원,6160.0,11350 원,146.7532,2015-04-17,6160.0,2026-09-07,22350.0,262.824675,up,49.512987,40.097403,-7.62987,9.902597,-54.106776,226.353627,36.471048,50600.0,721.428571,True,2025-10-10,3829,62.37013,2015-06-23,4161,veteran,,,,1,1,,
"data/markdown/smic/2015-04-17_Equity Research, 테크윙.md",smic,company,archive,2015-04-17,2015-04-11,2015-04-17,KR,테크윙,089030,KRX,Buy,buy,테크윙,14760.0,"14,760",5468.0,"11,200",169.9342,2015-04-17,5468.0,2026-09-07,48100.0,779.663497,up,11.119239,14.81346,-3.237015,6.016825,5.021834,226.353627,553.309869,74000.0,1253.328456,True,2021-08-09,2306,46.287491,2016-07-14,4161,veteran,,,,1,2,,
"data/markdown/smic/2015-04-17_Equity Research, SK 이노베이션.md",smic,company,archive,2015-04-17,2015-04-11,2015-04-17,KR,SK이노베이션,096770,KRX,Buy,buy,SK이노베이션,152416.0,"152,416 원",111678.0,"111,500 원",36.4781,2015-04-17,111678.0,2026-09-07,137900.0,23.480005,up,-0.440552,-5.286628,-3.964971,46.256201,36.264822,226.353627,-202.873622,322243.0,188.546536,True,2016-03-07,325,56.828561,2016-04-14,4161,veteran,,,,1,1,,
"data/markdown/smic/2015-05-11_Equity Research, 한국전력.md",smic,company,archive,2015-05-11,2015-05-02,2015-05-11,KR,한국전력,015760,KRX,Buy,buy,한국전력,72483.0,"72,483 원",46800.0,"46,850 원",54.8782,2015-05-11,46800.0,2026-09-07,32750.0,-30.021368,down,-6.623932,8.974359,12.606838,32.051282,-30.614407,233.529928,-263.551295,69500.0,48.504274,False,,,36.111111,2016-05-09,4137,veteran,,,,1,2,,
"data/markdown/smic/2015-05-11_Equity Research, 코웨이.md",smic,company,archive,2015-05-11,2015-05-02,2015-05-11,KR,코웨이,021240,KRX,Buy,buy,코웨이,121057.0,"121,057 원",90600.0,"90,300 원",33.617,2015-05-11,90600.0,2026-09-07,97700.0,7.836645,up,0.662252,15.342163,4.304636,10.927152,12.428078,233.529928,-225.693283,114700.0,26.600442,False,,,25.275938,2016-06-09,4137,veteran,,,,2,2,,
"data/markdown/smic/2015-05-11_Equity Research, 유진기업.md",smic,company,archive,2015-05-11,2015-05-02,2015-05-11,KR,유진기업,023410,KRX,Buy,buy,유진기업,10070.0,"10,070 원",7130.0,"7,270 원",41.2342,2015-05-11,7130.0,2026-09-07,3230.0,-54.698457,down,-15.147265,-7.293128,-28.471248,-25.666199,-11.141678,233.529928,-288.228385,10950.0,53.576438,True,2018-05-14,1099,33.941094,2015-07-17,4137,veteran,,,,1,1,,
"data/markdown/smic/2015-05-11_Equity Research, 필룩스.md",smic,company,archive,2015-05-11,2015-05-02,2015-05-11,KR,KH 필룩스,033180,KRX,Buy,buy,KH 필룩스,,,30418.0,"2,890 원",,2015-05-11,30418.0,2026-01-14,316.0,-98.961141,down,-5.647972,-18.245776,-13.232297,53.474916,-94.048964,125.190476,-224.151617,344271.0,1031.80025,,,,107.055033,2016-03-14,4137,veteran,,missing_target_price,target_price_suspect,1,1,,
"data/markdown/smic/2015-05-11_Equity Research, 이마트.md",smic,company,archive,2015-05-11,2015-05-02,2015-05-11,KR,이마트,139480,KRX,Buy,buy,이마트,343975.0,"343,975 원",235000.0,"221,500 원",46.3723,2015-05-11,235000.0,2026-09-07,74200.0,-68.425532,down,0.425532,5.744681,-8.085106,-20.851064,-8.733087,233.529928,-301.95546,323500.0,37.659574,False,,,9.361702,2015-05-15,4137,veteran,,,,1,1,,
"data/markdown/smic/2015-05-22_Equity Research, 현대제철.md",smic,company,archive,2015-05-22,2015-05-16,2015-05-22,KR,현대제철,004020,KRX,Buy,buy,현대제철,95645.0,"95,645 원",76000.0,"74,900 원",25.8487,2015-05-22,76000.0,2026-09-07,32400.0,-57.368421,down,-11.447368,-30.0,-34.868421,-32.763158,4.347826,225.95825,-283.326671,77000.0,1.315789,False,,,1.315789,2015-05-26,4126,veteran,,,,2,3,,
"data/markdown/smic/2015-05-22_Equity Research, 벽산.md",smic,company,archive,2015-05-22,2015-05-16,2015-05-22,KR,벽산,007210,KRX,Buy,buy,벽산,9510.0,9510,8290.0,6790,14.7165,2015-05-22,8290.0,2026-09-07,1453.0,-82.472859,down,7.720145,8.443908,5.669481,-6.513872,-16.590126,225.95825,-308.431109,13450.0,62.243667,True,2015-06-17,26,62.243667,2015-07-17,4126,veteran,,,,1,2,,
"data/markdown/smic/2015-05-22_Equity Research, The Walt Disney Company (미국).md",smic,company,archive,2015-05-22,2015-05-16,2015-05-22,US,The Walt Disney Company,DIS,NYSE,Buy,buy,DIS,131.1,$131.1,100.399452,$110.3,30.5784,2015-05-22,100.399452,2026-09-04,105.959999,5.538424,up,2.140399,-8.75955,7.769912,-8.395017,-6.864725,264.044269,-258.505846,198.348988,97.559831,True,2019-04-25,1434,11.364062,2015-08-04,4126,veteran,,,,1,1,,
"data/markdown/smic/2015-05-22_Equity Research, Starbucks Corporation (미국).md",smic,company,archive,2015-05-22,2015-05-16,2015-05-22,US,Starbucks Corporation,SBUX,NYSE,Buy,buy,SBUX,64.91,$64.91,41.064846,$49.50,58.0671,2015-05-22,41.064846,2026-09-04,106.279999,158.810172,up,4.75917,8.71,20.767405,7.460021,27.766714,264.044269,-105.234097,113.639988,176.733018,True,2019-04-12,1421,24.662903,2015-10-30,4126,veteran,,,,1,1,,
"data/markdown/smic/2015-06-06_Equity Research, 동국산업.md",smic,company,archive,2015-06-06,2015-05-30,2015-06-06,KR,동국산업,005160,KRX,Buy,buy,동국산업,6160.0,6160 원,3880.0,4030 원,58.7629,2015-06-08,3835.0,2026-09-07,2530.0,-34.028683,down,-5.606258,-14.602347,1.564537,42.112125,-7.326007,238.72864,-272.757323,11100.0,189.439374,True,2016-07-18,408,76.271186,2016-09-28,4111,veteran,,,,1,1,,
"data/markdown/smic/2015-06-06_Equity Research, 아트라스 BX.md",smic,company,archive,2015-06-06,,2015-06-06,KR,한국아트라스비엑스,023890,KRX,Buy,buy,한국아트라스비엑스,50071.0,"50,071 원",40000.0,"39,850 원",25.1775,2015-06-08,40200.0,2021-04-16,62200.0,54.726368,up,-13.681592,-8.830846,2.985075,32.587065,0.0,54.882602,-0.156233,75200.0,87.064677,True,2016-03-31,299,63.930348,2016-09-07,4111,veteran,,,,2,2,,
"data/markdown/smic/2015-06-06_Equity Research, 신진에스엠.md",smic,company,archive,2015-06-06,2015-05-30,2015-06-06,KR,신진에스엠,138070,KRX,Buy,buy,신진에스엠,45461.0,"45,461 원",15512.0,"29,550 원",193.0699,2015-06-08,15076.0,2026-09-07,1510.0,-89.984081,down,-9.180154,-31.28814,-38.770231,-61.395596,-28.095238,238.72864,-328.712721,16640.0,10.374105,False,,,10.374105,2015-06-19,4111,veteran,,,,1,1,,
"data/markdown/smic/2015-06-06_Equity Research, 한국타이어.md",smic,company,archive,2015-06-06,2015-05-30,2015-06-06,KR,한국타이어앤테크놀로지,161390,KRX,Buy,buy,한국타이어앤테크놀로지,59000.0,"59,000",40000.0,"42,400",47.5,2015-06-08,40200.0,2026-09-07,65400.0,62.686567,up,8.084577,-7.338308,17.164179,29.104478,12.178388,238.72864,-176.042073,78400.0,95.024876,True,2016-09-07,459,62.686567,2017-06-07,4111,veteran,,,,1,1,,
"data/markdown/smic/2015-06-06_Equity Research, CKH.md",smic,company,archive,2015-06-06,2015-05-30,2015-06-06,KR,씨엑스아이,900120,KRX,Strong Buy,buy,씨엑스아이,,,49120.0,"4,895 원",,2015-06-08,48553.0,2026-09-07,1040.0,-97.858011,down,-7.622598,-26.962289,-33.31411,-44.541017,96.969697,238.72864,-336.586651,51208.0,5.468251,,,,5.468251,2015-06-08,4111,veteran,,missing_target_price,target_price_suspect,1,1,,
"data/markdown/smic/2015-10-28_Equity Research, 대봉엘에스.md",smic,company,archive,2015-10-28,2015-10-24,2015-10-28,KR,대봉엘에스,078140,KRX,Buy,buy,대봉엘에스,15803.0,"15,803 원",10800.0,"10,700 원",46.3241,2015-10-28,10800.0,2026-09-07,7840.0,-27.407407,down,-4.166667,10.185185,14.814815,18.518519,-32.703863,242.489878,-269.897285,26700.0,147.222222,True,2016-07-19,265,51.388889,2016-07-21,3967,veteran,,,,1,1,,
"data/markdown/smic/2015-10-28_Equity Research, 파마리서치프로덕트.md",smic,company,archive,2015-10-28,2015-10-24,2015-10-28,KR,파마리서치,214450,KRX,Buy,buy,파마리서치,99975.0,"99,975 원",74000.0,"71,000 원",35.1014,2015-10-28,74000.0,2026-09-07,376500.0,408.783784,up,1.081081,6.081081,-13.648649,-39.864865,-6.575682,242.489878,166.293906,713000.0,863.513514,True,2021-08-19,2122,13.918919,2016-02-01,3967,veteran,,,,1,3,,
"data/markdown/smic/2015-10-29_Equity Research, 아이에스동서.md",smic,company,archive,2015-10-29,2015-10-24,2015-10-29,KR,아이에스동서,010780,KRX,Buy,buy,아이에스동서,71629.0,"71,629 원",48750.0,"52,500 원",46.9313,2015-10-29,48750.0,2026-09-07,15710.0,-67.774359,down,-5.538462,-22.051282,-4.205128,7.692308,-32.719486,243.89576,-311.670119,69400.0,42.358974,False,,,26.769231,2016-06-30,3966,veteran,,,,1,1,,
"data/markdown/smic/2015-10-29_Equity Research, 아이콘트롤스.md",smic,company,archive,2015-10-29,2015-10-24,2015-10-29,KR,HDC랩스,039570,KRX,Buy,buy,HDC랩스,54573.0,"54,573 원",17625.0,"35,400 원",209.634,2015-10-29,17625.0,2026-09-07,7560.0,-57.106383,down,13.617021,-1.985816,3.687943,-14.326241,-10.42654,243.89576,-301.002143,21700.0,23.120567,False,,,19.007092,2015-11-13,3966,veteran,,,,1,1,,
"data/markdown/smic/2015-10-29_Equity Research, 코라오홀딩스.md",smic,company,archive,2015-10-29,,2015-10-29,KR,엘브이엠씨홀딩스,900140,KRX,Buy,buy,엘브이엠씨홀딩스,19692.0,"19,692 원",7331.0,,168.6127,2015-10-29,7331.0,2026-09-07,1215.0,-83.426545,down,-7.666076,-31.169008,-26.271996,-36.284272,-24.0625,243.89576,-327.322305,7571.0,3.273769,False,,,3.273769,2015-10-29,3966,veteran,,,,2,2,,
"data/markdown/smic/2015-11-06_Equity Research, 대림산업.md",smic,company,archive,2015-11-06,2015-10-31,2015-11-06,KR,DL,000210,KRX,Buy,buy,DL,99465.0,"99,465 원",67861.0,"74,800 원",46.5717,2015-11-06,67861.0,2026-09-07,53800.0,-20.720296,down,-6.258381,7.857238,10.919379,10.38741,42.895086,242.731508,-263.451804,110692.0,63.115781,True,2019-06-04,1306,25.96484,2017-05-31,3958,veteran,,,,1,2,,
"data/markdown/smic/2015-11-06_Equity Research, 디오.md",smic,company,archive,2015-11-06,2015-10-31,2015-11-06,KR,디오,039840,KRX,Buy,buy,디오,40359.0,"40,359 원",26850.0,"28,400 원",50.3128,2015-11-06,26850.0,2026-09-07,11250.0,-58.100559,down,1.675978,36.126629,88.081937,56.238361,-33.39254,242.731508,-300.832067,60400.0,124.953445,True,2016-03-14,129,124.953445,2016-07-22,3958,veteran,,,,1,1,,
"data/markdown/smic/2015-11-06_Equity Research, KMH.md",smic,company,archive,2015-11-06,2015-10-31,2015-11-06,KR,KX,122450,KRX,Buy,buy,KX,13321.0,13321 원,3450.0,10800 원,286.1159,2015-11-06,3450.0,2026-09-07,2665.0,-22.753623,down,-7.536232,-16.898551,-10.811594,-24.724638,-28.552279,242.731508,-265.485132,21800.0,531.884058,True,2020-11-03,1824,8.202899,2015-12-21,3958,veteran,,,,2,2,,
"data/markdown/smic/2015-11-06_Equity Research, 아이디스.md",smic,company,archive,2015-11-06,2015-10-31,2015-11-06,KR,아이디스,143160,KRX,Buy,buy,아이디스,30215.0,"30,215 원",19200.0,"19,850 원",57.3698,2015-11-06,19200.0,2026-09-07,16120.0,-16.041667,down,-8.072917,-7.552083,-16.927083,-49.010417,-10.840708,242.731508,-258.773175,42900.0,123.4375,True,2018-11-29,1119,2.083333,2015-11-06,3958,veteran,,,,1,1,,
"data/markdown/smic/2015-11-06_Equity Research, NHN엔터테인먼트.md",smic,company,archive,2015-11-06,,2015-11-06,KR,NHN,181710,KRX,Buy,buy,NHN,55600.0,"55,600 원",30464.0,"85,591 원",82.5105,2015-11-06,30464.0,2026-09-07,70800.0,132.405462,up,-1.542805,-19.180016,4.280462,-16.869091,143.717728,242.731508,-110.326046,78200.0,156.696429,True,2026-06-01,3860,46.743697,2017-07-03,3958,veteran,,,,1,1,,
"data/markdown/smic/2015-11-19_Equity Research, 현대그린푸드.md",smic,company,archive,2015-11-19,2015-11-14,2015-11-19,KR,현대지에프홀딩스,005440,KRX,Buy,buy,현대지에프홀딩스,34200.0,"34,200 원",15840.0,"22,700 원",115.9091,2015-11-19,15840.0,2026-09-07,11970.0,-24.431818,down,1.660354,-17.670455,-21.205808,-32.638889,43.870192,251.719786,-276.151604,19790.0,24.936869,False,,,6.022727,2015-11-27,3945,veteran,,,,1,1,,
"data/markdown/smic/2015-11-19_Equity Research, GS리테일.md",smic,company,archive,2015-11-19,,2015-11-19,KR,GS리테일,007070,KRX,Buy,buy,GS리테일,66676.0,"66,676 원",46869.0,"52,600 원",42.2603,2015-11-19,46869.0,2026-09-07,25100.0,-46.446478,down,-5.472701,-10.401331,5.293478,-15.60093,24.875622,251.719786,-298.166265,57133.0,21.899336,False,,,21.899336,2016-02-02,3945,veteran,,,,2,3,,
"data/markdown/smic/2015-11-19_Equity Research, 한섬.md",smic,company,archive,2015-11-19,2015-11-14,2015-11-19,KR,한섬,020000,KRX,Buy,buy,한섬,56537.0,"56,537 원",39150.0,"36,150 원",44.4112,2015-11-19,39150.0,2026-09-07,15500.0,-60.408685,down,-0.127714,2.426564,7.790549,0.383142,-3.125,251.719786,-312.128471,51200.0,30.779055,False,,,14.559387,2016-05-02,3945,veteran,,,,2,2,,
"data/markdown/smic/2015-11-19_Equity Research, 만도.md",smic,company,archive,2015-11-19,2015-11-14,2015-11-19,KR,HL만도,204320,KRX,Buy,buy,HL만도,42428.3795,"199,223 원",31200.0,"146,500 원",35.9884,2015-11-19,31200.0,2026-09-07,50200.0,60.897436,up,8.974359,-4.487179,23.076923,49.358974,-14.480409,251.719786,-190.82235,89000.0,185.25641,True,2016-05-23,186,114.102564,2017-10-31,3945,veteran,,,target_split_adjusted,1,1,,
"data/markdown/smic/2015-11-19_Equity Research, CTRP(중국).md",smic,company,archive,2015-11-19,2015-11-14,2015-11-19,US,"CTRIP.COM INTERNATIONAL, LTD.",CTRP,US,Buy,buy,CTRP,136.1,136.1$,97.25,97.25$,40.0,,,,,,,,,,,,,,,,,,,,,3945,veteran,delisted,,,1,1,,
"data/markdown/smic/2015-12-16_Equity Research, 한신공영.md",smic,company,archive,2015-12-16,2015-12-05,2015-12-16,KR,한신공영,004960,KRX,Buy,buy,한신공영,29110.0,"29,110 원",18300.0,"18,750 원",59.071,2015-12-16,18300.0,2026-09-07,12440.0,-32.021858,down,-0.273224,-4.644809,10.382514,-10.928962,20.776699,255.204123,-287.225981,29650.0,62.021858,True,2021-05-10,1972,27.868852,2016-05-16,3918,veteran,,,,1,1,,
"data/markdown/smic/2015-12-16_Equity Research, 참엔지니어링.md",smic,company,archive,2015-12-16,2015-12-05,2015-12-16,KR,참엔지니어링,009310,KRX,Buy,buy,참엔지니어링,,,14300.0,009310,,2015-12-16,14300.0,2026-09-07,5330.0,-62.727273,down,0.0,0.0,5.244755,-6.993007,381.916817,255.204123,-317.931396,18175.0,27.097902,,,,27.097902,2016-09-22,3918,veteran,,missing_target_price,target_price_suspect,1,1,,
"data/markdown/smic/2015-12-16_Equity Research, 네패스.md",smic,company,archive,2015-12-16,,2015-12-16,KR,네패스,033640,KRX,Buy,buy,네패스,12770.0,"12,770 원",5700.0,"6,120 원",124.0351,2015-12-16,5700.0,2026-09-07,22550.0,295.614035,up,2.807018,4.736842,18.421053,37.368421,44.551282,255.204123,40.409912,48850.0,757.017544,True,2018-06-19,916,121.052632,2017-07-20,3918,veteran,,,,1,2,,
"data/markdown/smic/2015-12-16_Equity Research, 웅진씽크빅.md",smic,company,archive,2015-12-16,2015-12-05,2015-12-16,KR,웅진씽크빅,095720,KRX,Buy,buy,웅진씽크빅,,,15051.0,"10,350 원",,2015-12-16,15051.0,2026-09-07,1317.0,-91.249751,down,17.34104,45.897283,23.686134,-2.425088,-48.514464,255.204123,-346.453874,25460.0,69.158195,,,,69.158195,2016-02-16,3918,veteran,,missing_target_price,target_price_suspect,2,2,,
"data/markdown/smic/2016-04-18_Equity Research, 부광약품.md",smic,company,archive,2016-04-18,2016-04-09,2016-04-18,KR,부광약품,003000,KRX,Buy,buy,부광약품,43445.0,"43,445 원",13921.0,"31,250 원",212.0825,2016-04-18,13921.0,2026-09-07,4105.0,-70.512176,down,-0.158035,7.463544,-6.436319,-14.67567,8.454425,248.185257,-318.697433,38880.0,179.290281,False,,,44.716615,2018-04-11,3794,veteran,,,,1,1,,
"data/markdown/smic/2016-04-18_Equity Research, 신세계푸드.md",smic,company,archive,2016-04-18,2016-04-09,2016-04-18,KR,신세계푸드,031440,KRX,Buy,buy,신세계푸드,148862.0,"148,862 원",126000.0,126.500 원,18.1444,2016-04-18,126000.0,2026-08-10,38150.0,-69.722222,down,16.666667,25.0,28.174603,24.206349,-20.354906,213.556319,-283.278541,178500.0,41.666667,True,2016-05-10,22,41.666667,2016-07-22,3794,veteran,,,,2,2,,
"data/markdown/smic/2016-04-18_Equity Research, 탑엔지니어링.md",smic,company,archive,2016-04-18,2016-04-09,2016-04-18,KR,탑엔지니어링,065130,KRX,Buy,buy,탑엔지니어링,8574.0,"8,574 원",6350.0,"6,070 원",35.0236,2016-04-18,6350.0,2026-09-07,2860.0,-54.96063,down,-11.653543,-7.086614,-3.307087,9.606299,-12.404288,248.185257,-303.145887,15600.0,145.669291,True,2018-09-11,876,25.511811,2016-08-10,3794,veteran,,,,1,1,,
"data/markdown/smic/2016-04-18_Equity Research, 휠라코리아.md",smic,company,archive,2016-04-18,2016-04-09,2016-04-18,KR,미스토홀딩스,081660,KRX,Buy,buy,미스토홀딩스,,,20500.0,,,2016-04-18,20500.0,2026-09-07,40600.0,98.04878,up,-7.317073,-10.926829,-7.414634,-31.317073,-4.918033,248.185257,-150.136477,87900.0,328.780488,,,,27.804878,2018-04-17,3794,veteran,,missing_target_price,,1,2,,
"data/markdown/smic/2016-04-18_Equity Research, 금호에이치티.md",smic,company,archive,2016-04-18,2016-04-09,2016-04-18,KR,금호에이치티,214330,KRX,Buy,buy,금호에이치티,,,30520.0,"9,130 원",,2016-04-18,30520.0,2026-09-07,7130.0,-76.63827,down,-4.816514,-11.89384,-26.769332,-22.608126,34.022556,248.185257,-324.823527,49850.0,63.335518,,,,13.663172,2016-04-20,3794,veteran,,missing_target_price,target_price_suspect,1,9,,
"data/markdown/smic/2016-05-09_Equity Research, 티씨케이.md",smic,company,archive,2016-04-30,2016-44-30,2016-05-09,KR,티씨케이,064760,KRX,Buy,buy,티씨케이,,,44400.0,,,2016-05-02,43800.0,2026-09-07,268500.0,513.013699,up,-3.652968,-15.86758,-20.6621,-19.977169,88.818565,253.63294,259.380759,348500.0,695.6621,,,,89.954338,2018-03-28,3782,veteran,,missing_target_price,,1,1,,
"data/markdown/smic/2016-05-09_Equity Research, 유앤아이.md",smic,company,archive,2016-05-09,,2016-05-09,KR,시지메드텍,056090,KRX,Buy,buy,시지메드텍,16551.827,"43,359 원",8780.0,"23,000 원",88.5174,2016-05-09,8780.0,2026-09-07,1183.0,-86.526196,down,4.783599,20.728929,-14.123007,-36.218679,1.284247,255.49113,-342.017326,13520.0,53.986333,False,,,27.562642,2016-08-03,3773,veteran,,,target_split_adjusted,1,1,,
"data/markdown/smic/2016-05-09_Equity Research, 해태제과식품.md",smic,company,archive,2016-05-09,2016-04-30,2016-05-09,KR,해태제과식품,101530,KRX,Sell,sell,해태제과식품,13651.0,"13,651 원",,,-9.6,2016-05-11,24600.0,2026-09-07,5570.0,-77.357724,down,48.577236,-4.268293,-28.658537,-17.682927,-16.865672,253.284683,-330.642406,68000.0,176.422764,True,2016-05-11,2,176.422764,2016-05-17,3773,veteran,,,,1,1,,
"data/markdown/smic/2016-05-09_Equity Research, 케이사인.md",smic,company,archive,2016-05-09,,2016-05-09,KR,케이사인,192250,KRX,Buy,buy,케이사인,,,27050.0,"2,715 원",,2016-05-09,27050.0,2026-09-07,7170.0,-73.49353,down,-11.275416,-10.166359,-17.375231,-26.062847,-27.502528,255.49113,-328.98466,36300.0,34.195933,,,,10.536044,2018-01-25,3773,veteran,,missing_target_price,target_price_suspect,1,1,,
"data/markdown/smic/2016-05-27_Equity Research, 현대글로비스.md",smic,company,archive,2016-05-27,2016-05-14,2016-05-27,KR,현대글로비스,086280,KRX,Buy,buy,현대글로비스,266640.0,"266,640 원",90285.0,"186,500 원",195.3315,2016-05-27,90285.0,2026-09-07,210000.0,132.596777,up,-5.817135,1.939414,-10.526666,-12.741873,16.27907,255.245611,-122.648834,296000.0,227.850695,True,2026-01-12,3517,18.837016,2018-03-29,3755,veteran,,,,2,2,,
"data/markdown/smic/2016-05-27_Equity Research, 엔에스쇼핑.md",smic,company,archive,2016-05-27,2016-05-14,2016-05-27,KR,엔에스쇼핑,138250,KRX,Buy,buy,엔에스쇼핑,21542.4927,"211,700 원",17350.0,"170,500 원",24.1642,2016-05-27,17350.0,2022-03-21,14000.0,-19.308357,down,6.916427,-7.492795,-8.645533,-5.18732,0.0,36.405186,-55.713543,19600.0,12.9683,False,,,12.9683,2016-06-30,3755,veteran,,,target_split_adjusted,1,1,,
"data/markdown/smic/2016-05-27_Equity Research, 케이탑리츠.md",smic,company,archive,2016-05-27,2016-05-14,2016-05-27,KR,케이탑리츠,145270,KRX,Buy,buy,케이탑리츠,1578.0,"1,578 원",1541.0,"1,565 원",2.401,2016-05-27,1541.0,2026-09-07,792.0,-48.604802,down,-8.630759,-14.990266,4.023361,-17.456197,-14.655172,255.245611,-303.850413,2669.0,73.199221,True,2016-06-22,26,71.83647,2017-01-03,3755,veteran,,,,1,1,,
"data/markdown/smic/2016-05-27_Equity Research, JB금융지주.md",smic,company,archive,2016-05-27,,2016-05-27,KR,JB금융지주,175330,KRX,Buy,buy,JB금융지주,7277.0,"7,277 원",5490.0,"5,430 원",32.5501,2016-05-27,5490.0,2026-09-07,31400.0,471.948998,up,-1.457195,8.743169,4.553734,12.386157,22.417154,255.245611,216.703387,38500.0,601.275046,True,2021-04-28,1797,27.504554,2017-08-02,3755,veteran,,,,1,1,,
"data/markdown/smic/2016-06-03_Equity Research, 동원시스템즈.md",smic,company,archive,2016-06-03,2016-05-28,2016-06-03,KR,동원시스템즈,014820,KRX,Buy,buy,동원시스템즈,78150.0,"78,150 원",73200.0,"71,500 원",6.7623,2016-06-03,73200.0,2026-09-07,21800.0,-70.218579,down,-11.202186,-20.355191,-12.431694,-25.273224,-12.974052,252.263526,-322.482105,73800.0,0.819672,False,,,0.819672,2016-06-07,3748,veteran,,,,1,1,,
"data/markdown/smic/2016-06-03_Equity Research, 제일기획.md",smic,company,archive,2016-06-03,,2016-06-03,KR,제일기획,030000,KRX,,soft_buy,제일기획,19370.0,"19,370",16100.0,"15,900 원",20.3106,2016-06-03,16100.0,2026-09-07,19000.0,18.012422,up,5.900621,-1.552795,-7.142857,18.944099,-9.52381,252.263526,-234.251103,29900.0,85.714286,True,2017-02-02,244,38.819876,2018-01-31,3748,veteran,,,,2,2,,
"data/markdown/smic/2016-06-03_Equity Research, 강원랜드.md",smic,company,archive,2016-06-03,2016-05-28,2016-06-03,KR,강원랜드,035250,KRX,Buy,buy,강원랜드,50791.0,"50,791 원",42800.0,"41,950 원",18.6706,2016-06-03,42800.0,2026-09-07,14790.0,-65.443925,down,-2.920561,-6.074766,-16.705607,-13.200935,-21.952507,252.263526,-317.707451,44200.0,3.271028,False,,,3.271028,2016-06-08,3748,veteran,,,,2,2,,
"data/markdown/smic/2016-06-03_Equity Research, 네이버.md",smic,company,archive,2016-06-03,2016-05-28,2016-06-03,KR,NAVER,035420,KRX,Buy,buy,NAVER,178011.4286,"880,000 원",141600.0,"700,000 원",25.7143,2016-06-03,141600.0,2026-09-07,218000.0,53.954802,up,0.84887,17.256356,12.871469,22.206921,-10.103093,252.263526,-198.308724,465000.0,228.389831,True,2016-09-27,116,37.906073,2018-01-10,3748,veteran,,,target_split_adjusted,1,2,,
"data/markdown/smic/2016-10-26_Equity Research, 삼진제약.md",smic,company,archive,2016-10-26,2016-10-15,2016-10-26,KR,삼진제약,005500,KRX,Buy,buy,삼진제약,41100.0,"41,100 원",31050.0,"31,650 원",32.3671,2016-10-26,31050.0,2026-09-07,18780.0,-39.516908,down,7.729469,2.898551,7.729469,10.950081,-4.911392,247.357105,-286.874013,64900.0,109.017713,True,2018-01-29,460,109.017713,2018-09-28,3603,veteran,,,,1,1,,
"data/markdown/smic/2016-10-26_Equity Research, KPX케미칼.md",smic,company,archive,2016-10-26,2016-10-15,2016-10-26,KR,KPX케미칼,025000,KRX,Buy,buy,KPX케미칼,99241.0,"99,241 원",60842.0,"67,400 원",63.1127,2016-10-26,60842.0,2026-09-07,54300.0,-10.752441,down,-8.372506,-2.481838,-5.737813,20.464482,16.27409,247.357105,-258.109546,74048.0,21.705401,False,,,21.705401,2017-10-27,3603,veteran,,,,1,1,,
"data/markdown/smic/2016-10-26_Equity Research, 팬오션.md",smic,company,archive,2016-10-26,2016-10-15,2016-10-26,KR,팬오션,028670,KRX,Buy,buy,팬오션,5076.0,"5,076 원",3730.0,"3,920 원",36.0858,2016-10-26,3730.0,2026-09-07,6060.0,62.466488,up,4.825737,4.289544,36.461126,38.605898,57.402597,247.357105,-184.890617,8920.0,139.142091,True,2017-02-28,125,82.841823,2017-09-11,3603,veteran,,,,1,1,,
"data/markdown/smic/2016-10-26_Equity Research, 락앤락.md",smic,company,archive,2016-10-26,2016-10-15,2016-10-26,KR,락앤락,115390,KRX,Buy,buy,락앤락,19800.0,"19,800 원",13714.0,"12,850 원",44.378,2016-10-26,13714.0,2024-12-06,8660.0,-36.852851,down,-2.945895,1.465656,4.776141,63.599242,0.0,20.570637,-57.423488,31965.0,133.082981,True,2017-09-15,324,133.082981,2017-12-05,3603,veteran,,,,1,1,,
"data/markdown/smic/2016-10-26_Equity Research, 바디텍메드.md",smic,company,archive,2016-10-26,2016-10-15,2016-10-26,KR,바디텍메드,206640,KRX,Buy,buy,바디텍메드,39184.0,39184 원,18727.0,23500 원,109.238,2016-10-26,18727.0,2026-09-07,9750.0,-47.936135,down,0.485929,-1.217493,7.598654,-12.425909,-25.685976,247.357105,-295.29324,39700.0,111.993379,True,2020-09-08,1413,28.157206,2018-01-24,3603,veteran,,,,1,1,,
"data/markdown/smic/2016-11-12_Equity Research, 신세계.md",smic,company,archive,2016-11-12,2016-11-05,2016-11-12,KR,신세계,004170,KRX,Hold,soft_buy,신세계,165524.0,"165,524 원",190500.0,"181,500 원",-13.1108,2016-11-14,190500.0,2026-09-07,396500.0,108.136483,up,-5.774278,-8.136483,15.748031,30.971129,60.526316,254.304599,-146.168116,792000.0,315.748031,True,2016-11-14,2,149.606299,2018-05-25,3586,veteran,,,,1,2,,
"data/markdown/smic/2016-11-12_Equity Research, 태웅.md",smic,company,archive,2016-11-12,2016-11-05,2016-11-12,KR,태웅,044490,KRX,Buy,buy,태웅,40317.0,"40,317 원",19712.0,"26,450 원",104.5302,2016-11-14,18392.0,2026-09-07,32850.0,78.610265,up,7.177033,11.004785,28.708134,-9.569378,27.572816,254.304599,-175.694334,61300.0,233.297086,True,2025-06-27,3149,45.454545,2017-05-24,3586,veteran,,,,2,3,,
"data/markdown/smic/2016-11-12_Equity Research, LIG넥스원.md",smic,company,archive,2016-11-12,2016-11-05,2016-11-12,KR,LIG디펜스앤에어로스페이스,079550,KRX,Strong Buy,buy,LIG디펜스앤에어로스페이스,102341.0,"102,341 원",73700.0,"71,400 원",38.8616,2016-11-14,73600.0,2026-09-07,659000.0,795.380435,up,7.744565,-10.326087,9.646739,-18.75,56.532067,254.304599,541.075836,1118000.0,1419.021739,True,2022-08-25,2112,22.826087,2017-04-20,3586,veteran,,,,1,1,,
"data/markdown/smic/2016-11-12_Equity Research, 쎄트렉아이.md",smic,company,archive,2016-11-12,2016-11-05,2016-11-12,KR,쎄트렉아이,099320,KRX,Strong Buy,buy,쎄트렉아이,51700.0,"51,700 원",20357.0,"33,300 원",153.9667,2016-11-14,19979.0,2026-09-07,69800.0,249.366835,up,-9.965464,-21.817909,-1.386456,4.539767,1.749271,254.304599,-4.937764,224000.0,1021.177236,True,2021-01-20,1530,36.187997,2017-12-04,3586,veteran,,,,1,1,,
"data/markdown/smic/2016-11-12_Equity Research, 민앤지.md",smic,company,archive,2016-11-12,2016-11-05,2016-11-12,KR,금호에이치티,214330,KRX,Buy,buy,금호에이치티,45450.0,"45,450 원",20750.0,"29,600 원",119.0361,2016-11-14,21010.0,2026-09-07,7130.0,-66.063779,down,-3.141361,6.044741,10.518801,-17.753451,34.022556,254.304599,-320.368378,49850.0,137.267968,True,2020-08-28,1385,39.409805,2018-10-30,3586,veteran,,,,2,9,,
"data/markdown/smic/2016-12-05_Equity Research, Activision Blizzard.md",smic,company,archive,2016-12-05,2016-11-19,2016-12-05,US,Activision Blizzard,ATVI,NASDAQ,Buy,buy,ATVI,55.5,55.5 달러,55.5,39.94 달러,0.0,,,,,,,,,,,,,,,,,,,,,3563,veteran,delisted,,target_swapped_from_raw,1,1,,
"data/markdown/smic/2016-12-05_Equity Research, Nvidia Corp.md",smic,company,archive,2016-12-05,2016-11-19,2016-12-05,US,NVIDIA Corp.,NVDA,NASDAQ,Buy,buy,NVDA,3.041,$124.32,2.259979,$92.39,34.5588,2016-12-05,2.259979,2026-09-04,234.479904,10275.314457,up,13.615559,7.264039,56.696502,105.127778,25.879833,251.057506,10024.256951,236.264633,10354.285487,True,2017-05-11,157,220.446271,2018-10-02,3563,veteran,,,target_split_adjusted,1,1,,
"data/markdown/smic/2016-12-05_Equity Research, Tesla Motors.md",smic,company,archive,2016-12-05,2016-11-19,2016-12-05,US,Tesla Motors Inc,TSLA,US,Buy,buy,TSLA,16.0378,$240,12.453333,$186.36,28.7832,2016-12-05,12.453333,2026-09-04,358.059998,2775.214213,up,21.514993,34.673455,81.932563,62.580315,-20.381572,251.057506,2524.156707,498.829987,3905.59425,True,2017-01-19,45,108.570679,2017-09-18,3563,veteran,,,target_split_adjusted,1,2,,
"data/markdown/smic/2016-12-05_Equity Research, Under Armour.md",smic,company,archive,2016-12-05,2016-11-19,2016-12-05,US,"Under Armour, Inc.",UA,NYSE,Sell,sell,UA,25.3,25.30$,25.059999,32.31$,0.9577,2016-12-05,25.059999,2026-09-04,5.1,-79.648843,down,6.02554,-25.618516,-25.299283,-53.232241,6.249994,251.057506,-330.706349,29.530001,17.837196,True,2016-12-06,1,17.837196,2016-12-09,3563,veteran,,,,1,1,,
"data/markdown/smic/2016-12-12_Equity Research, 피에스텍.md",smic,company,archive,2016-12-12,2016-12-03,2016-12-12,KR,피에스텍,002230,KRX,Strong Buy,buy,피에스텍,7544.0,"7,544 원",5350.0,"5,190 원",41.0093,2016-12-12,5350.0,2026-09-07,5120.0,-4.299065,down,2.242991,-5.046729,0.186916,-2.056075,-47.914547,245.069651,-249.368717,16990.0,217.570093,True,2017-09-01,263,45.981308,2017-09-01,3556,veteran,,,,1,1,,
"data/markdown/smic/2016-12-12_Equity Research, 삼영전자.md",smic,company,archive,2016-12-12,2016-12-03,2016-12-12,KR,삼영전자,005680,KRX,Buy,buy,삼영전자,14800.0,"14,800 원",11300.0,"11,250 원",30.9735,2016-12-12,11300.0,2026-09-07,12190.0,7.876106,up,6.19469,11.504425,21.681416,15.929204,15.654649,245.069651,-237.193545,18200.0,61.061947,True,2017-06-27,197,61.061947,2018-07-02,3556,veteran,,,,1,1,,
"data/markdown/smic/2016-12-12_Equity Research, 한국가스공사.md",smic,company,archive,2016-12-12,2016-12-03,2016-12-12,KR,한국가스공사,036460,KRX,Buy,buy,한국가스공사,68415.0,"68,415 원",48650.0,"44,750 원",40.6269,2016-12-12,48650.0,2026-09-07,35100.0,-27.852004,down,0.102775,-2.980473,2.055498,-12.846865,-10.687023,245.069651,-272.921655,65500.0,34.635149,False,,,34.635149,2018-06-11,3556,veteran,,,,1,1,,
"data/markdown/smic/2016-12-12_Equity Research, 세진중공업.md",smic,company,archive,2016-12-12,2016-12-03,2016-12-12,KR,세진중공업,075580,KRX,Strong Buy,buy,세진중공업,8626.0,"8,626 원",2069.0,"2,780 원",316.9164,2016-12-12,2069.0,2026-09-07,10360.0,400.724988,up,2.948284,5.558241,22.039633,-6.863219,-40.45977,245.069651,155.655337,27400.0,1224.311261,True,2022-08-23,2080,67.327211,2018-10-04,3556,veteran,,,,1,6,,
"data/markdown/smic/2016-12-12_Equity Research, 유진테크.md",smic,company,archive,2016-12-12,2016-12-03,2016-12-12,KR,유진테크,084370,KRX,Strong Buy,buy,유진테크,23000.0,"23,000 원",16000.0,"14,650 원",43.75,2016-12-12,16000.0,2026-09-07,143200.0,795.0,up,3.4375,2.8125,23.125,34.0625,90.933333,245.069651,549.930349,231500.0,1346.875,True,2017-11-14,337,57.1875,2017-11-23,3556,veteran,,,,2,2,,
"data/markdown/smic/2017-04-23_Equity Research, 한미글로벌.md",smic,company,archive,2017-04-23,2017-04-14,2017-04-23,KR,한미글로벌,053690,KRX,Buy,buy,한미글로벌,14493.0,"14,493 원",10900.0,"10,600 원",32.9633,2017-04-24,10500.0,2026-09-07,24200.0,130.47619,up,0.0,10.0,-13.238095,-3.809524,34.743875,221.813556,-91.337366,48900.0,365.714286,True,2018-09-14,509,40.0,2019-02-12,3424,veteran,,,,1,1,,
"data/markdown/smic/2017-04-23_Equity Research, 셀트리온.md",smic,company,archive,2017-04-23,2017-04-15,2017-04-23,KR,셀트리온,068270,KRX,Sell,sell,셀트리온,47726.0,"47,726 원",67638.0,"89,000 원",-29.4391,2017-04-24,66590.0,2026-09-07,186300.0,179.771737,up,5.174951,28.797117,100.228263,187.385493,7.985602,221.813556,-42.041819,328493.0,393.306803,True,2017-04-24,1,349.717675,2018-03-05,3424,veteran,,,,2,3,,
"data/markdown/smic/2017-04-23_Equity Research, 뉴파워프라즈마.md",smic,company,archive,2017-04-23,2017-04-19,2017-04-23,KR,뉴파워프라즈마,144960,KRX,Buy,buy,뉴파워프라즈마,6086.7492,"30,178 원",4760.0,"23,600 원",27.8729,2017-04-24,4600.0,2026-09-07,8910.0,93.695652,up,0.217391,27.391304,11.521739,28.043478,72.340426,221.813556,-128.117904,13280.0,188.695652,True,2017-06-28,66,43.043478,2018-03-22,3424,veteran,,,target_split_adjusted,1,1,,
"data/markdown/smic/2017-04-23_Equity Research, 포스코ICT.md",smic,company,archive,2017-04-23,2017-04-15,2017-04-23,KR,금호에이치티,214330,KRX,Buy,buy,금호에이치티,,,23650.0,"6,810 원",,2017-04-24,22410.0,2026-09-07,7130.0,-68.183846,down,3.168228,-5.042392,-26.996876,-13.386881,34.022556,221.813556,-289.997403,49850.0,122.445337,,,,30.70058,2018-10-30,3424,veteran,,missing_target_price,target_price_suspect,3,9,,
"data/markdown/smic/2017-04-23_Equity Research, LS전선아시아.md",smic,company,archive,2017-04-23,2017-04-15,2017-04-23,KR,LS에코에너지,229640,KRX,Buy,buy,LS에코에너지,8120.0,"8,120 원",6910.0,"6,780 원",17.5109,2017-04-24,6790.0,2026-09-07,47650.0,601.767305,up,-7.216495,-3.829161,-1.472754,8.541973,37.916064,221.813556,379.953749,109800.0,1517.083947,True,2018-05-15,387,26.656848,2018-05-15,3424,veteran,,,,1,1,,
"data/markdown/smic/2017-05-16_Equity Research, 한샘.md",smic,company,archive,2017-05-16,2017-05-06,2017-05-16,KR,한샘,009240,KRX,Buy,buy,한샘,276052.0,"276,052 원",218000.0,"221,000 원",26.6294,2017-05-16,218000.0,2026-09-07,38200.0,-82.477064,down,-6.880734,-21.330275,-22.93578,-50.0,-17.226436,204.766199,-287.243263,226000.0,3.669725,False,,,3.669725,2017-05-26,3401,veteran,,,,2,2,,
"data/markdown/smic/2017-05-16_Equity Research, 옵트론텍.md",smic,company,archive,2017-05-16,2017-05-06,2017-05-16,KR,옵트론텍,082210,KRX,Buy,buy,옵트론텍,10646.0,"10,646 원",7350.0,"7,240 원",44.8435,2017-05-16,7350.0,2026-09-07,1672.0,-77.251701,down,14.285714,13.605442,0.680272,-19.727891,-1.473188,204.766199,-282.0179,15300.0,108.163265,True,2017-06-27,42,47.619048,2017-06-28,3401,veteran,,,,1,1,,
"data/markdown/smic/2017-05-16_Equity Research, 에스티팜.md",smic,company,archive,2017-05-16,2017-05-06,2017-05-16,KR,금호에이치티,214330,KRX,Buy,buy,금호에이치티,46550.0,"46,550 원",22950.0,"62,588 원",102.8322,2017-05-16,22950.0,2026-09-07,7130.0,-68.932462,down,0.43573,-16.557734,-24.705882,-6.535948,34.022556,204.766199,-273.698661,49850.0,117.211329,True,2020-09-01,1204,27.625272,2018-10-30,3401,veteran,,,,4,9,,
"data/markdown/smic/2017-05-16_Equity Research, 두산밥캣.md",smic,company,archive,2017-05-16,2017-05-06,2017-05-16,KR,두산밥캣,241560,KRX,Hold,soft_buy,두산밥캣,43184.0,"43,184 원",38450.0,"38,300 원",12.3121,2017-05-16,38450.0,2026-09-07,63700.0,65.669701,up,-5.591678,-3.641092,-6.762029,-15.474642,10.398614,204.766199,-139.096498,79700.0,107.282185,True,2021-03-29,1413,7.412224,2018-09-28,3401,veteran,,,,1,1,,
"data/markdown/smic/2017-05-27_Equity Research, LG이노텍.md",smic,company,archive,2017-05-27,2017-05-20,2017-05-27,KR,LG이노텍,011070,KRX,Buy,buy,LG이노텍,150818.0,"150,818 원",133000.0,"129,000 원",13.397,2017-05-29,138500.0,2026-09-07,586000.0,323.104693,up,26.353791,27.797834,24.909747,-1.083032,116.236162,197.300433,125.80426,1788000.0,1190.974729,True,2017-06-08,12,35.740072,2017-08-31,3390,veteran,,,,2,3,,
"data/markdown/smic/2017-05-27_Equity Research, LG디스플레이.md",smic,company,archive,2017-05-27,2017-05-20,2017-05-27,KR,LG디스플레이,034220,KRX,Buy,buy,LG디스플레이,39402.0,"39,402 원",27775.0,"29,450 원",41.8614,2017-05-29,27914.0,2026-09-07,9210.0,-67.005804,down,21.52325,2.647417,3.808125,-26.986458,-22.015241,197.300433,-264.306237,36602.0,31.124167,False,,,31.124167,2017-07-05,3390,veteran,,,,2,2,,
"data/markdown/smic/2017-05-27_Equity Research, LG화학.md",smic,company,archive,2017-05-27,2017-05-20,2017-05-27,KR,금호에이치티,214330,KRX,Buy,buy,금호에이치티,31900.9013,"392,498 원",22920.0,"28,2000 원",39.1837,2017-05-29,22610.0,2026-09-07,7130.0,-68.465281,down,-0.132685,-15.302963,-20.654578,-5.572755,34.022556,197.300433,-265.765714,49850.0,120.477665,True,2020-08-26,1187,29.544449,2018-10-30,3390,veteran,,,target_split_adjusted,5,9,,
"data/markdown/smic/2017-05-27_Equity Research, 넷마블게임즈.md",smic,company,archive,2017-05-27,2017-05-20,2017-05-27,KR,넷마블,251270,KRX,Sell,sell,넷마블,119707.0,"119,707 원",142000.0,"143,500 원",-15.6993,2017-05-29,147000.0,2026-09-07,36300.0,-75.306122,down,3.741497,2.040816,27.55102,2.040816,-24.766839,197.300433,-272.606556,204500.0,39.115646,True,2017-05-29,2,36.054422,2017-12-13,3390,veteran,,,,1,1,,
"data/markdown/smic/2017-05-28_Equity Research, 에스원.md",smic,company,archive,2017-05-28,2017-05-20,2017-05-28,KR,에스원,012750,KRX,Sell,sell,에스원,87519.0,"87,519 원",100000.0,"100,500 원",-12.481,2017-05-29,100500.0,2026-09-07,79100.0,-21.293532,down,-3.383085,-9.751244,-3.9801,-8.756219,9.708738,197.300433,-218.593965,109000.0,8.457711,True,2017-05-29,1,6.965174,2017-12-28,3389,veteran,,,,3,3,,
"data/markdown/smic/2017-06-08_Equity Research, 코엔텍.md",smic,company,archive,2017-06-08,2017-06-03,2017-06-08,KR,코엔텍,009960,KRX,Buy,buy,코엔텍,5613.0,"5,613 원",3760.0,"3,760 원",49.0,,,,,,,,,,,,,,,,,,,,,3378,veteran,delisted,,,1,1,,
"data/markdown/smic/2017-06-08_Equity Research, 현대모비스.md",smic,company,archive,2017-06-08,2017-06-03,2017-06-08,KR,현대모비스,012330,KRX,Sell,sell,현대모비스,220500.0,"220,500 원",264500.0,"270,500 원",-16.6352,2017-06-08,264500.0,2026-09-07,432000.0,63.327032,up,-7.183365,-11.153119,1.512287,-13.043478,15.817694,195.967118,-132.640085,822000.0,210.775047,True,2017-06-09,1,6.994329,2017-11-30,3378,veteran,,,,1,2,,
"data/markdown/smic/2017-06-08_Equity Research, 일진머티리얼즈.md",smic,company,archive,2017-06-08,2017-06-03,2017-06-08,KR,롯데에너지머티리얼즈,020150,KRX,Buy,buy,롯데에너지머티리얼즈,27523.0,"27,523 원",22510.0,"22,450 원",22.2701,2017-06-08,22510.0,2026-09-07,37850.0,68.14749,up,48.600622,72.367837,62.150155,77.254554,23.895254,195.967118,-127.819628,148000.0,557.485562,True,2017-06-16,8,166.992448,2018-08-28,3378,veteran,,,,1,1,,
"data/markdown/smic/2017-06-08_Equity Research, 휴켐스.md",smic,company,archive,2017-06-08,2017-06-03,2017-06-08,KR,TKG휴켐스,069260,KRX,Buy,buy,TKG휴켐스,30544.0,"30,544 원",24550.0,"25,400 원",24.4155,2017-06-08,24550.0,2026-09-07,16460.0,-32.953157,down,6.10998,-4.276986,0.407332,16.700611,-13.093981,195.967118,-228.920274,32700.0,33.197556,True,2018-05-15,341,33.197556,2018-08-01,3378,veteran,,,,2,2,,
"data/markdown/smic/2017-06-08_Equity Research, 고영.md",smic,company,archive,2017-06-08,2017-06-03,2017-06-08,KR,금호에이치티,214330,KRX,Strong Buy,buy,금호에이치티,81930.0,"81,930 원",23320.0,"58,800 원",251.3293,2017-06-08,23320.0,2026-09-07,7130.0,-69.425386,down,-3.90223,-19.210978,-23.499142,-8.319039,34.022556,195.967118,-265.392503,49850.0,113.765009,False,,,25.600343,2018-10-30,3378,veteran,,,,6,9,,
"data/markdown/smic/2017-10-28_Equity Research, 테크윙.md",smic,company,archive,2017-10-28,2017-10-14,2017-10-28,KR,테크윙,089030,KRX,Buy,buy,테크윙,21792.0,"21,792 원",8354.0,"16,200 원",160.8571,2017-10-30,8177.0,2026-09-07,48100.0,488.235294,up,14.553015,17.023358,13.623578,-36.847254,5.021834,179.599749,308.635545,74000.0,804.977376,True,2024-02-19,2305,38.070197,2018-03-20,3236,veteran,,,,2,2,,
"data/markdown/smic/2017-10-28_Equity Research, 참좋은여행.md",smic,company,archive,2017-10-28,2017-10-14,2017-10-28,KR,참좋은여행,094850,KRX,Buy,buy,참좋은여행,14000.0,"14,000 원",11500.0,"10,200 원",21.7391,2017-10-30,11500.0,2026-09-07,4290.0,-62.695652,down,6.086957,2.173913,8.695652,-30.521739,-27.777778,179.599749,-242.295401,18150.0,57.826087,True,2018-03-02,125,22.608696,2018-03-02,3236,veteran,,,,1,1,,
"data/markdown/smic/2017-10-28_Equity Research, 비아트론.md",smic,company,archive,2017-10-28,2017-10-13,2017-10-28,KR,비아트론,141000,KRX,Buy,buy,비아트론,24900.0,"24,900",20300.0,"19,050",22.6601,2017-10-30,20300.0,2026-09-07,8720.0,-57.044335,down,6.157635,-6.157635,-28.078818,-50.935961,19.452055,179.599749,-236.644084,22800.0,12.315271,False,,,12.315271,2017-11-15,3236,veteran,,,,1,1,,
"data/markdown/smic/2017-10-28_Equity Research, 하나마이크론.md",smic,company,archive,2017-10-28,2017-10-14,2017-10-28,KR,금호에이치티,214330,KRX,Buy,buy,금호에이치티,,,17140.0,"4,985 원",,2017-10-30,17340.0,2026-09-07,7130.0,-58.8812,down,4.844291,4.267589,12.918108,0.0,34.022556,179.599749,-238.480949,49850.0,187.485582,,,,68.915802,2018-10-30,3236,veteran,,missing_target_price,target_price_suspect,7,9,,
"data/markdown/smic/2017-10-29_Equity Research, 삼양옵틱스.md",smic,company,archive,2017-10-29,2017-10-14,2017-10-29,KR,LK삼양,225190,KRX,Buy,buy,LK삼양,4781.3097,"25,200 원",3216.0,"16,950 원",48.6726,2017-10-30,3234.0,2026-09-07,821.0,-74.613482,down,0.278293,-3.061224,-0.556586,-25.63389,-39.85348,179.599749,-254.213231,3595.0,11.162647,False,,,11.162647,2017-12-15,3235,veteran,,,target_split_adjusted,1,1,,
"data/markdown/smic/2017-11-17_Equity Research, 신대양제지.md",smic,company,archive,2017-11-17,2017-10-28,2017-11-17,KR,신대양제지,016590,KRX,Strong Buy,buy,신대양제지,4713.9209,"46,146 원",3085.0,"30,200 원",52.8013,2017-11-17,3085.0,2026-09-07,10410.0,237.439222,up,7.779579,19.93517,177.471637,100.324149,-20.594966,176.062258,61.376964,18150.0,488.330632,True,2018-03-05,108,248.460292,2018-09-13,3216,veteran,,,target_split_adjusted,2,2,,
"data/markdown/smic/2017-11-17_Equity Research, 일진디스플.md",smic,company,archive,2017-11-17,2017-10-28,2017-11-17,KR,일진디스플,020760,KRX,Strong Buy,buy,일진디스플,15440.0,"15,440 원",7426.0,"8,670 원",107.9181,2017-11-17,7426.0,2026-09-07,902.0,-87.853488,down,-20.886076,-24.454619,-44.04794,-59.14355,0.0,176.062258,-263.915745,8558.0,15.243738,False,,,15.243738,2017-11-22,3216,veteran,,,,1,1,,
"data/markdown/smic/2017-11-17_Equity Research, 코오롱플라스틱.md",smic,company,archive,2017-11-17,2017-10-28,2017-11-17,KR,코오롱ENP,138490,KRX,Buy,buy,코오롱ENP,10268.0,"10,268 원",7670.0,"7,380 원",33.8722,2017-11-17,7670.0,2026-04-15,15000.0,95.567145,up,-0.260756,7.040417,5.736636,-26.597132,78.571429,140.387294,-44.82015,23800.0,210.29987,True,2021-09-03,1386,18.252934,2018-01-24,3216,veteran,,,,1,1,,
"data/markdown/smic/2017-11-17_Equity Research, 더블유게임즈.md",smic,company,archive,2017-11-17,2017-10-28,2017-11-17,KR,더블유게임즈,192080,KRX,Buy,buy,더블유게임즈,82600.0,"82,600 원",47253.0,"50,800 원",74.8037,2017-11-17,47253.0,2026-09-07,56300.0,19.145874,up,-3.225192,7.167799,3.942607,9.677692,5.037313,176.062258,-156.916383,76500.0,61.894483,False,,,40.141367,2019-05-07,3216,veteran,,,,1,1,,
"data/markdown/smic/2017-11-17_Equity Research, 웅진에너지.md",smic,company,archive,2017-11-17,2017-10-28,2017-11-17,KR,금호에이치티,214330,KRX,Buy,buy,금호에이치티,,,17280.0,"7,960 원",,2017-11-17,17280.0,2026-09-07,7130.0,-58.738426,down,-0.983796,-2.719907,24.131944,44.791667,34.022556,176.062258,-234.800683,49850.0,188.483796,,,,69.502315,2018-10-30,3216,veteran,,missing_target_price,target_price_suspect,8,9,,
"data/markdown/smic/2017-12-05_Equity Research, 신세계.md",smic,company,archive,2017-12-05,2017-11-11,2017-12-05,KR,신세계,004170,KRX,Buy,buy,신세계,334000.0,"334,000 원",294500.0,"263,500 원",13.4126,2017-12-05,294500.0,2026-09-07,396500.0,34.634975,up,-4.75382,10.526316,51.103565,-3.565365,60.526316,178.687473,-144.052499,792000.0,168.93039,True,2018-01-26,52,61.460102,2018-05-25,3198,veteran,,,,2,2,,
"data/markdown/smic/2017-12-05_Equity Research, 한솔케미칼.md",smic,company,archive,2017-12-05,2017-11-11,2017-12-05,KR,한솔케미칼,014680,KRX,Buy,buy,한솔케미칼,98600.0,"98,600 원",77100.0,"72,900 원",27.8859,2017-12-05,77100.0,2026-09-07,202000.0,161.997406,up,-7.522698,-8.560311,0.0,0.389105,-11.208791,178.687473,-16.690067,392000.0,408.43061,True,2019-11-19,714,33.592737,2019-11-29,3198,veteran,,,,2,2,,
"data/markdown/smic/2017-12-05_Equity Research, 삼성전기.md",smic,company,archive,2017-12-05,2017-11-11,2017-12-05,KR,금호에이치티,214330,KRX,Hold,soft_buy,금호에이치티,111300.0,"111,300 원",17840.0,"104,500 원",523.8789,2017-12-05,17840.0,2026-09-07,7130.0,-60.033632,down,-6.334081,-8.295964,22.477578,46.973094,34.022556,178.687473,-238.721105,49850.0,179.428251,False,,,64.181614,2018-10-30,3198,veteran,,,,9,9,,
"data/markdown/smic/2017-12-05_Equity Research, 현대로보틱스.md",smic,company,archive,2017-12-05,2017-11-11,2017-12-05,KR,HD현대,267250,KRX,Buy,buy,HD현대,111682.0197,"546,300 원",83000.0,"406,000 원",34.5567,2017-12-05,83000.0,2026-09-07,243500.0,193.373494,up,4.698795,1.566265,-7.108434,-3.373494,29.177719,178.687473,14.686021,333000.0,301.204819,True,2025-05-30,2733,17.710843,2018-01-29,3198,veteran,,,target_split_adjusted,1,1,,
"data/markdown/smic/2017-12-26_Equity Research, 대신증권.md",smic,company,archive,2017-12-26,2017-12-02,2017-12-26,KR,대신증권,003540,KRX,Strong Buy,buy,대신증권,21350.0,"21,350 원",14900.0,"14,600 원",43.2886,2017-12-26,14900.0,2026-09-07,26650.0,78.85906,up,17.114094,-10.067114,-19.463087,-19.463087,-1.296296,188.191601,-109.33254,51400.0,244.966443,True,2021-09-15,1359,20.134228,2018-01-23,3177,veteran,,,,1,1,,
"data/markdown/smic/2017-12-26_Equity Research, 정상제이엘에스.md",smic,company,archive,2017-12-26,2017-12-02,2017-12-26,KR,정상제이엘에스,040420,KRX,Buy,buy,정상제이엘에스,10990.0,"10,990 원",8000.0,"8,010 원",37.375,2017-12-26,8000.0,2026-09-07,5830.0,-27.125,down,-6.625,-7.375,-10.625,-8.875,-2.671119,188.191601,-215.316601,8400.0,5.0,False,,,0.875,2019-05-22,3177,veteran,,,,1,1,,
"data/markdown/smic/2017-12-26_Equity Research, 경동도시가스.md",smic,company,archive,2017-12-26,2017-12-01,2017-12-26,KR,경동도시가스,267290,KRX,Buy,buy,경동도시가스,46850.0,"46,850 원",29027.0,"37,750 원",61.4015,2017-12-26,29027.0,2026-09-07,22100.0,-23.863989,down,13.380646,8.554105,27.450305,-7.999449,7.281553,188.191601,-212.055589,42199.0,45.378441,False,,,45.378441,2018-06-01,3177,veteran,,,,1,1,,
"data/markdown/smic/2018-05-01_Equity Research, 포스코 켐텍.md",smic,company,archive,2018-05-01,2018-04-14,2018-05-01,KR,포스코퓨처엠,003670,KRX,Hold,soft_buy,포스코퓨처엠,41910.0,"41,910 원",33480.0,"42,300 원",25.1792,2018-05-02,32252.0,2026-09-07,182600.0,466.166439,up,26.094506,43.867047,97.460623,61.636488,-2.352941,179.1891,286.97734,672704.0,1985.774526,True,2018-05-30,29,129.334615,2018-09-28,3051,veteran,,,,4,4,,
"data/markdown/smic/2018-05-01_Equity Research, 대명코퍼레이션.md",smic,company,archive,2018-05-01,2018-04-14,2018-05-01,KR,소노스퀘어,007720,KRX,Sell,sell,소노스퀘어,2500.0,"2,500 원",3700.0,"3,390 원",-32.4324,2018-05-02,3580.0,2026-09-07,1241.0,-65.335196,down,-9.217877,-27.374302,-51.815642,-41.201117,91.808346,179.1891,-244.524295,4100.0,14.52514,True,2018-05-02,1,14.52514,2018-06-07,3051,veteran,,,,1,1,,
"data/markdown/smic/2018-05-01_Equity Research, 도이치모터스.md",smic,company,archive,2018-05-01,2018-04-14,2018-05-01,KR,도이치모터스,067990,KRX,Buy,buy,도이치모터스,9381.0,"9,381 원",6580.0,"6,870 원",42.5684,2018-05-02,6639.0,2026-09-07,3760.0,-43.364965,down,-2.515439,-16.116885,-25.289953,15.830697,-14.448237,179.1891,-222.554064,12816.0,93.041121,True,2019-05-23,387,93.041121,2019-06-13,3051,veteran,,,,1,1,,
"data/markdown/smic/2018-05-01_Equity Research, 다나와.md",smic,company,archive,2018-05-01,2018-04-14,2018-05-01,KR,커넥트웨이브,119860,KRX,Buy,buy,커넥트웨이브,25200.0,25200 원,17950.0,18000 원,40.39,2018-05-02,18200.0,2024-09-23,18000.0,-1.098901,down,-0.824176,-10.989011,-1.648352,26.923077,0.0,3.847367,-4.946268,41550.0,128.296703,True,2019-05-15,379,61.538462,2019-06-13,3051,veteran,,,,1,1,,
"data/markdown/smic/2018-05-01_Equity Research, 아우딘퓨쳐스.md",smic,company,archive,2018-05-01,2018-04-14,2018-05-01,KR,아우딘퓨쳐스,227610,KRX,Buy,buy,아우딘퓨쳐스,27400.0,"27,400 원",19350.0,"18,250 원",41.6021,2018-05-02,18550.0,2026-09-07,1070.0,-94.231806,down,27.22372,32.345013,-35.579515,-28.301887,-32.704403,179.1891,-273.420906,28450.0,53.369272,True,2018-07-02,62,53.369272,2018-07-03,3051,veteran,,,,1,1,,
"data/markdown/smic/2018-05-18_Equity Research, 송원산업.md",smic,company,archive,2018-05-18,2018-05-05,2018-05-18,KR,송원산업,004430,KRX,Buy,buy,송원산업,34219.0,"34,219 원",26550.0,"27,050 원",28.8851,2018-05-18,26550.0,2026-09-07,11830.0,-55.442561,down,-3.954802,-7.532957,-33.709981,-24.482109,30.718232,184.29033,-239.732891,28250.0,6.403013,False,,,6.403013,2018-09-10,3034,veteran,,,,1,1,,
"data/markdown/smic/2018-05-18_Equity Research, 대한유화.md",smic,company,archive,2018-05-18,2018-05-05,2018-05-18,KR,대한유화,006650,KRX,Buy,buy,대한유화,359000.0,"359,000 원",253500.0,"266,500 원",41.6174,2018-05-18,253500.0,2026-09-07,97500.0,-61.538462,down,1.775148,-5.522682,-34.122288,-43.589744,-32.665746,184.29033,-245.828791,405500.0,59.960552,True,2021-02-10,999,8.284024,2018-06-08,3034,veteran,,,,2,3,,
"data/markdown/smic/2018-05-18_Equity Research, 아프리카 TV.md",smic,company,archive,2018-05-18,2018-05-05,2018-05-18,KR,SOOP,067160,KRX,Buy,buy,SOOP,52800.0,"52,800 원",39250.0,"36,950 원",34.5223,2018-05-18,39250.0,2026-09-07,38250.0,-2.547771,down,40.127389,-0.382166,6.624204,71.210191,-43.584071,184.29033,-186.8381,249100.0,534.649682,True,2018-06-04,17,115.286624,2019-11-13,3034,veteran,,,,1,3,,
"data/markdown/smic/2018-05-18_Equity Research, 대주전자재료.md",smic,company,archive,2018-05-18,2018-05-05,2018-05-18,KR,대주전자재료,078600,KRX,Buy,buy,대주전자재료,,,20350.0,"18,850 원",,2018-05-18,20350.0,2026-09-07,85800.0,321.621622,up,14.004914,46.928747,-10.07371,-25.552826,35.11811,184.29033,137.331292,183300.0,800.737101,,,,65.601966,2018-07-27,3034,veteran,,missing_target_price,,1,1,,
"data/markdown/smic/2018-05-18_Equity Research, 매일유업.md",smic,company,archive,2018-05-18,2018-05-05,2018-05-18,KR,매일유업,267980,KRX,Buy,buy,매일유업,99000.0,"99,000 원",84700.0,"78,300 원",16.8831,2018-05-18,84700.0,2026-09-07,34050.0,-59.799292,down,0.354191,2.83353,-14.403778,7.319953,-3.267045,184.29033,-244.089621,102700.0,21.251476,True,2018-07-10,53,21.251476,2018-07-12,3034,veteran,,,,1,1,,
"data/markdown/smic/2018-06-01_Equity Research, 화승인더.md",smic,company,archive,2018-06-01,2018-05-19,2018-06-01,KR,화승인더,006060,KRX,Buy,buy,화승인더,14664.0,"14,664 원",9100.0,"9,730 원",61.1429,2018-06-01,9100.0,2026-09-07,2440.0,-73.186813,down,-12.197802,-1.538462,-31.868132,8.241758,-32.596685,186.818562,-260.005375,13700.0,50.549451,False,,,50.549451,2020-02-20,3020,veteran,,,,1,2,,
"data/markdown/smic/2018-06-01_Equity Research, LG 이노텍.md",smic,company,archive,2018-06-01,2018-05-19,2018-06-01,KR,LG이노텍,011070,KRX,Buy,buy,LG이노텍,166652.0,"166,652 원",148000.0,"128,500 원",12.6027,2018-06-01,148000.0,2026-09-07,586000.0,295.945946,up,-2.364865,-2.027027,-31.756757,-36.013514,116.236162,186.818562,109.127384,1788000.0,1108.108108,True,2018-08-01,61,14.864865,2018-08-01,3020,veteran,,,,3,3,,
"data/markdown/smic/2018-06-01_Equity Research, DB.md",smic,company,archive,2018-06-01,2018-05-19,2018-06-01,KR,DB,012030,KRX,Buy,buy,DB,1750.0,"1,750 원",1150.0,"1,055 원",52.1739,2018-06-01,1150.0,2026-09-07,1672.0,45.391304,up,-16.869565,-29.565217,-26.434783,-18.956522,13.432836,186.818562,-141.427258,3160.0,174.782609,True,2023-02-27,1732,10.869565,2018-06-07,3020,veteran,,,,1,1,,
"data/markdown/smic/2018-06-01_Equity Research, 한국큐빅.md",smic,company,archive,2018-06-01,2018-05-19,2018-06-01,KR,한국큐빅,021650,KRX,Buy,buy,한국큐빅,6900.0,6900 원,3110.0,"3,145 원",121.865,2018-06-01,3110.0,2026-09-07,1997.0,-35.787781,down,1.446945,-12.861736,-33.601286,-21.864952,-13.922414,186.818562,-222.606343,7090.0,127.974277,True,2021-06-25,1120,7.717042,2018-06-12,3020,veteran,,,,1,1,,
"data/markdown/smic/2018-06-01_Equity Research, 삼성출판사.md",smic,company,archive,2018-06-01,2018-05-19,2018-06-01,KR,삼성출판사,068290,KRX,Buy,buy,삼성출판사,15826.0,"15,826 원",10100.0,"8,810 원",56.6931,2018-06-01,10100.0,2026-09-07,6300.0,-37.623762,down,0.49505,2.475248,37.623762,60.39604,-42.934783,186.818562,-224.442324,59000.0,484.158416,True,2018-09-05,96,190.09901,2019-12-13,3020,veteran,,,,1,1,,
"data/markdown/smic/2018-06-12_Equity Research, 나이스정보통신.md",smic,company,archive,2018-06-12,2018-06-02,2018-06-12,KR,나이스정보통신,036800,KRX,Buy,buy,나이스정보통신,34400.0,"34,400 원",26650.0,"25,200 원",29.0807,2018-06-12,26650.0,2026-09-07,7270.0,-72.72045,down,-2.251407,-10.694184,-24.202627,-20.637899,-71.321499,183.348388,-256.068838,41900.0,57.223265,True,2019-08-13,427,57.223265,2019-08-19,3009,veteran,,,,1,1,,
"data/markdown/smic/2018-06-12_Equity Research, 고려신용정보.md",smic,company,archive,2018-06-12,2018-06-02,2018-06-12,KR,고려신용정보,049720,KRX,Buy,buy,고려신용정보,5480.0,"5,480 원",3860.0,"3,810 원",41.9689,2018-06-12,3860.0,2026-09-07,9100.0,135.751295,up,-12.694301,-1.943005,3.88601,18.264249,-13.825758,183.348388,-47.597092,15450.0,300.259067,True,2019-07-22,405,84.196891,2020-05-18,3009,veteran,,,,1,2,,
"data/markdown/smic/2018-06-12_Equity Research, CJ프레시웨이.md",smic,company,archive,2018-06-12,2018-06-02,2018-06-12,KR,CJ프레시웨이,051500,KRX,Buy,buy,CJ프레시웨이,,,36750.0,"34,600 원",,2018-06-12,36750.0,2026-09-07,23550.0,-35.918367,down,-10.47619,-12.517007,-32.380952,-25.442177,-11.962617,183.348388,-219.266755,44700.0,21.632653,,,,0.544218,2018-06-12,3009,veteran,,missing_target_price,,1,1,,
"data/markdown/smic/2018-06-12_Equity Research, 이크레더블.md",smic,company,archive,2018-06-12,2018-06-02,2018-06-12,KR,이크레더블,092130,KRX,Buy,buy,이크레더블,18600.0,"18,600",14800.0,"15,400",25.6757,2018-06-12,14800.0,2026-09-07,14460.0,-2.297297,down,0.675676,0.337838,11.486486,22.972973,-13.72315,183.348388,-185.645685,26650.0,80.067568,True,2019-03-20,281,49.662162,2020-05-27,3009,veteran,,,,1,1,,
"data/markdown/smic/2018-06-12_Equity Research, 사람인에이치알.md",smic,company,archive,2018-06-12,2018-06-01,2018-06-12,KR,사람인,143240,KRX,,soft_buy,사람인,,,20050.0,"18,350 원",,2018-06-12,20050.0,2026-09-07,16820.0,-16.109726,down,-6.483791,-4.987531,-6.733167,20.448878,24.592593,183.348388,-199.458113,57000.0,184.289277,,,,64.089776,2020-01-16,3009,veteran,,,,1,1,,
"data/markdown/smic/2018-10-22_Equity Research, 유니켐.md",smic,company,archive,2018-10-22,2018-10-13,2018-10-22,KR,유니켐,011330,KRX,Buy,buy,유니켐,2469.0,"2,469 원",1595.0,"1,760 원",54.7962,2018-10-22,1595.0,2026-09-07,4360.0,173.354232,up,-2.821317,4.388715,40.125392,20.376176,244.936709,223.604461,-50.250229,7680.0,381.504702,True,2019-05-21,211,65.830721,2019-05-21,2877,veteran,,,,1,2,,
"data/markdown/smic/2018-10-22_Equity Research, 한국카본.md",smic,company,archive,2018-10-22,2018-10-13,2018-10-22,KR,한국카본,017960,KRX,Buy,buy,한국카본,8272.0,"8,272 원",7020.0,"6,750 원",17.8348,2018-10-22,7020.0,2026-09-07,22600.0,221.937322,up,1.709402,0.14245,12.820513,21.794872,-24.288107,223.604461,-1.667139,54100.0,670.655271,True,2019-02-14,115,59.54416,2020-09-07,2877,veteran,,,,2,3,,
"data/markdown/smic/2018-10-22_Equity Research, 한미반도체.md",smic,company,archive,2018-10-22,2018-10-13,2018-10-22,KR,한미반도체,042700,KRX,Buy,buy,한미반도체,11900.0,"11,900 원",4805.0,"9,110 원",147.6587,2018-10-22,4805.0,2026-09-07,240500.0,4905.202914,up,-18.730489,-24.453694,-10.197711,-27.367326,88.77551,223.604461,4681.598452,426000.0,8765.764828,True,2021-02-19,851,42.01873,2020-08-12,2877,veteran,,,,1,1,,
"data/markdown/smic/2018-10-22_Equity Research, 영원무역.md",smic,company,archive,2018-10-22,2018-10-13,2018-10-22,KR,영원무역,111770,KRX,Buy,buy,영원무역,46126.0,"46,126 원",37000.0,"37,500 원",24.6649,2018-10-22,37000.0,2026-09-07,75100.0,102.972973,up,7.432432,-4.189189,1.756757,0.405405,-8.190709,223.604461,-120.631488,103200.0,178.918919,True,2021-05-10,931,15.0,2019-05-21,2877,veteran,,,,1,1,,
"data/markdown/smic/2018-10-22_Equity Research, 우리산업.md",smic,company,archive,2018-10-22,2018-10-13,2018-10-22,KR,우리산업,215360,KRX,Buy,buy,우리산업,47353.0,"47,353 원",33100.0,"32,000 원",43.0604,2018-10-22,33100.0,2026-09-07,6450.0,-80.513595,down,-0.755287,12.23565,-3.927492,-37.915408,-21.437272,223.604461,-304.118056,40200.0,21.450151,False,,,21.450151,2019-01-21,2877,veteran,,,,1,1,,
"data/markdown/smic/2018-11-21_Equity Research, 코스모신소재.md",smic,company,archive,2018-11-21,2018-11-03,2018-11-21,KR,코스모신소재,005070,KRX,Buy,buy,코스모신소재,26400.0,"26,400 원",17563.0,"18,350 원",50.316,2018-11-21,17563.0,2026-09-07,38650.0,120.064909,up,-9.161305,-17.047202,-37.157661,-61.532768,-10.73903,236.875587,-116.810678,239547.0,1263.929853,True,2021-04-22,883,7.367762,2018-11-22,2847,veteran,,,,1,1,,
"data/markdown/smic/2018-11-21_Equity Research, JB금융지주.md",smic,company,archive,2018-11-21,2018-11-03,2018-11-21,KR,유니켐,011330,KRX,Hold,soft_buy,유니켐,5803.0,5803 원,1550.0,5690 원,274.3871,2018-11-21,1550.0,2026-09-07,4360.0,181.290323,up,-0.322581,14.516129,49.032258,26.129032,244.936709,236.875587,-55.585264,7680.0,395.483871,True,2026-08-07,2816,70.645161,2019-05-21,2847,veteran,,,,2,2,,
"data/markdown/smic/2018-11-21_Equity Research, NICE평가정보.md",smic,company,archive,2018-11-21,2018-11-03,2018-11-21,KR,NICE평가정보,030190,KRX,Buy,buy,NICE평가정보,14006.0,"14,006 원",11750.0,"10,850 원",19.2,2018-11-21,11750.0,2026-09-07,16320.0,38.893617,up,-10.212766,-12.340426,26.808511,8.510638,-4.0,236.875587,-197.98197,30400.0,158.723404,True,2019-04-09,139,112.765957,2020-05-13,2847,veteran,,,,1,1,,
"data/markdown/smic/2018-11-21_Equity Research, 현대리바트.md",smic,company,archive,2018-11-21,2018-11-03,2018-11-21,KR,현대리바트,079430,KRX,Buy,buy,현대리바트,34900.0,"34,900 원",18950.0,"21,850 원",84.1689,2018-11-21,18950.0,2026-09-07,6020.0,-68.23219,down,8.17942,15.039578,-0.527704,-29.815303,-12.626996,236.875587,-305.107777,23450.0,23.746702,False,,,23.746702,2019-04-16,2847,veteran,,,,1,1,,
"data/markdown/smic/2018-12-31_Equity Research, 금호석유.md",smic,company,archive,2018-12-31,2018-11-18,2018-12-31,KR,금호석유화학,011780,KRX,Buy,buy,금호석유화학,133200.0,"133,200 원",87300.0,"92,200 원",52.5773,2019-01-02,84400.0,2026-09-07,126000.0,49.2891,up,6.990521,12.796209,15.402844,-8.175355,4.391052,248.029353,-198.740254,298500.0,253.672986,True,2020-10-08,647,85.42654,2020-11-06,2807,veteran,,,,1,1,,
"data/markdown/smic/2018-12-31_Equity Research, SK텔레콤.md",smic,company,archive,2018-12-31,2018-12-01,2018-12-31,KR,SK텔레콤,017670,KRX,Buy,buy,SK텔레콤,69584.7711,"425,000 원",46499.0,"284,000 원",49.6479,2019-01-02,47016.0,2026-09-07,93800.0,99.506551,up,-5.136549,-7.705887,-4.953633,-12.65952,75.327103,248.029353,-148.522802,139500.0,196.707504,True,2026-01-27,2584,3.301004,2019-01-04,2807,veteran,,,target_split_adjusted,3,3,,
"data/markdown/smic/2018-12-31_Equity Research, KT&G.md",smic,company,archive,2018-12-31,2018-12-01,2018-12-31,KR,KT&G,033780,KRX,Buy,buy,KT&G,125600.0,"125,600 원",101500.0,"105,500 원",23.7438,2019-01-02,97600.0,2026-09-07,170300.0,74.487705,up,2.254098,6.045082,0.922131,-3.893443,19.845179,248.029353,-173.541648,192400.0,97.131148,True,2024-11-29,2160,12.192623,2019-03-11,2807,veteran,,,,1,1,,
"data/markdown/smic/2018-12-31_Equity Research, 맥쿼리인프라.md",smic,company,archive,2018-12-31,2018-12-01,2018-12-31,KR,맥쿼리인프라,088980,KRX,Buy,buy,맥쿼리인프라,12270.0,"12,270 원",9252.0,"9,370 원",32.62,2019-01-02,9292.0,2026-09-07,9910.0,6.650882,up,5.574688,14.151959,26.474387,24.332759,-11.911111,248.029353,-241.378471,14291.0,53.798967,True,2021-04-21,842,31.823074,2019-05-29,2807,veteran,,,,1,1,,
"data/markdown/smic/2018-12-31_Equity Research, 제주항공.md",smic,company,archive,2018-12-31,2018-11-18,2018-12-31,KR,제주항공,089590,KRX,Buy,buy,제주항공,49868.0,"49,868 원",25658.0,"37,350 원",94.3565,2019-01-02,25887.0,2026-09-07,4625.0,-82.13389,down,-3.692973,16.838568,-2.066674,-20.825125,-14.510166,248.029353,-330.163243,35943.0,38.845753,False,,,38.845753,2019-04-15,2807,veteran,,,,1,1,,
"data/markdown/smic/2018-12-31_Equity Research, SK디앤디.md",smic,company,archive,2018-12-31,2018-11-18,2018-12-31,KR,SK디앤디,210960,KRX,Buy,buy,SK디앤디,44300.0,"44,300 원",27100.0,"27,100 원",63.47,,,,,,,,,,,,,,,,,,,,,2807,veteran,delisted,,,1,1,,
"data/markdown/smic/2018-12-31_Equity Research, 한솔제지.md",smic,company,archive,2018-12-31,2018-12-01,2018-12-31,KR,한솔제지,213500,KRX,Buy,buy,한솔제지,22500.0,"22,500 원",16600.0,"16,950 원",35.5422,2019-01-02,16850.0,2026-09-07,7550.0,-55.192878,down,1.186944,-12.462908,-13.05638,-14.243323,-9.145608,248.029353,-303.222232,19150.0,13.649852,False,,,13.649852,2019-02-28,2807,veteran,,,,1,1,,
"data/markdown/smic/2018-12-31_Equity Research, 씨엠에스에듀.md",smic,company,archive,2018-12-31,2018-11-29,2018-12-31,KR,씨엠에스에듀,225330,KRX,Buy,buy,씨엠에스에듀,10260.0,"10,260 원",6720.0,"7,110 원",52.6786,2019-01-02,6600.0,2022-03-16,6760.0,2.424242,up,3.484848,12.272727,-3.484848,-19.69697,0.0,32.3,-29.875758,10100.0,53.030303,False,,,28.030303,2019-02-25,2807,veteran,,,,1,1,,
"data/markdown/smic/2018-12-31_Equity Research, 펄어비스.md",smic,company,archive,2018-12-31,2018-11-17,2018-12-31,KR,펄어비스,263750,KRX,Buy,buy,펄어비스,60979.586,"276,300 원",41580.0,"188,400 원",46.6561,2019-01-02,40660.0,2026-09-07,33500.0,-17.609444,down,-4.426955,-17.363502,4.426955,-8.903099,-10.427807,248.029353,-265.638797,145200.0,257.107723,True,2021-01-27,758,37.727496,2020-12-28,2807,veteran,,,target_split_adjusted,1,2,,
"data/markdown/smic/2018-12-31_Equity Research, SBI핀테크솔루션즈.md",smic,company,archive,2018-12-31,2018-11-18,2018-12-31,KR,SBI핀테크솔루션즈,950110,KRX,Buy,buy,SBI핀테크솔루션즈,18954.0,"18,954 원",16300.0,"11,900 원",16.2822,2019-01-02,15700.0,2025-07-23,4930.0,-68.598726,down,-9.235669,-16.878981,14.649682,-34.713376,0.0,58.396517,-126.995244,18350.0,16.878981,False,,,16.878981,2019-06-27,2807,veteran,,,,2,2,,
"data/markdown/smic/2019-04-28_Equity Research, 인선이엔티.md",smic,company,archive,2019-04-28,2019-04-13,2019-04-28,KR,인선이엔티,060150,KRX,Buy,buy,인선이엔티,13050.0,"13,050 원",9200.0,"9,900 원",41.8478,2019-04-29,9650.0,2026-09-07,3010.0,-68.80829,down,-10.362694,-24.766839,-24.455959,-25.181347,-32.962138,215.615201,-284.423491,15000.0,55.440415,True,2021-01-25,638,55.440415,2021-04-14,2689,veteran,,,,2,3,,
"data/markdown/smic/2019-04-28_Equity Research, 케이아이엔엑스.md",smic,company,archive,2019-04-28,2019-04-13,2019-04-28,KR,케이아이엔엑스,093320,KRX,Buy,buy,케이아이엔엑스,50100.0,"50,100 원",32950.0,"33,600 원",52.0486,2019-04-29,31650.0,2026-09-07,144600.0,356.872038,up,25.434439,14.218009,0.473934,106.951027,19.40545,215.615201,141.256837,163700.0,417.219589,True,2020-03-31,338,212.796209,2020-09-07,2689,veteran,,,,1,1,,
"data/markdown/smic/2019-04-28_Equity Research, 엠씨넥스.md",smic,company,archive,2019-04-28,2019-04-17,2019-04-28,KR,엠씨넥스,097520,KRX,Buy,buy,엠씨넥스,30020.0,"30,020 원",21500.0,"21,050 원",39.6279,2019-04-29,21200.0,2026-09-07,19050.0,-10.141509,down,2.122642,-2.830189,20.518868,40.566038,-33.968804,215.615201,-225.75671,66500.0,213.679245,True,2019-12-05,221,213.679245,2021-02-04,2689,veteran,,,,1,1,,
"data/markdown/smic/2019-04-28_Equity Research, 슈피겐코리아.md",smic,company,archive,2019-04-28,2019-04-13,2019-04-28,KR,슈피겐코리아,192440,KRX,Buy,buy,슈피겐코리아,115977.0,"115,977 원",74100.0,"72,900 원",56.5142,2019-04-29,74500.0,2026-09-07,30350.0,-59.261745,down,1.47651,-22.818792,-22.550336,-43.959732,37.641723,215.615201,-274.876946,82600.0,10.872483,False,,,10.872483,2019-05-23,2689,veteran,,,,1,1,,
"data/markdown/smic/2019-04-28_Equity Research, 에코프로비엠.md",smic,company,archive,2019-04-28,2019-04-13,2019-04-28,KR,에코프로비엠,247540,KRX,Buy,buy,에코프로비엠,20023.5242,"86,830 원",15220.0,"66,000 원",31.5606,2019-04-29,15393.0,2026-09-07,106700.0,593.172221,up,-4.976288,-8.666277,-22.549211,16.533489,-27.216917,215.615201,377.55702,584000.0,3693.932307,True,2020-02-11,289,229.052167,2021-01-11,2689,veteran,,,target_split_adjusted,1,1,,
"data/markdown/smic/2019-05-30_Equity Research, 오뚜기.md",smic,company,archive,2019-05-30,2019-05-04,2019-05-30,KR,오뚜기,007310,KRX,Buy,buy,오뚜기,1138700.0,"1,138,700 원",708000.0,"726,000 원",60.8333,2019-05-30,708000.0,2026-09-07,332000.0,-53.107345,down,-3.248588,-20.338983,-20.056497,-22.175141,-13.766234,243.113106,-296.22045,722000.0,1.977401,False,,,1.977401,2019-05-30,2657,veteran,,,,2,2,,
"data/markdown/smic/2019-05-30_Equity Research, 동화기업.md",smic,company,archive,2019-05-30,2019-05-24,2019-05-30,KR,동화기업,025900,KRX,Buy,buy,동화기업,15066.1396,"33,346 원",7229.0,"16,000 원",108.4125,2019-05-30,7229.0,2026-09-07,7140.0,-1.231152,down,-3.596625,6.100429,0.553327,37.68156,-15.702479,243.113106,-244.344258,47742.0,560.423295,True,2020-06-18,385,373.149813,2021-04-26,2657,veteran,,,target_split_adjusted,1,1,,
"data/markdown/smic/2019-05-30_Equity Research, 제로투세븐.md",smic,company,archive,2019-05-30,2019-05-04,2019-05-30,KR,제로투세븐,159580,KRX,Buy,buy,제로투세븐,12280.0,"12,280 원",10400.0,"8,100 원",18.0769,2019-05-30,10400.0,2026-09-07,2240.0,-78.461538,down,26.923077,-10.192308,-5.480769,-23.076923,-43.647799,243.113106,-321.574644,17500.0,68.269231,True,2019-06-07,8,65.865385,2021-04-16,2657,veteran,,,,1,1,,
"data/markdown/smic/2019-05-30_Equity Research, 디티앤씨.md",smic,company,archive,2019-05-30,2019-05-04,2019-05-30,KR,디티앤씨,187220,KRX,Buy,buy,디티앤씨,15750.0,"15,750 원",10700.0,"10,950 원",47.1963,2019-05-30,10700.0,2026-09-07,1962.0,-81.663551,down,0.46729,-24.953271,-32.149533,-42.897196,-17.389474,243.113106,-324.776657,13050.0,21.962617,False,,,21.962617,2019-06-13,2657,veteran,,,,1,1,,
"data/markdown/smic/2019-05-30_Equity Research, 롯데정보통신.md",smic,company,archive,2019-05-30,2019-05-04,2019-05-30,KR,롯데이노베이트,286940,KRX,Hold,soft_buy,롯데이노베이트,54143.0,"54,143 원",43450.0,"46,700 원",24.6099,2019-05-30,43450.0,2026-09-07,18790.0,-56.754891,down,-5.52359,0.690449,1.265823,-8.860759,-2.944215,243.113106,-299.867996,53900.0,24.050633,False,,,8.975834,2019-06-12,2657,veteran,,,,1,1,,
"data/markdown/smic/2019-08-11_Equity Research, 한화케미칼.md",smic,company,modern,2019-08-11,2019-06-01,2019-08-11,KR,한화솔루션,009830,KRX,Sell,sell,한화솔루션,15850.0,"15,850",19618.0,"20,650 원",-19.2069,2019-08-12,19560.0,2026-09-07,29650.0,51.584867,up,5.255624,0.587935,6.998978,81.354806,17.295672,260.161974,-208.577107,69123.0,253.389571,True,2019-08-12,1,253.389571,2021-01-11,2584,veteran,,,,2,4,,
"data/markdown/smic/2019-08-11_Equity Research, NHN한국사이버결제.md",smic,company,modern,2019-08-11,2019-05-18,2019-08-11,KR,NHN KCP,060250,KRX,Buy,buy,NHN KCP,19300.0,"19,300 원",11871.0,"12,850 원",62.5811,2019-08-12,12100.0,2026-09-07,15300.0,26.446281,up,-2.363636,1.181818,16.586777,210.429752,2.615694,260.161974,-233.715693,43008.0,255.438017,True,2020-04-03,236,255.438017,2020-08-31,2584,veteran,,,,1,1,,
"data/markdown/smic/2019-08-11_Equity Research, Adobe systems.md",smic,company,modern,2019-08-11,2019-06-01,2019-08-11,KR,세진중공업,075580,KRX,Buy,buy,세진중공업,,,3038.0,,,2019-08-12,2903.0,2026-09-07,10360.0,256.872201,up,19.049259,8.921805,-6.062694,54.392008,-40.45977,260.161974,-3.289773,27400.0,843.851188,,,,182.500861,2020-09-11,2584,veteran,,missing_target_price,,2,6,,
"data/markdown/smic/2019-08-11_Equity Research, 이엠텍.md",smic,company,modern,2019-08-11,2019-06-01,2019-08-11,KR,이엠텍,091120,KRX,Buy,buy,이엠텍,19500.0,"19,500 원",10253.0,"14,400 원",90.1882,2019-08-12,10449.0,2026-09-07,4835.0,-53.727629,down,-7.665805,-16.642741,-14.766963,41.113982,-40.234858,260.161974,-313.889603,60000.0,474.217628,True,2021-04-21,619,134.098957,2021-08-05,2584,veteran,,,,1,1,,
"data/markdown/smic/2019-08-11_Equity Research, 동양피엔에프.md",smic,company,modern,2019-08-11,2019-05-18,2019-08-11,KR,디와이피엔에프,104460,KRX,Buy,buy,디와이피엔에프,12600.0,"12,600 원",9140.0,"8,970 원",37.8556,2019-08-12,9120.0,2026-09-07,7480.0,-17.982456,down,2.302632,20.614035,39.802632,48.574561,-46.341463,260.161974,-278.14443,51100.0,460.307018,True,2020-01-10,152,404.385965,2021-08-09,2584,veteran,,,,2,2,,
"data/markdown/smic/2019-08-11_Equity Research, 알서포트.md",smic,company,modern,2019-08-11,2019-06-01,2019-08-11,KR,알서포트,131370,KRX,Buy,buy,알서포트,5200.0,"5,200 원",3220.0,"3,550 원",61.4907,2019-08-12,3350.0,2026-09-07,1521.0,-54.597015,down,-8.955224,-15.223881,-6.865672,197.313433,-37.407407,260.161974,-314.758989,23650.0,605.970149,True,2020-03-31,233,605.970149,2020-08-28,2584,veteran,,,,1,1,,
"data/markdown/smic/2019-08-11_Equity Research, 콜마비앤에이치.md",smic,company,modern,2019-08-11,2019-05-18,2019-08-11,KR,콜마비앤에이치,200130,KRX,Buy,buy,콜마비앤에이치,34500.0,"34,500 원",25550.0,"24,000 원",35.0294,2019-08-12,24300.0,2026-09-07,8360.0,-65.596708,down,11.522634,11.728395,15.843621,186.00823,-34.6875,260.161974,-325.758682,72900.0,200.0,True,2020-05-08,271,200.0,2020-08-25,2584,veteran,,,,1,1,,
"data/markdown/smic/2019-08-11_Equity Research, 덱스터.md",smic,company,modern,2019-08-11,2019-05-18,2019-08-11,KR,덱스터,206560,KRX,Buy,buy,덱스터,11700.0,"11,700 원",6090.0,"8,100 원",92.1182,2019-08-12,6190.0,2026-09-07,943.0,-84.765751,down,4.523425,41.357027,30.533118,-7.915994,-76.336261,260.161974,-344.927725,53000.0,756.219709,True,2021-07-21,710,152.019386,2021-08-05,2584,veteran,,,,1,1,,
"data/markdown/smic/2019-08-11_Equity Research, 지노믹트리.md",smic,company,modern,2019-08-11,2019-06-19,2019-08-11,KR,지노믹트리,228760,KRX,Buy,buy,지노믹트리,,,14050.0,"21,900 원",,2019-08-12,14100.0,2026-09-07,10550.0,-25.177305,down,-1.06383,68.085106,42.198582,29.078014,-61.566485,260.161974,-285.339279,33300.0,136.170213,,,,88.297872,2020-03-10,2584,veteran,,missing_target_price,target_price_suspect,1,1,,
"data/markdown/smic/2019-08-11_Equity Research, 효성첨단소재.md",smic,company,modern,2019-08-11,2019-06-01,2019-08-11,KR,HS효성첨단소재,298050,KRX,Buy,buy,HS효성첨단소재,143300.0,"143,300 원",115000.0,"110,000 원",24.6087,2019-08-12,114500.0,2026-09-07,172000.0,50.218341,up,14.847162,-4.803493,-13.362445,29.257642,-5.286344,260.161974,-209.943633,877000.0,665.938865,True,2019-08-21,10,477.292576,2021-07-16,2584,veteran,,,,1,1,,
"data/markdown/yig/2025-11-10_한국타이어앤테크놀로지 (161390, KS), 고무고무~ 타이어! (발간일 231125) YIG Research.md",yig,company,modern,2019-11-01,2019-11-01,2025-11-10,KR,한국타이어앤테크놀로지,161390,KOSPI,Buy,buy,한국타이어앤테크놀로지,71500.0,"71,500",31650.0,"44,850",125.9084,2019-11-01,31650.0,2026-09-07,65400.0,106.635071,up,5.055292,-8.372828,-32.8594,0.0,12.178388,233.082087,-126.447016,78400.0,147.709321,True,2026-01-22,2274,81.674566,2021-06-22,2502,veteran,,,,1,1,,
"data/markdown/smic/2019-11-05_Equity Research, 동국제약.md",smic,company,modern,2019-11-05,2019-10-12,2019-11-05,KR,동국제약,086450,KRX,Buy,buy,동국제약,20175.5604,"90,800 원",14154.0,"63,700 원",42.5432,2019-11-05,14154.0,2026-09-07,20800.0,46.954924,up,9.333051,25.462767,33.382789,81.92737,21.282799,226.484617,-179.529693,36150.0,155.404833,True,2020-04-23,170,155.404833,2020-09-10,2498,veteran,,,target_split_adjusted,1,1,,
"data/markdown/smic/2019-11-05_Equity Research, 비에이치.md",smic,company,modern,2019-11-05,2019-10-24,2019-11-05,KR,비에이치,090460,KRX,Strong Buy,buy,비에이치,45300.0,"45,300 원",22600.0,"24,050 원",100.4425,2019-11-05,22600.0,2026-09-07,21400.0,-5.309735,down,-9.070796,-7.522124,-25.663717,-4.20354,32.919255,226.484617,-231.794352,43400.0,92.035398,False,,,19.247788,2020-07-16,2498,veteran,,,,1,2,,
"data/markdown/smic/2019-11-05_Equity Research, 에코마케팅.md",smic,company,modern,2019-11-05,2019-10-13,2019-11-05,KR,에코마케팅,230360,KRX,Buy,buy,에코마케팅,52500.0,"52,500 원",18050.0,"32,400 원",190.8587,2019-11-05,18050.0,2026-06-29,16000.0,-11.357341,down,-17.728532,10.387812,-9.279778,36.842105,49.53271,291.790035,-303.147375,33150.0,83.65651,False,,,83.65651,2020-09-04,2498,veteran,,,,1,1,,
"data/markdown/smic/2019-11-05_Equity Research, 삼양패키징.md",smic,company,modern,2019-11-05,2019-10-12,2019-11-05,KR,삼양패키징,272550,KRX,Buy,buy,삼양패키징,23687.0,"23,687",16350.0,"16,100 원",44.8746,2019-11-05,16350.0,2026-09-07,9850.0,-39.755352,down,-3.058104,-3.058104,0.917431,22.93578,-27.626745,226.484617,-266.239969,33900.0,107.33945,True,2021-03-04,485,107.33945,2021-09-03,2498,veteran,,,,1,1,,
"data/markdown/smic/2019-11-05_Equity Research, 코윈테크.md",smic,company,modern,2019-11-05,2019-10-12,2019-11-05,KR,코윈테크,282880,KRX,Buy,buy,코윈테크,41100.0,"41,100 원",22312.0,"26,350 원",84.2058,2019-11-05,22312.0,2026-09-07,10140.0,-54.553603,down,-14.019362,2.025816,-4.307099,-23.104159,-36.743606,226.484617,-281.038221,43524.0,95.069918,True,2023-07-25,1358,64.342058,2021-10-29,2498,veteran,,,,1,1,,
"data/markdown/smic/2019-12-18_Equity Research, SK.md",smic,company,modern,2019-12-18,2019-11-02,2019-12-18,KR,SK,034730,KRX,Buy,buy,SK,367000.0,"367,000 원",256500.0,"263,000 원",43.0799,2019-12-18,256500.0,2026-09-07,611000.0,138.206628,up,-4.483431,-46.19883,18.518519,-5.653021,138.206628,218.731433,-80.524805,883000.0,244.249513,True,2026-02-20,2256,40.545809,2021-01-26,2455,veteran,,,,1,1,,
"data/markdown/smic/2019-12-18_Equity Research, SFA반도체.md",smic,company,modern,2019-12-18,2019-11-10,2019-12-18,KR,SFA반도체,036540,KRX,Buy,buy,SFA반도체,5500.0,"5,500 원",3880.0,"3,110 원",41.7526,2019-12-18,3880.0,2026-09-07,6010.0,54.896907,up,20.747423,17.783505,18.556701,42.268041,31.36612,218.731433,-163.834526,11640.0,200.0,True,2020-01-20,33,165.463918,2021-02-16,2455,veteran,,,,1,1,,
"data/markdown/smic/2019-12-18_Equity Research, 영풍정밀.md",smic,company,modern,2019-12-18,2019-11-02,2019-12-18,KR,KZ정밀,036560,KRX,Buy,buy,KZ정밀,15670.0,"15,670 원",8500.0,"8,380 원",84.3529,2019-12-18,8500.0,2026-09-07,12220.0,43.764706,up,3.882353,-30.117647,-27.294118,-2.0,-18.911745,218.731433,-174.966727,36700.0,331.764706,True,2022-11-25,1073,54.705882,2021-07-15,2455,veteran,,,,1,1,,
"data/markdown/smic/2019-12-18_Equity Research, 비츠로셀.md",smic,company,modern,2019-12-18,2019-11-02,2019-12-18,KR,비츠로셀,082920,KRX,Buy,buy,비츠로셀,16829.0,"16,829",6686.0,"13,500 원",151.7051,2019-12-18,6686.0,2026-09-07,29000.0,333.742148,up,18.875262,-2.632366,27.565061,19.63805,64.585698,218.731433,115.010715,67800.0,914.059228,True,2025-08-07,2059,56.625785,2020-07-30,2455,veteran,,,,2,2,,
"data/markdown/smic/2019-12-18_Equity Research, 아이티엠반도체.md",smic,company,modern,2019-12-18,2019-11-02,2019-12-18,KR,아이티엠반도체,084850,KRX,Buy,buy,아이티엠반도체,47200.0,"47,200",36450.0,,29.4925,2019-12-18,36450.0,2026-09-07,8360.0,-77.064472,down,33.88203,18.792867,70.644719,62.139918,-14.519427,218.731433,-295.795905,74000.0,103.017833,True,2020-01-10,23,103.017833,2020-05-27,2455,veteran,,,,1,1,,
"data/markdown/smic/2019-12-24_Equity Research, 한온시스템.md",smic,company,modern,2019-12-24,2019-11-30,2019-12-24,KR,한온시스템,018880,KRX,Buy,buy,한온시스템,15700.0,"15,700 원",10550.0,"10,800 원",48.8152,2019-12-24,10550.0,2026-09-07,3555.0,-66.303318,down,-1.763033,-24.322275,-17.090047,42.293839,19.89882,219.412533,-285.71585,18776.0,77.971564,True,2020-11-19,331,77.971564,2021-01-08,2449,veteran,,,,1,1,,
"data/markdown/smic/2019-12-24_Equity Research, Visa.md",smic,company,modern,2019-12-24,2019-11-16,2019-12-24,KR,세진중공업,075580,KRX,Buy,buy,세진중공업,,,3068.0,,,2019-12-24,3068.0,2026-09-07,10360.0,237.67927,up,-4.856584,-52.574967,15.938722,117.731421,-40.45977,219.412533,18.266737,27400.0,793.089961,,,,167.307692,2020-09-11,2449,veteran,,missing_target_price,,3,6,,
"data/markdown/smic/2019-12-24_Equity Research, 휠라코리아.md",smic,company,modern,2019-12-24,2019-12-05,2019-12-24,KR,미스토홀딩스,081660,KRX,Buy,buy,미스토홀딩스,69400.0,"69,400 원",54000.0,"51,600 원",28.5185,2019-12-24,54000.0,2026-09-07,40600.0,-24.814815,down,-14.814815,-63.888889,-31.481481,-18.888889,-4.918033,219.412533,-244.227348,59800.0,10.740741,False,,,10.740741,2021-06-03,2449,veteran,,,,2,2,,
"data/markdown/smic/2019-12-24_Equity Research, 노루페인트.md",smic,company,modern,2019-12-24,2019-11-30,2019-12-24,KR,노루페인트,090350,KRX,Buy,buy,노루페인트,11755.0,"11,755 원",8290.0,"8,130 원",41.7973,2019-12-24,8290.0,2026-09-07,8030.0,-3.136309,down,-5.3076,-45.838359,-11.338963,13.268999,-5.529412,219.412533,-222.548842,16850.0,103.256936,True,2021-03-31,463,103.256936,2021-04-21,2449,veteran,,,,1,1,,
"data/markdown/smic/2019-12-24_Equity Research, 대정화금.md",smic,company,modern,2019-12-24,2019-11-30,2019-12-24,KR,대정화금,120240,KRX,Buy,buy,대정화금,34000.0,"34,000 원",14550.0,"14,850 원",133.677,2019-12-24,14550.0,2026-09-07,14780.0,1.580756,up,5.498282,-38.14433,0.0,154.982818,11.295181,219.412533,-217.831777,48850.0,235.738832,True,2020-08-25,245,235.738832,2020-11-25,2449,veteran,,,,1,1,,
"data/markdown/smic/2019-12-24_Equity Research, Align Technology.md",smic,company,modern,2019-12-24,2019-11-16,2019-12-24,US,Align Technology,ALGN,NASDAQ,Buy,buy,ALGN,360.76,$360.76,277.890015,$260.44,29.8211,2019-12-24,277.890015,2026-09-04,157.414993,-43.353491,down,-2.558572,-50.440824,-6.110335,88.923665,0.810118,140.114417,-183.467907,737.450012,165.374779,True,2020-10-22,303,165.374779,2021-09-23,2449,veteran,,,,1,1,,
"data/markdown/smic/2019-12-24_Equity Research, Alibaba Holdings.md",smic,company,modern,2019-12-24,2019-11-16,2019-12-24,US,Alibaba Group,BABA,NASDAQ,Buy,buy,BABA,210.96,$ 210.96,201.629898,$ 185.08,4.6273,2019-12-24,201.629898,2026-09-04,112.605003,-44.152626,down,2.272942,-17.698131,2.977694,19.565012,-22.472939,140.114417,-184.267043,300.496861,49.03388,True,2020-01-10,17,49.03388,2020-10-27,2449,veteran,,,,1,1,,
"data/markdown/smic/2019-12-24_Equity Research, Equinix.md",smic,company,modern,2019-12-24,,2019-12-24,US,Equinix,EQIX,NASDAQ,Buy,buy,EQIX,618.28,$ 618.28,507.512024,$ 544.71,21.8257,2019-12-24,507.512024,2026-09-04,1039.349976,104.793173,up,3.972182,-14.317588,25.123315,24.520915,37.071022,140.114417,-35.321244,1124.0,121.472585,True,2020-04-14,112,58.651463,2021-09-03,2449,veteran,,,,1,1,,
data/markdown/voera/undated_[BUY] LG생활건강.md,voera,company,modern,2020-02-28,2020-02-28,,KR,LG생활건강,051900,KRX,Buy,buy,LG생활건강,,,1221000.0,,,2020-02-28,1221000.0,2026-09-07,293000.0,-76.003276,down,-9.172809,13.431613,24.242424,23.914824,13.346228,252.056104,-328.05938,1784000.0,46.109746,,,,46.109746,2021-07-01,2383,veteran,,missing_target_price,date_cover_only,1,1,,
"data/markdown/smic/2020-05-06_Equity Research, 인텍플러스.md",smic,company,modern,2020-05-06,2020-04-18,2020-05-06,KR,인텍플러스,064290,KRX,Buy,buy,인텍플러스,12534.0,"12,534 원",8920.0,"7,810 원",40.5157,2020-05-06,8920.0,2026-09-07,40600.0,355.156951,up,18.834081,72.64574,28.923767,176.90583,212.788906,262.688463,92.468488,54100.0,506.502242,True,2020-06-19,44,273.318386,2022-01-03,2315,veteran,,,,1,1,,
"data/markdown/smic/2020-05-06_Equity Research, 파크시스템스.md",smic,company,modern,2020-05-06,2020-04-18,2020-05-06,KR,파크시스템스,140860,KRX,Buy,buy,파크시스템스,55993.0,"55,993 원",37250.0,"36,050 원",50.3168,2020-05-06,37250.0,2026-09-07,266500.0,615.436242,up,43.624161,55.704698,61.610738,288.993289,27.511962,262.688463,352.747779,350500.0,840.939597,True,2020-07-09,64,331.409396,2021-04-27,2315,veteran,,,,1,1,,
"data/markdown/smic/2020-05-06_Equity Research, 노바렉스.md",smic,company,modern,2020-05-06,2020-04-18,2020-05-06,KR,노바렉스,194700,KRX,Buy,buy,노바렉스,35545.0,"35,545 원",14955.0,"24,650 원",137.6797,2020-05-06,14955.0,2026-09-07,10500.0,-29.789368,down,9.555333,41.845537,26.218656,53.306586,-25.0,262.688463,-292.477831,26327.0,76.041458,False,,,76.041458,2021-07-16,2315,veteran,,,,1,1,,
"data/markdown/smic/2020-05-06_Equity Research, 에치에프알.md",smic,company,modern,2020-05-06,2020-04-18,2020-05-06,KR,에치에프알,230240,KRX,Buy,buy,에치에프알,45900.0,"45,900 원",36624.0,"37,050 원",25.3277,2020-05-06,36624.0,2026-09-07,11980.0,-67.289209,down,-1.490826,-6.766055,-27.06422,-44.025775,3.454231,262.688463,-329.977672,45494.0,24.219091,False,,,24.219091,2020-09-08,2315,veteran,,,,1,1,,
"data/markdown/smic/2020-05-06_Equity Research, 펌텍코리아.md",smic,company,modern,2020-05-06,2020-04-18,2020-05-06,KR,펌텍코리아,251970,KRX,Buy,buy,펌텍코리아,20224.0,"20,224 원",16050.0,"14,500 원",26.0062,2020-05-06,16050.0,2026-09-07,53700.0,234.579439,up,8.722741,-1.869159,-11.838006,31.152648,3.071017,262.688463,-28.109024,77000.0,379.750779,True,2021-04-08,337,86.915888,2021-08-17,2315,veteran,,,,1,1,,
data/markdown/voera/undated_[BUY] 신세계_직감보다는 데이터에 주목하라.md,voera,company,modern,2020-05-14,2020-05-14,,KR,신세계,004170,KRX,Buy,buy,신세계,278000.0,"278,000원",238000.0,,16.8067,2020-05-14,238000.0,2026-09-07,396500.0,66.596639,up,-2.941176,-7.352941,-4.201681,29.411765,60.526316,263.404434,-196.807796,792000.0,232.773109,True,2021-02-24,286,37.605042,2021-05-31,2307,veteran,,,date_cover_only,1,1,,
data/markdown/voera/undated_[Buy] 제주항공 아직은 이륙할 때가 아니지만.md,voera,company,modern,2020-05-14,2020-05-14,,KR,제주항공,089590,KRX,Buy,buy,제주항공,20000.0,"20,000원",13078.0,,52.9286,2020-05-14,13078.0,2026-09-07,4625.0,-64.635265,down,6.423,0.359382,-3.800275,57.126472,-14.510166,263.404434,-328.0397,24867.0,90.143753,True,2021-02-24,286,90.143753,2021-06-10,2307,veteran,,,date_cover_only,1,1,,
data/markdown/voera/undated_[BUY] CJ제일제당_사재기는 거들뿐.md,voera,company,modern,2020-05-17,2020-05-17,,KR,CJ제일제당,097950,KRX,Buy,buy,CJ제일제당,395000.0,"395,000원",308500.0,,28.0389,2020-05-18,308000.0,2026-09-07,182800.0,-40.649351,down,9.253247,30.194805,18.993506,48.538961,-12.115385,261.125078,-301.774429,498500.0,61.850649,True,2020-07-10,54,61.850649,2021-08-06,2304,veteran,,,date_cover_only,1,1,,
data/markdown/ewha/2020-05-30_[200530] 피엔이솔루션(131390).md,ewha,company,modern,2020-05-30,2019-05-08,2020-05-30,KR,원익피앤이,131390,KRX,Buy,buy,원익피앤이,,,16150.0,,,2020-06-01,16800.0,2022-11-28,20750.0,23.511905,up,14.285714,23.511905,21.72619,18.75,0.0,16.618727,6.893178,41900.0,149.404762,,,,149.404762,2021-09-10,2291,veteran,,missing_target_price,ocr_fallback;target_price_suspect,1,1,,
data/markdown/ewha/2020-05-30_[200530] 이노메트리(302430).md,ewha,company,modern,2020-05-30,2020-05-30,2020-05-30,KR,이노메트리,302430,KRX,Buy,buy,이노메트리,22700.0,"22,700원",16200.0,"16,200원",40.1235,2020-06-01,16700.0,2026-09-07,6870.0,-58.862275,down,14.97006,28.143713,15.269461,7.784431,-2.828854,238.746683,-297.608958,30500.0,82.634731,True,2020-07-29,60,82.634731,2020-08-04,2291,veteran,,,,1,1,,
"data/markdown/smic/2020-05-31_Equity Research, SKC.md",smic,company,modern,2020-05-31,2020-05-09,2020-05-31,KR,SKC,011790,KRX,Buy,buy,SKC,70292.0,"70,292 원",53670.0,"50,600 원",30.9707,2020-06-01,55268.0,2026-09-07,88000.0,59.224144,up,3.741767,61.903814,50.680321,116.836144,-10.322127,238.746683,-179.522539,195506.0,253.741767,True,2020-08-03,64,253.741767,2021-11-25,2290,veteran,,,,2,2,,
"data/markdown/smic/2020-05-31_Equity Research, 이오테크닉스.md",smic,company,modern,2020-05-31,2020-05-09,2020-05-31,KR,이오테크닉스,039030,KRX,Buy,buy,이오테크닉스,107593.0,"107,593 원",87900.0,"81,800 원",22.4039,2020-06-01,92300.0,2026-09-07,456000.0,394.04117,up,2.383532,22.210184,15.384615,22.643554,67.647059,238.746683,155.294487,623000.0,574.972914,True,2020-07-07,37,47.670639,2021-04-06,2290,veteran,,,,2,2,,
"data/markdown/smic/2020-05-31_Equity Research, 피엔티.md",smic,company,modern,2020-05-31,2020-05-09,2020-05-31,KR,피엔티,137400,KRX,Buy,buy,피엔티,14572.0,"14,572 원",12100.0,"10,100 원",20.4298,2020-06-01,12500.0,2026-09-07,29800.0,138.4,up,-4.4,72.0,88.8,74.0,-20.744681,238.746683,-100.346683,89500.0,616.0,True,2020-07-06,36,398.4,2022-05-30,2290,veteran,,,,1,1,,
"data/markdown/smic/2020-05-31_Equity Research, 디바이스이엔지.md",smic,company,modern,2020-05-31,2020-05-09,2020-05-31,KR,디바이스,187870,KRX,Buy,buy,디바이스,26300.0,"26,300 원",7617.0,"16,500 원",245.2803,2020-06-01,8000.0,2026-09-07,10560.0,32.0,up,7.9875,46.975,84.35,141.55,49.363508,238.746683,-206.746683,30213.0,277.6625,True,2020-12-16,199,277.6625,2021-01-05,2290,veteran,,,,1,1,,
"data/markdown/smic/2020-05-31_Equity Research, 리메드.md",smic,company,modern,2020-05-31,2020-05-09,2020-05-31,KR,리메드,302550,KRX,Buy,buy,리메드,10821.8485,"42,579 원",7180.0,"28,250 원",50.7221,2020-06-01,7210.0,2026-09-07,2685.0,-62.760055,down,-15.811373,-23.300971,-20.249653,-29.542302,-12.540717,238.746683,-301.506738,7909.0,9.694868,False,,,9.694868,2020-06-11,2290,veteran,,,target_split_adjusted,1,1,,
"data/markdown/smic/2020-06-09_Equity Research, GS리테일.md",smic,company,modern,2020-06-09,2020-05-23,2020-06-09,KR,GS리테일,007070,KRX,Buy,buy,GS리테일,52863.0,"52,863",33955.0,"40,800",55.6855,2020-06-09,33955.0,2026-09-07,25100.0,-26.078633,down,-7.180091,-17.004859,-14.737152,-5.039022,24.875622,219.581803,-245.660436,35237.0,3.775585,False,,,3.775585,2020-06-10,2281,veteran,,,,3,3,,
"data/markdown/smic/2020-06-09_Equity Research, NAVER.md",smic,company,modern,2020-06-09,2020-05-23,2020-06-09,KR,NAVER,035420,KRX,Buy,buy,NAVER,300766.0,"300,766 원",237500.0,"230,500 원",26.6383,2020-06-09,237500.0,2026-09-07,218000.0,-8.210526,down,21.052632,32.421053,23.789474,50.947368,-10.103093,219.581803,-227.792329,465000.0,95.789474,True,2020-07-10,31,95.789474,2021-07-26,2281,veteran,,,,2,2,,
"data/markdown/smic/2020-06-09_Equity Research, 한국카카오은행.md",smic,company,modern,2020-06-09,2020-05-23,2020-06-09,KR,세진중공업,075580,KRX,,soft_buy,세진중공업,,,3051.0,,,2020-06-09,3051.0,2026-09-07,10360.0,239.5608,up,33.628319,89.839397,115.339233,155.653884,-40.45977,219.581803,19.978997,27400.0,798.066208,,,,168.797116,2020-09-11,2281,veteran,,,,4,6,,
"data/markdown/smic/2020-06-09_Equity Research, PayPal Holdings, Inc.md",smic,company,modern,2020-06-09,2020-05-23,2020-06-09,US,"PayPal Holdings, Inc.",PYPL,US,Buy,buy,PYPL,193.09,193.09 USD,155.513184,148.22 USD,24.1631,2020-06-09,155.513184,2026-09-04,55.189999,-64.511048,down,16.81116,22.30013,38.830807,68.047939,-4.865403,141.327271,-205.838319,307.496907,97.730443,True,2020-07-30,51,97.730443,2021-07-26,2281,veteran,,,,1,1,,
"data/markdown/smic/2020-06-09_Equity Research, Tesla Inc.md",smic,company,modern,2020-06-09,2020-05-23,2020-06-09,US,Tesla Inc,TSLA,NASDAQ,,soft_buy,TSLA,466.43,$466.43,62.711334,$825,643.773,2020-06-09,62.711334,2026-09-04,358.059998,470.965364,up,48.222015,122.352154,218.411329,218.273149,-20.381572,141.327271,329.638093,498.829987,695.438325,True,2024-12-17,1652,560.959743,2021-11-04,2281,veteran,,,,2,2,,
data/markdown/2020-06-22_equity-research-네패스-2.md,smic,company,modern,2020-06-22,2020-06-06,2020-06-22,KR,네패스,033640,KRX,Strong Buy,buy,네패스,58383.0,"58,383 원",28300.0,"32,000 원",106.3004,2020-06-22,28300.0,2026-09-07,22550.0,-20.318021,down,9.893993,13.427562,19.434629,32.332155,44.551282,228.927038,-249.245059,48850.0,72.614841,False,,,72.614841,2021-01-22,2268,veteran,,,,2,2,,
data/markdown/2020-06-22_equity-research-제이브이엠-2.md,smic,company,modern,2020-06-22,2020-06-06,2020-06-22,KR,제이브이엠,054950,KRX,Hold,soft_buy,제이브이엠,26876.0,"26,876 원",17183.0,"35,050 원",56.4104,2020-06-22,17183.0,2026-09-07,23400.0,36.181109,up,0.302625,1.676075,12.040971,0.38992,-9.477756,228.927038,-192.745929,39850.0,131.915265,True,2023-06-13,1086,37.34505,2020-11-23,2268,veteran,,,,2,2,,
data/markdown/2020-06-22_equity-research-교촌에프앤비.md,smic,company,modern,2020-06-22,2020-06-06,2020-06-22,KR,세진중공업,075580,KRX,Buy,buy,세진중공업,,,4023.0,,,2020-06-22,4023.0,2026-09-07,10360.0,157.519264,up,-3.181705,78.697489,76.48521,82.202337,-40.45977,228.927038,-71.407774,27400.0,581.083768,,,,103.852846,2020-09-11,2268,veteran,,missing_target_price,target_price_suspect,5,6,,
data/markdown/2020-06-22_equity-research-테스나.md,smic,company,modern,2020-06-22,2020-06-06,2020-06-22,KR,두산테스나,131970,KRX,Buy,buy,두산테스나,83099.0,"83,099 원",32807.0,"67,100 원",153.2966,2020-06-22,32807.0,2026-09-07,82700.0,152.080349,up,6.593105,37.470662,48.139117,34.422532,55.451128,228.927038,-76.84669,196900.0,500.176792,True,2026-03-17,2094,81.973359,2021-01-27,2268,veteran,,,,1,2,,
data/markdown/2020-06-22_equity-research-자이에스앤디.md,smic,company,modern,2020-06-22,2020-06-06,2020-06-22,KR,자이에스앤디,317400,KRX,Buy,buy,자이에스앤디,7056.0,"7,056 원",6092.0,"5,840 원",15.824,2020-06-22,6092.0,2026-09-07,10620.0,74.326986,up,-8.42088,25.377544,95.715693,78.102429,141.363636,228.927038,-154.600052,13645.0,123.982272,True,2020-08-04,43,123.982272,2021-01-11,2268,veteran,,,,1,1,,
data/markdown/voera/undated_[SELL] SK바이오팜_ 버블 버블 팜(pharm)!.md,voera,company,modern,2020-08-10,2020-08-10,,KR,SK바이오팜,326030,KRX,Sell,sell,SK바이오팜,71960.0,"71,960원",192500.0,,-62.6182,2020-08-10,192500.0,2026-09-07,85000.0,-55.844156,down,-0.779221,-12.467532,-22.597403,-36.623377,-31.781701,193.138142,-248.982298,197000.0,2.337662,True,2020-08-11,1,2.337662,2020-09-08,2219,veteran,,,date_cover_only,1,1,,
data/markdown/voera/undated_[BUY] 태영건설_ Trash is the New Gold.md,voera,company,modern,2020-08-21,2020-08-21,,KR,태영건설,009410,KRX,Buy,buy,태영건설,29300.0,"29,300원",19329.0,,51.5857,2020-08-21,19329.0,2026-09-07,1699.0,-91.210099,down,13.684102,7.367169,27.890734,17.367686,-3.246014,203.541628,-294.751727,28992.0,49.99224,False,,,49.99224,2021-05-12,2208,veteran,,,date_cover_only,1,1,,
data/markdown/ewha/2020-08-21_[200821] 이노와이어리스(073490).md,ewha,company,modern,2020-08-21,2020-08-21,2020-08-21,KR,LIG아큐버,073490,KRX,Buy,buy,LIG아큐버,59900.0,"59,900원",49100.0,"49,100 원",21.9959,2020-08-21,49100.0,2026-09-07,29250.0,-40.427699,down,25.661914,13.441955,10.183299,-15.580448,30.580357,203.541628,-243.969326,71000.0,44.602851,True,2020-09-02,12,44.602851,2020-09-08,2208,veteran,,,,1,1,,
data/markdown/ewha/2020-08-22_[200822] 동아화성(041930).md,ewha,company,modern,2020-08-22,2020-08-22,2020-08-22,KR,SY동아,041930,KRX,Buy,buy,SY동아,13900.0,"13,900원",7350.0,"7,350원",89.1156,2020-08-24,7690.0,2026-09-07,5170.0,-32.769831,down,31.339402,32.639792,93.758127,74.252276,-24.854651,200.253237,-233.023068,17850.0,132.119636,True,2021-01-13,144,132.119636,2021-01-22,2207,veteran,,,,1,1,,
data/markdown/ewha/2020-08-22_[200822] 프로텍(053610).md,ewha,company,modern,2020-08-22,2020-08-22,2020-08-22,KR,프로텍,053610,KRX,Buy,buy,프로텍,31700.0,"31,700원",21600.0,"21,600원",46.7593,2020-08-24,22200.0,2026-09-07,64800.0,191.891892,up,32.207207,31.081081,52.702703,18.243243,89.751098,200.253237,-8.361345,101900.0,359.009009,True,2020-09-02,11,75.675676,2021-01-27,2207,veteran,,,,1,1,,
data/markdown/ewha/2020-08-22_[200822] 씨에스윈드(112610).md,ewha,company,modern,2020-08-22,2020-08-22,2020-08-22,KR,씨에스윈드,112610,KRX,Buy,buy,씨에스윈드,107000.0,"107,000원",37010.0,"78,000원",189.1111,2020-08-24,39241.0,2026-09-07,49000.0,24.869397,up,33.612803,52.355954,107.690936,82.717056,17.788462,200.253237,-175.383841,108000.0,175.222344,True,2021-02-08,170,175.222344,2021-02-08,2207,veteran,,,,1,2,,
data/markdown/ewha/2020-08-22_[200822] 덕산네오룩스(213420).md,ewha,company,modern,2020-08-22,2020-08-22,2020-08-22,KR,덕산네오룩스,213420,KRX,Buy,buy,덕산네오룩스,46600.0,"46,600원",33500.0,"33,500원",39.1045,2020-08-24,34000.0,2026-09-07,33350.0,-1.911765,down,-2.941176,-8.235294,18.529412,97.058824,-8.630137,200.253237,-202.165002,76200.0,124.117647,True,2021-03-23,213,124.117647,2021-09-01,2207,veteran,,,,1,2,,
data/markdown/ewha/2020-08-22_[200822] 천보(278280).md,ewha,company,modern,2020-08-22,2019-08-05,2020-08-22,KR,천보,278280,KRX,Buy,buy,천보,,,146400.0,,30.16,2020-08-24,146200.0,2026-09-07,39950.0,-72.674419,down,32.010944,18.125855,26.19699,63.406293,-18.71821,200.253237,-272.927656,367100.0,151.094391,,,,151.094391,2021-11-19,2207,veteran,,missing_target_price,ocr_fallback;ocr_inconsistent_prices,1,1,,
data/markdown/voera/undated_[Buy] 스튜디오드래곤 올라갈 드래곤은 올라간다.md,voera,company,modern,2020-09-04,2020-09-04,,KR,스튜디오드래곤,253450,KRX,Buy,buy,스튜디오드래곤,116000.0,"116,000원",80700.0,,43.7423,2020-09-04,80700.0,2026-09-07,21700.0,-73.110285,down,4.337051,4.584882,19.826518,7.311029,-49.239766,195.382244,-268.492529,113000.0,40.024783,False,,,40.024783,2021-01-21,2194,veteran,,,date_cover_only,1,1,,
data/markdown/ewha/2020-09-12_[200912] 실리콘웍스(108320).md,ewha,company,modern,2020-09-12,2020-09-12,2020-09-12,KR,LX세미콘,108320,KRX,Buy,buy,LX세미콘,66700.0,"66,700원",48550.0,"48,550원",37.3841,2020-09-14,48100.0,2026-09-07,36550.0,-24.012474,down,-1.247401,7.068607,42.619543,144.698545,-25.635809,188.123942,-212.136416,168800.0,250.935551,True,2021-01-06,116,250.935551,2021-12-30,2186,veteran,,,,1,1,,
data/markdown/ewha/2020-09-12_[200912] 인텔리안테크(189300).md,ewha,company,modern,2020-09-12,2020-09-12,2020-09-12,KR,인텔리안테크,189300,KRX,Buy,buy,인텔리안테크,38850.0,"38,850",27302.0,"29,500",42.2973,2020-09-14,28690.0,2026-09-07,63500.0,121.331474,up,3.875915,19.843151,140.003486,146.660857,6.722689,188.123942,-66.792468,180200.0,528.093412,True,2020-12-16,95,223.25549,2022-01-04,2186,veteran,,,,1,3,,
data/markdown/ewha/2020-10-10_[201010] 동화기업(025900).md,ewha,company,modern,2020-10-10,2020-10-10,2020-10-10,KR,동화기업,025900,KRX,Buy,buy,동화기업,58100.0,"58,100원",16742.0,"41,800원",247.0314,2020-10-12,16962.0,2026-09-07,7140.0,-57.905907,down,-6.726801,41.67551,33.18005,126.68907,-15.702479,191.022286,-248.928194,47742.0,181.46445,False,,,181.46445,2021-11-12,2158,veteran,,,,1,1,,
data/markdown/ewha/2020-10-10_[201010] 진성티이씨(036890).md,ewha,company,modern,2020-10-10,2020-10-10,2020-10-10,KR,진성티이씨,036890,KRX,Buy,buy,진성티이씨,14375.0,"14,375",11650.0,"11,650",23.3906,2020-10-12,11800.0,2026-09-07,12860.0,8.983051,up,-6.355932,8.050847,36.440678,0.847458,-4.811251,191.022286,-182.039235,21100.0,78.813559,True,2021-03-25,166,46.610169,2021-04-28,2158,veteran,,,,1,2,,
data/markdown/ewha/2020-10-10_[201010] 오스템임플란트(048260).md,ewha,company,modern,2020-10-10,2020-10-10,2020-10-10,KR,오스템임플란트,048260,KRX,Buy,buy,오스템임플란트,,,353580.0,"41,700원",,2020-10-12,355280.0,2023-08-11,1900000.0,434.789462,up,-4.295204,23.865683,109.786647,216.232268,0.0,7.801625,426.987837,1902000.0,435.352398,,,,307.847332,2022-09-06,2158,veteran,,missing_target_price,target_price_suspect,1,1,,
data/markdown/2020-10-10_equity-research-디이엔티.md,smic,company,modern,2020-10-10,2020-10-10,2020-10-10,KR,APS이노베이션,079810,KRX,Buy,buy,APS이노베이션,13600.0,"13,600 원",8512.0,"9,470 원",59.7744,2020-10-12,8359.0,2026-09-07,4045.0,-51.609044,down,8.601507,4.091398,-11.400885,-45.699246,-20.059289,191.022286,-242.63133,41200.0,392.881924,True,2023-03-03,874,30.099294,2021-01-25,2158,veteran,,,,1,1,,
data/markdown/2020-10-10_equity-research-엑시콘.md,smic,company,modern,2020-10-10,2020-10-10,2020-10-10,KR,엑시콘,092870,KRX,Strong Buy,buy,엑시콘,28700.0,"28,700원",13075.0,"13,800원",119.5029,2020-10-12,12696.0,2026-09-07,30500.0,140.233144,up,6.34058,17.178639,16.800567,-6.561122,101.719577,191.022286,-50.789142,41700.0,228.449905,True,2024-03-12,1249,30.363894,2021-01-04,2158,veteran,,,,1,1,,
data/markdown/2020-10-10_equity-research-이엔드디.md,smic,company,modern,2020-10-10,2020-10-10,2020-10-10,KR,에코앤드림,101360,KRX,Buy,buy,에코앤드림,39950.0,"39,950 원",19826.0,"25,000 원",101.5031,2020-10-12,20659.0,2026-09-07,8180.0,-60.404666,down,3.644901,66.987754,13.243623,42.034948,-53.575482,191.022286,-251.426952,71296.0,245.108669,True,2023-03-23,894,71.586234,2021-02-16,2158,veteran,,,,1,1,,
data/markdown/ewha/2020-10-10_[201010] 오이솔루션(138080).md,ewha,company,modern,2020-10-10,2020-10-10,2020-10-10,KR,오이솔루션,138080,KRX,Buy,buy,오이솔루션,66820.0,"66,820",57000.0,"57,000",17.2281,2020-10-12,55700.0,2026-09-07,21400.0,-61.579892,down,-7.899461,3.411131,-18.312388,-39.228007,63.483575,191.022286,-252.602178,59200.0,6.283662,False,,,6.283662,2021-01-11,2158,veteran,,,,1,1,,
data/markdown/ewha/2020-10-10_[201010] 디바이스이엔지(187870).md,ewha,company,modern,2020-10-10,,2020-10-10,KR,디바이스,187870,KRX,,soft_buy,디바이스,,,12806.0,,,2020-10-12,12882.0,2026-09-07,10560.0,-18.025151,down,-2.771309,100.007763,60.922217,4.766341,49.363508,191.022286,-209.047438,30213.0,134.536563,,,,134.536563,2021-01-05,2158,veteran,,,,1,1,,
data/markdown/2020-10-10_equity-research-코스맥스.md,smic,company,modern,2020-10-10,2020-10-10,2020-10-10,KR,코스맥스,192820,KRX,Buy,buy,코스맥스,206700.0,"206,700 원",113708.0,"116,000 원",81.7814,2020-10-12,123510.0,2026-09-07,274000.0,121.844385,up,-9.920654,-23.650717,-4.364829,7.278763,68.09816,191.022286,-69.177901,306500.0,148.158044,True,2024-06-14,1343,14.970448,2021-07-12,2158,veteran,,,,1,2,,
data/markdown/2020-10-10_equity-research-핌스.md,smic,company,modern,2020-10-10,2020-10-10,2020-10-10,KR,핌스,347770,KRX,Buy,buy,핌스,9632.1899,"28,900 원",5616.0,"16,850 원",71.5134,2020-10-12,5500.0,2026-09-07,938.0,-82.945455,down,8.472727,-1.218182,0.909091,26.363636,-16.843972,191.022286,-273.967741,12182.0,121.490909,True,2021-08-09,303,121.490909,2022-01-03,2158,veteran,,,target_split_adjusted,1,1,,
data/markdown/2020-10-31_equity-research-진성티이씨.md,smic,company,modern,2020-10-31,2020-10-31,2020-10-31,KR,진성티이씨,036890,KRX,Strong Buy,buy,진성티이씨,20350.0,"20,350원",9910.0,"9,910원",105.3481,2020-11-02,10500.0,2026-09-07,12860.0,22.47619,up,-1.428571,1.904762,50.0,13.333333,-4.811251,204.126235,-181.650044,21100.0,100.952381,True,2026-05-07,2014,64.761905,2021-04-28,2137,veteran,,,,1,1,,
data/markdown/2020-10-31_equity-research-이지웰.md,smic,company,modern,2020-10-31,2020-10-31,2020-10-31,KR,현대이지웰,090850,KRX,Buy,buy,현대이지웰,11560.0,11560 원,9610.0,9610 원,20.2914,2020-11-02,10500.0,2026-09-07,4960.0,-52.761905,down,-2.380952,1.428571,-6.190476,-6.190476,-3.501946,204.126235,-256.888139,14800.0,40.952381,True,2020-11-06,6,40.952381,2020-12-15,2137,veteran,,,,1,1,,
data/markdown/2020-10-31_equity-research-지트리비앤티.md,smic,company,modern,2020-10-31,2020-10-31,2020-10-31,KR,HLB테라퓨틱스,115450,KRX,Strong Buy,buy,HLB테라퓨틱스,,,11713.0,"27,450 원",200.7,2020-11-02,11692.0,2026-09-07,2080.0,-82.210058,down,0.350667,-22.280192,-50.008553,-40.335272,-27.221833,204.126235,-286.336293,16065.0,37.401642,,,,22.442696,2020-12-29,2137,veteran,,missing_target_price,,1,1,,
data/markdown/2020-10-31_equity-research-에스제이그룹.md,smic,company,modern,2020-10-31,2020-10-31,2020-10-31,KR,에스제이그룹,306040,KRX,Buy,buy,에스제이그룹,23500.0,"23,500 원",14750.0,"14,750 원",59.322,2020-11-02,14950.0,2026-09-07,1830.0,-87.759197,down,1.003344,7.023411,73.244147,62.876254,-80.021834,204.126235,-291.885432,32250.0,115.719064,True,2021-02-18,110,115.719064,2021-06-21,2137,veteran,,,,1,1,,
data/markdown/2020-10-31_equity-research-이지바이오.md,smic,company,modern,2020-10-31,2020-10-31,2020-10-31,KR,이지바이오,353810,KRX,Buy,buy,이지바이오,6922.4026,"103,500 원",5150.0,"77,000 원",34.4156,2020-11-02,5398.0,2026-09-07,6160.0,14.116339,up,41.904409,23.379029,41.719155,-6.81734,6.024096,204.126235,-190.009895,10450.0,93.590219,True,2020-11-05,5,93.590219,2021-01-08,2137,veteran,,,target_split_adjusted,1,1,,
data/markdown/voera/undated_[BUY] 에코마케팅 _ 당신은 이미 구매하고 있다.md,voera,company,modern,2020-11-12,2020-11-12,,KR,에코마케팅,230360,KRX,Buy,buy,에코마케팅,35000.0,"35,000원",22250.0,,57.3034,2020-11-12,22250.0,2026-06-29,16000.0,-28.089888,down,13.932584,22.247191,7.865169,-19.325843,49.53271,239.092833,-267.182721,32500.0,46.067416,False,,,46.067416,2021-01-25,2125,veteran,,,date_cover_only,1,1,,
data/markdown/voera/undated_[Buy] 이마트 이마트입니다. 제가 돌아왔습니다.md,voera,company,modern,2020-11-13,2020-11-13,,KR,이마트,139480,KRX,Buy,buy,이마트,232000.0,"232,000,",164000.0,,41.4634,2020-11-13,164000.0,2026-09-07,74200.0,-54.756098,down,-4.268293,5.792683,-4.573171,-0.914634,-8.733087,180.503394,-235.259492,191500.0,16.768293,False,,,16.768293,2021-01-13,2124,veteran,,,date_cover_only,1,1,,
data/markdown/ewha/2020-11-21_[201121] 한온시스템(018880).md,ewha,company,modern,2020-11-21,2020-11-21,2020-11-21,KR,한온시스템,018880,KRX,Buy,buy,한온시스템,17200.0,"17,200원",14175.0,"15,250원",21.3404,2020-11-23,14222.0,2026-09-07,3555.0,-75.003516,down,-0.330474,13.394741,7.18605,-12.424413,19.89882,168.78571,-243.789225,18776.0,32.020813,True,2021-01-08,48,32.020813,2021-01-08,2116,veteran,,,,1,1,,
data/markdown/ewha/2020-11-21_[201121] 진성티이씨(036890).md,ewha,company,modern,2020-11-21,2020-11-18,2020-11-21,KR,진성티이씨,036890,KRX,Buy,buy,진성티이씨,13250.0,"13,250",10800.0,"10,550원",22.6852,2020-11-23,10600.0,2026-09-07,12860.0,21.320755,up,5.188679,5.660377,40.09434,1.886792,-4.811251,168.78571,-147.464955,21100.0,99.056604,True,2021-01-06,46,63.207547,2021-04-28,2116,veteran,,,,2,2,,
data/markdown/ewha/2020-11-21_[201121] 인선이엔티(060150).md,ewha,company,modern,2020-11-21,,2020-11-21,KR,인선이엔티,060150,KRX,Buy,buy,인선이엔티,,,9750.0,,,2020-11-23,9960.0,2026-09-07,3010.0,-69.779116,down,11.947791,32.53012,35.040161,16.465863,-32.962138,168.78571,-238.564826,15000.0,50.60241,,,,50.60241,2021-04-14,2116,veteran,,missing_target_price,ocr_fallback;target_price_suspect,1,1,,
data/markdown/ewha/2020-11-21_[201121] 디케이락(105740).md,ewha,company,modern,2020-11-21,2020-11-21,2020-11-21,KR,디케이락,105740,KRX,Buy,buy,디케이락,18200.0,"18,200원",13700.0,"13,700원",32.8467,2020-11-23,13800.0,2026-09-07,7700.0,-44.202899,down,2.536232,-2.898551,-9.782609,-17.753623,-20.618557,168.78571,-212.988608,16450.0,19.202899,False,,,19.202899,2021-01-26,2116,veteran,,,,1,1,,
data/markdown/2020-12-05_equity-research-bili-bili.md,smic,company,modern,2020-12-05,2020-11-14,2020-12-05,US,Bilibili,BILI,NASDAQ,Buy,buy,BILI,72.95,72.95,67.790001,45.90,7.6117,2020-12-07,72.550003,2026-09-04,15.415,-78.752585,down,30.585794,63.804261,45.058571,-24.27292,-37.311916,109.639321,-188.391907,157.660004,117.312194,True,2020-12-07,2,117.312194,2021-02-11,2102,veteran,,,,1,1,,
data/markdown/2020-12-05_equity-research-chewy.md,smic,company,modern,2020-12-05,2020-11-14,2020-12-05,US,"Chewy, Inc.",CHWY,US,Sell,sell,CHWY,51.6,51.60 USD,74.940002,63.36 USD,-31.1449,2020-12-07,74.779999,2026-09-04,23.834999,-68.126505,down,18.882058,10.818406,0.468038,-16.167425,-27.881998,109.639321,-177.765826,120.0,60.470717,True,2020-12-07,2,60.470717,2021-02-16,2102,veteran,,,,1,1,,
data/markdown/2020-12-05_equity-research-roku.md,smic,company,modern,2020-12-05,2020-11-14,2020-12-05,US,"Roku, Inc.",ROKU,US,Buy,buy,ROKU,327.62,$327.62,296.380005,$230.00,10.5405,2020-12-07,299.980011,2026-09-04,156.794998,-47.731518,down,5.973726,17.854522,7.940521,-31.478767,44.524842,109.639321,-157.370839,490.760986,63.597896,True,2020-12-09,4,63.597896,2021-07-27,2102,veteran,,,,1,1,,
data/markdown/2021-01-16_equity-research-대한유화-3.md,smic,company,modern,2021-01-16,2020-11-28,2021-01-16,KR,대한유화,006650,KRX,Buy,buy,대한유화,394500.0,"394,500 원",281000.0,"250,000 원",40.3915,2021-01-18,272500.0,2026-09-07,97500.0,-64.220183,down,34.495413,13.027523,-7.33945,-32.66055,-32.665746,132.10194,-196.322123,405500.0,48.807339,True,2021-02-16,31,48.807339,2021-02-17,2060,veteran,,,,3,3,,
data/markdown/2021-01-16_equity-research-한화솔루션.md,smic,company,modern,2021-01-16,2020-11-28,2021-01-16,KR,한화솔루션,009830,KRX,Buy,buy,한화솔루션,,,63192.0,49350 원,,2021-01-18,61075.0,2026-09-07,29650.0,-51.453131,down,1.154318,-2.505117,-17.632419,-24.663119,17.295672,132.10194,-183.555071,68841.0,12.715514,,,,12.715514,2021-01-21,2060,veteran,,missing_target_price,target_price_suspect,3,4,,
data/markdown/2021-01-16_equity-research-하나머티리얼즈.md,smic,company,modern,2021-01-16,2020-11-28,2021-01-16,KR,하나머티리얼즈,166090,KRX,Buy,buy,하나머티리얼즈,40400.0,"40,400 원",31200.0,24900 원,29.4872,2021-01-18,31050.0,2026-09-07,52400.0,68.760064,up,1.127214,44.766506,46.698873,88.405797,21.577726,132.10194,-63.341876,87900.0,183.091787,True,2021-03-24,67,115.136876,2022-05-03,2060,veteran,,,,1,1,,
data/markdown/2021-01-16_equity-research-gaztransporttechnigaz.md,smic,company,modern,2021-01-16,2020-11-28,2021-01-16,KR,파이오링크,170790,KRX,Buy,buy,파이오링크,20400.0,"20,400 원",12800.0,"14,750 원",59.375,2021-01-18,12500.0,2026-09-07,8250.0,-34.0,down,12.8,10.8,30.8,30.4,-6.25,132.10194,-166.10194,19150.0,53.2,False,,,53.2,2021-11-16,2060,veteran,,,,1,1,,
data/markdown/2021-01-16_equity-research-노바텍.md,smic,company,modern,2021-01-16,2020-11-28,2021-01-16,KR,노바텍,285490,KRX,Strong Buy,buy,노바텍,139200.0,"139,200원",36724.0,"60,300원",279.0437,2021-01-18,36867.0,2026-09-07,11780.0,-68.047305,down,-1.811919,5.563241,0.518078,13.109285,-41.246883,132.10194,-200.149245,49505.0,34.279979,False,,,34.279979,2021-04-26,2060,veteran,,,,1,1,,
data/markdown/ewha/2021-02-20_[210220] 한솔테크닉스(004710).md,ewha,company,modern,2021-02-20,2021-02-20,2021-02-20,KR,한솔테크닉스,004710,KRX,Buy,buy,한솔테크닉스,14900.0,"14,900원",10147.0,"10,300 원",46.8414,2021-02-22,10048.0,2026-09-07,9170.0,-8.738057,down,0.497611,-11.464968,-29.607882,-35.887739,65.225225,127.141489,-135.879546,16430.0,63.515127,True,2026-05-13,1908,11.285828,2021-04-19,2025,veteran,,,,1,1,,
data/markdown/ewha/2021-02-20_[210220] 대한유화(006650).md,ewha,company,modern,2021-02-20,2021-02-20,2021-02-20,KR,대한유화,006650,KOSPI,Buy,buy,대한유화,443000.0,"443,000원",373000.0,,18.7668,2021-02-22,359000.0,2026-09-07,97500.0,-72.841226,down,-8.356546,-24.512535,-39.275766,-51.114206,-32.665746,127.141489,-199.982714,392500.0,9.331476,False,,,9.331476,2021-02-22,2025,veteran,,,,1,1,,
data/markdown/ewha/2021-02-20_[210220] 현대미포조선(010620).md,ewha,company,modern,2021-02-20,2021-02-20,2021-02-20,KR,HD현대미포,010620,KRX,Buy,buy,HD현대미포,69100.0,"69,100원",50800.0,,36.0236,2021-02-22,50400.0,2025-12-12,223000.0,342.460317,up,19.642857,75.198413,41.865079,47.02381,0.0,35.308385,307.151932,257000.0,409.920635,True,2021-04-05,44,133.134921,2022-08-25,2025,veteran,,,ocr_fallback,1,1,,
data/markdown/ewha/2021-02-20_[210220] 유니셈(036200).md,ewha,company,modern,2021-02-20,2021-02-20,2021-02-20,KR,유니셈,036200,KRX,Buy,buy,유니셈,16400.0,"16,400원",12350.0,"12,350원",32.7935,2021-02-22,12650.0,2026-09-07,9030.0,-28.616601,down,7.905138,21.343874,8.695652,-5.533597,-6.521739,127.141489,-155.75809,16050.0,26.87747,False,,,26.87747,2021-04-13,2025,veteran,,,,1,1,,
data/markdown/ewha/2021-02-20_[210220] 디이엔티(079810).md,ewha,company,modern,2021-02-20,2021-02-20,2021-02-20,KR,APS이노베이션,079810,KRX,Buy,buy,APS이노베이션,13700.0,"13,700원",8575.0,"9,540원",59.7668,2021-02-22,8323.0,2026-09-07,4045.0,-51.399736,down,-13.384597,-22.780248,-42.761024,-36.71753,-20.059289,127.141489,-178.541224,41200.0,395.013817,True,2023-03-06,744,58.200168,2023-02-13,2025,veteran,,,,1,1,,
data/markdown/ewha/2021-02-20_[210220] 서울바이오시스(092190).md,ewha,company,modern,2021-02-20,2021-02-20,2021-02-20,KR,서울바이오시스,092190,KRX,Buy,buy,서울바이오시스,22500.0,"22,500",18000.0,"18,000",25.0,2021-02-22,17450.0,2026-09-07,7970.0,-54.326648,down,-6.876791,-2.005731,-3.151862,-38.681948,211.328125,127.141489,-181.468136,19400.0,11.174785,False,,,11.174785,2021-05-13,2025,veteran,,,,1,1,,
data/markdown/ewha/2021-02-20_[210220] 엠씨넥스(097520).md,ewha,company,modern,2021-02-20,2021-02-20,2021-02-20,KR,엠씨넥스,097520,KRX,Buy,buy,엠씨넥스,70000.0,"70,000",59100.0,"59,100",18.4433,2021-02-22,57300.0,2026-09-07,19050.0,-66.753927,down,-6.631763,-17.452007,-21.465969,-22.774869,-33.968804,127.141489,-193.895415,60400.0,5.410122,False,,,5.410122,2021-02-22,2025,veteran,,,,1,1,,
data/markdown/ewha/2021-02-20_[210220] 센트랄모텍(308170).md,ewha,company,modern,2021-02-20,2021-02-20,2021-02-20,KR,씨티알모빌리티,308170,KRX,Buy,buy,씨티알모빌리티,,,33400.0,,69.34,2021-02-22,34250.0,2026-09-07,3525.0,-89.708029,down,-9.635036,-20.583942,-32.846715,-44.963504,-48.313783,127.141489,-216.849518,35200.0,2.773723,,,,2.773723,2021-02-23,2025,veteran,,missing_target_price,ocr_fallback;ocr_inconsistent_prices,1,1,,
data/markdown/ewha/2021-02-20_[210220] 팬오션(028670).md,ewha,company,modern,2021-03-10,2021-03-10,2021-02-20,KR,팬오션,028670,KRX,Buy,buy,팬오션,6436.0,"6,436",6060.0,"5,310",6.2046,2021-03-10,6060.0,2026-09-07,6060.0,0.0,flat,-0.330033,8.250825,24.752475,18.481848,57.402597,136.480941,-136.480941,8920.0,47.194719,True,2021-03-12,2,47.194719,2021-06-29,2007,veteran,,,,1,1,,
data/markdown/ewha/2021-02-20_[210220] 해성디에스(195870).md,ewha,company,modern,2021-03-10,2021-03-10,2021-02-20,KR,해성디에스,195870,KRX,Buy,buy,해성디에스,53700.0,"53,700원",30000.0,"37,650",79.0,2021-03-10,30000.0,2026-09-07,50800.0,69.333333,up,12.833333,20.333333,33.0,62.0,-8.797127,136.480941,-67.147607,108500.0,261.666667,True,2022-01-12,308,149.0,2022-04-27,2007,veteran,,,,1,2,,
data/markdown/ewha/2021-03-13_[210313] 서흥(008490).md,ewha,company,modern,2021-03-13,2021-03-13,2021-03-13,KR,서흥,008490,KRX,Buy,buy,서흥,69525.0,"69,525",49950.0,"49,950",39.1892,2021-03-15,50400.0,2026-09-07,21300.0,-57.738095,down,1.587302,12.698413,6.944444,-22.123016,-1.616628,129.680107,-187.418203,58900.0,16.865079,False,,,16.865079,2021-05-18,2004,veteran,,,,1,1,,
data/markdown/ewha/2021-03-13_[210313] 한화솔루션(009830).md,ewha,company,modern,2021-03-13,2021-03-13,2021-03-13,KR,한화솔루션,009830,KRX,Buy,buy,한화솔루션,59700.0,"59,700원",51895.0,"44,100원",15.04,2021-03-15,52072.0,2026-09-07,29650.0,-43.05961,down,9.492626,3.842756,-5.536565,-20.001152,17.295672,129.680107,-172.739717,65781.0,26.327009,True,2021-03-31,18,26.327009,2022-09-15,2004,veteran,,,,1,1,,
data/markdown/ewha/2021-03-13_[210313] KT&G(033780).md,ewha,company,modern,2021-03-13,2021-03-13,2021-03-13,KR,KT&G,033780,KRX,Buy,buy,KT&G,110136.0,"110,136원",80400.0,"80,400",36.9851,2021-03-15,80200.0,2026-09-07,170300.0,112.34414,up,2.244389,5.236908,1.371571,0.0,19.845179,129.680107,-17.335968,192400.0,139.900249,True,2024-08-27,1263,24.688279,2022-11-30,2004,veteran,,,,1,1,,
data/markdown/ewha/2021-03-13_[210313] 연우(115960).md,ewha,company,modern,2021-03-13,2021-03-13,2021-03-13,KR,연우,115960,KRX,Buy,buy,연우,36300.0,"36,300원",24900.0,"24,900 원",45.7831,2021-03-15,24900.0,2024-03-05,14120.0,-43.293173,down,22.690763,19.076305,6.425703,-4.819277,0.0,-13.012073,-30.2811,34750.0,39.558233,False,,,39.558233,2022-04-14,2004,veteran,,,,1,1,,
data/markdown/ewha/2021-04-10_[210410] 에스엘(005850).md,ewha,company,modern,2021-04-10,2021-04-10,2021-04-10,KR,에스엘,005850,KRX,Buy,buy,에스엘,,,24400.0,,,2021-04-12,24850.0,2026-09-07,51900.0,108.853119,up,3.822938,31.38833,12.877264,-3.822938,21.120187,123.096451,-14.243332,79500.0,219.919517,,,,65.593561,2022-09-13,1976,veteran,,missing_target_price,ocr_fallback;target_price_suspect,1,3,,
data/markdown/ewha/2021-04-10_[210410] LG이노텍(011070).md,ewha,company,modern,2021-04-10,2021-04-10,2021-04-10,KR,LG이노텍,011070,KRX,Buy,buy,LG이노텍,271000.0,"271,000원",210500.0,"210,500원",28.7411,2021-04-12,208000.0,2026-09-07,586000.0,181.730769,up,-3.365385,9.375,-8.413462,83.413462,116.236162,123.096451,58.634318,1788000.0,759.615385,True,2021-11-16,220,99.278846,2022-03-23,1976,veteran,,,,1,2,,
data/markdown/ewha/2021-04-10_[210410] 에프에스티(036810).md,ewha,company,modern,2021-04-10,2021-04-10,2021-04-10,KR,에프에스티,036810,KRX,Buy,buy,에프에스티,40900.0,"40,900원",28213.0,"28,700",44.9686,2021-04-12,27919.0,2026-09-07,25500.0,-8.66435,down,-1.937748,-0.354597,-11.447401,-21.12898,-16.80261,123.096451,-131.760801,51000.0,82.671299,True,2024-06-11,1158,8.800458,2021-04-21,1976,veteran,,,,1,1,,
data/markdown/ewha/2021-04-10_[210410] 인텍플러스(064290).md,ewha,company,modern,2021-04-10,2021-04-10,2021-04-10,KR,인텍플러스,064290,KRX,Hold,soft_buy,인텍플러스,38100.0,"38,100원",27450.0,"27,450원",38.7978,2021-04-12,27450.0,2026-09-07,40600.0,47.905282,up,-8.925319,-22.404372,-24.408015,-8.56102,212.788906,123.096451,-75.191168,54100.0,97.08561,True,2023-07-13,824,21.311475,2022-01-03,1976,veteran,,,,1,1,,
data/markdown/ewha/2021-04-10_[210410] 테크윙(089030).md,ewha,company,modern,2021-04-10,2021-04-10,2021-04-10,KR,테크윙,089030,KRX,Buy,buy,테크윙,32100.0,"32,100원",11494.0,"22,700",179.2761,2021-04-12,11595.0,2026-09-07,48100.0,314.83398,up,8.51229,6.114705,-8.29668,-6.330315,5.021834,123.096451,191.737529,74000.0,538.206123,True,2024-03-25,1080,28.374299,2021-08-09,1976,veteran,,,,1,1,,
data/markdown/2021-04-15_equity-research-쌍용ce.md,smic,company,modern,2021-04-15,2021-04-10,2021-04-15,KR,쌍용C&E,003410,KRX,Buy,buy,쌍용C&E,10000.0,"10,000 원",7610.0,"7,560 원",31.406,2021-04-15,7610.0,2024-07-08,7000.0,-8.015769,down,0.0,5.781866,-1.971091,7.884363,0.0,-10.536482,2.520713,8680.0,14.060447,False,,,14.060447,2021-06-28,1971,veteran,,,,1,2,,
data/markdown/2021-04-15_10537-2.md,smic,company,modern,2021-04-15,2021-04-10,2021-04-15,KR,현대제철,004020,KRX,Buy,buy,현대제철,93800.0,"93,800원",49500.0,"50,600원",89.4949,2021-04-15,49500.0,2026-09-07,32400.0,-34.545455,down,12.929293,5.050505,-7.979798,-16.565657,4.347826,118.993967,-153.539422,63000.0,27.272727,False,,,27.272727,2021-05-11,1971,veteran,,,,3,3,,
data/markdown/2021-04-15_equity-research-국도화학-2.md,smic,company,modern,2021-04-15,2021-04-10,2021-04-15,KR,국도화학,007690,KRX,Buy,buy,국도화학,146000.0,"146,000 원",63293.0,"73,100 원",130.6732,2021-04-15,63293.0,2026-09-07,38500.0,-39.171788,down,-10.280758,3.543836,13.440665,-9.942648,17.737003,118.993967,-158.165756,92600.0,46.303699,False,,,46.303699,2021-09-10,1971,veteran,,,,2,2,,
data/markdown/2021-04-15_equity-research-대림제지-2.md,smic,company,modern,2021-04-15,2021-04-10,2021-04-15,KR,대림제지,017650,KRX,Buy,buy,대림제지,21500.0,"21,500원",15100.0,"13,800원",42.3841,2021-04-15,15100.0,2026-09-07,10640.0,-29.536424,down,1.655629,-5.629139,-31.456954,-28.807947,31.520396,118.993967,-148.530391,16500.0,9.271523,False,,,9.271523,2021-05-17,1971,veteran,,,,2,2,,
data/markdown/2021-04-15_equity-research-인선이엔티-2.md,smic,company,modern,2021-04-15,2021-04-10,2021-04-15,KR,인선이엔티,060150,KRX,Buy,buy,인선이엔티,21750.0,"21,750 원",14600.0,14500 원,48.9726,2021-04-15,14600.0,2026-09-07,3010.0,-79.383562,down,-8.219178,-11.643836,-17.123288,-24.657534,-32.962138,118.993967,-198.377529,14850.0,1.712329,False,,,1.712329,2021-04-15,1971,veteran,,,,3,3,,
data/markdown/2021-05-06_equity-research-쿠쿠홈시스.md,smic,company,modern,2021-05-06,2021-05-01,2021-05-06,KR,쌍용C&E,003410,KRX,Buy,buy,쌍용C&E,11897.5118,"66,500 원",7550.0,"42,200 원",57.5829,2021-05-06,7550.0,2024-07-08,7000.0,-7.284768,down,3.708609,5.960265,6.357616,7.81457,0.0,-10.097712,2.812943,8680.0,14.966887,False,,,14.966887,2021-06-28,1950,veteran,,,target_split_adjusted,2,2,,
data/markdown/2021-05-06_equity-research-바이넥스.md,smic,company,modern,2021-05-06,2021-04-30,2021-05-06,KR,바이넥스,053030,KRX,Strong Buy,buy,바이넥스,43750.0,"43,750 원",24400.0,"28,950 원",79.3033,2021-05-06,24400.0,2026-09-07,6800.0,-72.131148,down,-7.377049,-20.286885,-34.42623,-38.319672,-54.606142,120.068014,-192.199162,27300.0,11.885246,False,,,7.991803,2021-05-06,1950,veteran,,,,1,1,,
data/markdown/2021-05-06_equity-research-데브시스터즈.md,smic,company,modern,2021-05-06,2021-05-01,2021-05-06,KR,데브시스터즈,194480,KRX,Buy,buy,데브시스터즈,198000.0,"198,000 원",108600.0,"114,100 원",82.3204,2021-05-06,108600.0,2026-09-07,16230.0,-85.055249,down,-1.565378,-24.217311,8.287293,-48.802947,-46.435644,120.068014,-205.123263,199500.0,83.701657,True,2021-09-27,144,83.701657,2021-09-27,1950,veteran,,,,1,2,,
data/markdown/2021-05-06_equity-research-솔루엠.md,smic,company,modern,2021-05-06,2021-05-01,2021-05-06,KR,솔루엠,248070,KRX,Buy,buy,솔루엠,36900.0,"36,900원",24500.0,"25,050원",50.6122,2021-05-06,24500.0,2026-09-07,12890.0,-47.387755,down,8.163265,23.265306,9.795918,1.836735,-22.302592,120.068014,-167.455769,33350.0,36.122449,False,,,36.122449,2021-07-20,1950,veteran,,,,1,1,,
data/markdown/2021-05-06_equity-research-케이씨씨글라스.md,smic,company,modern,2021-05-06,2021-05-01,2021-05-06,KR,KCC글라스,344820,KRX,Buy,buy,KCC글라스,108000.0,"108,000원",63100.0,"59,600원",71.1569,2021-05-06,63100.0,2026-09-07,24950.0,-60.459588,down,-0.475436,12.51981,-4.120444,-4.437401,-5.849057,120.068014,-180.527602,81900.0,29.793978,False,,,29.793978,2021-09-23,1950,veteran,,,,1,1,,
data/markdown/voera/undated_[buy] 네이버_ 모든 웹은 네이버로 통한다.md,voera,company,modern,2021-05-14,2021-05-14,,KR,NAVER,035420,KRX,Buy,buy,NAVER,525000.0,"525,000",342500.0,,53.2847,2021-05-14,342500.0,2026-09-07,218000.0,-36.350365,down,8.759124,28.613139,21.021898,-19.854015,-10.103093,121.842059,-158.192423,465000.0,35.766423,False,,,35.766423,2021-07-26,1942,veteran,,,date_cover_only,1,2,,
data/markdown/voera/undated_[BUY] 씨에스윈드 불어라 바람! 불어라 수주!.md,voera,company,modern,2021-05-14,2021-05-14,,KR,씨에스윈드,112610,KRX,Buy,buy,씨에스윈드,90900.0,"90,900원",69200.0,,31.3584,2021-05-14,69200.0,2026-09-07,49000.0,-29.190751,down,15.606936,18.641618,-9.393064,-33.020231,17.788462,121.842059,-151.03281,90500.0,30.780347,False,,,30.780347,2021-07-22,1942,veteran,,,date_cover_only,1,1,,
data/markdown/ewha/2021-05-19_[210519] LG하우시스(108670).md,ewha,company,modern,2021-05-19,2021-05-19,2021-05-19,KR,LX하우시스,108670,KOSPI,Buy,buy,LX하우시스,123100.0,"123,100",101500.0,"101,500",21.2808,2021-05-20,100000.0,2026-09-07,35350.0,-64.65,down,-6.4,-13.7,-33.5,-50.0,22.743056,121.213492,-185.863492,113000.0,13.0,False,,,13.0,2021-07-07,1937,veteran,,,,1,1,,
data/markdown/ewha/2021-05-22_[210522] 원익QnC(074600).md,ewha,company,modern,2021-05-22,2021-05-22,2021-05-22,KR,원익QnC,074600,KRX,Buy,buy,원익QnC,,,28600.0,,,2021-05-24,26800.0,2026-09-07,27100.0,1.119403,up,3.731343,-1.679104,-1.679104,29.664179,26.340326,122.478453,-121.35905,45400.0,69.402985,,,,31.529851,2022-05-23,1934,veteran,,missing_target_price,ocr_fallback;target_price_suspect,1,1,,
data/markdown/ewha/2021-05-22_[210522] 비나텍(126340).md,ewha,company,modern,2021-05-22,2021-05-22,2021-05-22,KR,비나텍,126340,KRX,Buy,buy,비나텍,51800.0,"51,800원",31231.0,"38,750원",65.8608,2021-05-24,31836.0,2026-09-07,64200.0,101.6585,up,7.343887,19.748084,34.18143,11.433597,-10.709318,122.478453,-20.819953,204500.0,542.354567,True,2023-04-03,681,147.926875,2023-04-24,1934,veteran,,,,1,3,,
data/markdown/ewha/2021-05-22_[210522] 테스나(131970).md,ewha,company,modern,2021-05-22,2021-05-22,2021-05-22,KR,두산테스나,131970,KRX,Hold,soft_buy,두산테스나,49990.0,"49,990",45700.0,"45,700",9.3873,2021-05-24,44100.0,2026-09-07,82700.0,87.528345,up,0.566893,19.727891,4.195011,-1.473923,55.451128,122.478453,-34.950108,196900.0,346.485261,True,2021-07-06,45,31.519274,2021-08-10,1934,veteran,,,,1,1,,
data/markdown/2021-05-31_equity-research-corning.md,smic,company,modern,2021-05-31,2021-05-15,2021-05-31,US,Corning,GLW,US,Buy,buy,GLW,57.0,57$,38.344505,43.56$,48.6523,2021-06-01,37.896286,2026-09-04,151.369995,299.432269,up,-5.148413,-5.496279,-10.885465,-14.691064,73.463861,84.191482,215.240788,271.779999,617.167901,True,2025-07-29,1520,2.31911,2021-06-01,1925,veteran,,,,1,2,,
data/markdown/2021-05-31_equity-research-star-bulk-carriers.md,smic,company,modern,2021-05-31,,2021-05-31,US,Star Bulk Carriers,SBLK,US,Strong Buy,buy,SBLK,37.8,$ 37.8,11.145177,$ 21.5,239.1602,2021-06-01,11.419381,2026-09-04,32.619999,185.6547,up,14.807398,22.96644,8.515044,91.769445,72.415321,84.191482,101.463218,32.880001,187.93155,False,,,102.568499,2022-06-06,1925,veteran,,,,1,1,,
data/markdown/2021-05-31_equity-research-west-fraser-timber-co-ltd.md,smic,company,modern,2021-05-31,2021-05-15,2021-05-31,US,West Fraser Timber Co. Ltd.,WFG,NYSE,Buy,buy,WFG,137.0,137 USD,72.061653,78 USD,90.115,2021-06-01,72.276886,2026-09-04,67.57,-6.512298,down,-6.923055,0.673206,9.008256,20.845611,11.131753,84.191482,-90.70378,100.646081,39.250716,False,,,35.205273,2022-07-20,1925,veteran,,,,1,1,,
data/markdown/2021-06-06_equity-research-에스엘.md,smic,company,modern,2021-06-06,2021-05-29,2021-06-06,KR,에스엘,005850,KRX,Buy,buy,에스엘,50000.0,"50,000 원",34000.0,"31,200 원",47.0588,2021-06-07,35000.0,2026-09-07,51900.0,48.285714,up,-2.285714,-20.714286,-8.0,-11.0,21.120187,115.102456,-66.816742,79500.0,127.142857,True,2026-01-16,1685,17.571429,2022-09-13,1919,veteran,,,,1,1,,
data/markdown/2021-06-06_equity-research-lg유플러스-2.md,smic,company,modern,2021-06-06,2021-05-29,2021-06-06,KR,LG유플러스,032640,KRX,Buy,buy,LG유플러스,26450.0,26450 원,15250.0,14500 원,73.4426,2021-06-07,15400.0,2026-09-07,15090.0,-2.012987,down,-2.597403,-6.493506,-11.363636,-11.038961,2.513587,115.102456,-117.115443,18800.0,22.077922,False,,,5.194805,2021-06-10,1919,veteran,,,,2,2,,
data/markdown/2021-06-06_equity-research-corning-2.md,smic,company,modern,2021-06-06,2021-05-29,2021-06-06,KR,콘텐트리중앙,036420,KRX,Buy,buy,콘텐트리중앙,74500.0,"74,500원",51500.0,"53,000원",44.6602,2021-06-07,51600.0,2026-09-07,1560.0,-96.976744,down,-6.879845,-13.275194,-2.131783,-3.100775,-83.917526,115.102456,-212.0792,85900.0,66.472868,True,2021-11-22,169,66.472868,2021-11-22,1919,veteran,,,,1,1,,
data/markdown/2021-06-06_equity-research-시그넷이브이.md,smic,company,modern,2021-06-06,2021-05-28,2021-06-06,KR,세진중공업,075580,KRX,,soft_buy,세진중공업,61300.0,"61,300원",7240.0,"61,300원",746.6851,2021-06-07,7500.0,2026-09-07,10360.0,38.133333,up,-2.133333,-14.266667,-25.6,-8.8,-40.45977,115.102456,-76.969123,27400.0,265.333333,False,,,18.666667,2022-08-26,1919,veteran,,,,6,6,,
data/markdown/2021-06-06_equity-research-효성티앤씨.md,smic,company,modern,2021-06-06,2021-05-29,2021-06-06,KR,효성티앤씨,298020,KRX,Buy,buy,효성티앤씨,975000.0,"975,000 원",712000.0,"710,000 원",36.9382,2021-06-07,743000.0,2026-09-07,348000.0,-53.162853,down,18.573351,-1.480485,-19.650067,-43.606999,56.404494,115.102456,-168.26531,963000.0,29.60969,False,,,29.60969,2021-07-16,1919,veteran,,,,1,2,,
"data/markdown/voera/undated_[Buy]이마트, 이맡에 산다.md",voera,company,modern,2021-08-17,2021-08-17,,KR,삼성바이오로직스,207940,KRX,Buy,buy,삼성바이오로직스,,,1471974.0,"177,500",,2021-08-17,1471974.0,2026-09-07,1466000.0,-0.40585,down,-9.486241,-14.624579,-25.494132,-12.913611,-13.510324,122.564101,-122.96995,1987000.0,34.988797,,,,3.458417,2021-08-18,1847,veteran,,missing_target_price,date_cover_only;target_price_suspect,1,1,,
data/markdown/ewha/2021-08-21_[210821] 롯데정밀화학(004000).md,ewha,company,modern,2021-08-21,2021-08-21,2021-08-21,KR,롯데정밀화학,004000,KOSPI,Buy,buy,롯데정밀화학,105575.0,"105,575원",64100.0,,64.7036,2021-08-23,64700.0,2026-09-07,45800.0,-29.211747,down,40.803709,23.029366,20.247295,8.809892,2.805836,126.372641,-155.584388,101500.0,56.877898,False,,,56.877898,2021-09-29,1843,veteran,,,,1,1,,
data/markdown/ewha/2021-08-21_[210821] OCI(010060).md,ewha,company,modern,2021-08-21,2021-08-21,2021-08-21,KR,OCI홀딩스,010060,KRX,Buy,buy,OCI홀딩스,113156.0,"113,156",80658.0,"101,500",40.2911,2021-08-23,83836.0,2026-09-07,222000.0,164.80271,up,34.597309,12.322868,-14.217043,15.640059,92.708333,126.372641,38.430069,414000.0,393.82127,True,2021-09-08,18,60.190133,2021-10-01,1843,veteran,,,,1,1,,
data/markdown/ewha/2021-08-21_[210821] 현대모비스(012330).md,ewha,company,modern,2021-08-21,2021-08-21,2021-08-21,KR,현대모비스,012330,KRX,Buy,buy,현대모비스,356000.0,"356,000원",251500.0,"251,500원",41.5507,2021-08-23,260000.0,2026-09-07,432000.0,66.153846,up,2.884615,-8.461538,-12.115385,-17.5,15.817694,126.372641,-60.218795,822000.0,216.153846,True,2025-12-05,1567,8.269231,2021-09-09,1843,veteran,,,,1,1,,
data/markdown/ewha/2021-08-21_[210821] NAVER(035420).md,ewha,company,modern,2021-08-21,2021-08-21,2021-08-21,KR,NAVER,035420,KRX,Buy,buy,NAVER,550000.0,"550,000원",422500.0,"422,500원",30.1775,2021-08-23,429500.0,2026-09-07,218000.0,-49.243306,down,-6.169965,-5.937136,-24.447031,-42.25844,-10.103093,126.372641,-175.615948,454500.0,5.820722,False,,,5.820722,2021-09-06,1843,veteran,,,,1,1,,
data/markdown/ewha/2020-08-21_[200821] CJ ENM(035760).md,ewha,company,modern,2021-08-21,2021-08-21,2020-08-21,KR,CJ ENM,035760,KRX,Buy,buy,CJ ENM,200300.0,"200,300원",144000.0,"144,000원",39.0972,2021-08-23,147000.0,2026-09-07,33600.0,-77.142857,down,2.312925,22.721088,-14.14966,-32.789116,-47.987616,126.372641,-203.515498,191600.0,30.340136,False,,,30.340136,2021-10-25,1843,veteran,,,,1,1,,
data/markdown/ewha/2021-08-21_[210821] 코오롱인더(120110).md,ewha,company,modern,2021-08-21,2021-08-21,2021-08-21,KR,코오롱인더,120110,KRX,Buy,buy,코오롱인더,90876.0,"90,876",71400.0,"71,400",27.2773,2021-08-23,72300.0,2026-09-07,55200.0,-23.651452,down,50.760719,7.053942,-13.692946,-26.417704,23.076923,126.372641,-150.024094,114500.0,58.367911,True,2021-09-08,18,58.367911,2021-09-23,1843,veteran,,,,1,1,,
data/markdown/ewha/2021-08-21_[210821] 스튜디오드래곤(253450).md,ewha,company,modern,2021-08-21,2021-08-21,2021-08-21,KR,스튜디오드래곤,253450,KRX,Buy,buy,스튜디오드래곤,,,82500.0,,40.83,2021-08-23,85500.0,2026-09-07,21700.0,-74.619883,down,-3.508772,12.748538,-1.637427,-10.292398,-49.239766,126.372641,-200.992524,98900.0,15.672515,,,,15.672515,2021-11-22,1843,veteran,,missing_target_price,ocr_fallback;ocr_inconsistent_prices,1,1,,
data/markdown/ewha/2021-08-21_[210821] 디앤씨미디어(263720).md,ewha,company,modern,2021-08-21,2021-08-21,2021-08-21,KR,디앤씨미디어,263720,KRX,Buy,buy,디앤씨미디어,65700.0,"65,700원",40050.0,"40,050원",64.0449,2021-08-23,40500.0,2026-09-07,7110.0,-82.444444,down,-1.358025,3.703704,-24.567901,-47.530864,-42.195122,126.372641,-208.817086,48600.0,20.0,False,,,20.0,2021-10-22,1843,veteran,,,,1,1,,
data/markdown/ewha/2021-09-11_[210911] KG이니시스(035600).md,ewha,company,modern,2021-09-11,2021-09-11,2021-09-11,KR,KG이니시스,035600,KRX,Buy,buy,KG이니시스,23945.0,"23,945",18700.0,"18,700",28.0481,2021-09-13,18750.0,2026-09-07,10290.0,-45.12,down,-2.933333,-3.2,-5.866667,-25.6,0.684932,123.647798,-168.767798,25150.0,34.133333,True,2022-03-29,199,34.133333,2022-04-07,1822,veteran,,,,1,1,,
data/markdown/ewha/2021-09-11_[210911] CJ제일제당(097950).md,ewha,company,modern,2021-09-11,2021-09-11,2021-09-11,KR,CJ제일제당,097950,KRX,Buy,buy,CJ제일제당,551000.0,"551,000원",432500.0,"432,500원",27.3988,2021-09-13,435000.0,2026-09-07,182800.0,-57.977011,down,-8.275862,-13.563218,-18.505747,-10.344828,-12.115385,123.647798,-181.624809,443500.0,1.954023,False,,,1.954023,2021-09-14,1822,veteran,,,,1,1,,
data/markdown/voera/undated_[BUY] 아프리카TV 논란이 아닌 실적에 주목하라!.md,voera,company,modern,2021-09-15,2021-09-15,,KR,SOOP,067160,KRX,Buy,buy,SOOP,185200.0,"185,200원",153400.0,"153,400원",20.7301,2021-09-15,153400.0,2026-09-07,38250.0,-75.065189,down,1.694915,31.290743,1.760104,-53.650587,-43.584071,121.836431,-196.90162,249100.0,62.385919,True,2021-10-29,44,62.385919,2021-11-09,1818,veteran,,,date_cover_only,1,1,,
"data/markdown/voera/undated_[BUY] 한섬, HANDSOME!.md",voera,company,modern,2021-09-17,2021-09-17,,KR,한섬,020000,KRX,Buy,buy,한섬,,,40300.0,,,2021-09-17,40300.0,2026-09-07,15500.0,-61.538462,down,6.823821,-10.049628,-12.655087,-33.498759,-3.125,122.746942,-184.285404,44900.0,11.414392,,,,11.414392,2021-10-26,1816,veteran,,missing_target_price,date_cover_only,1,1,,
"data/markdown/voera/undated_[BUY] 현대백화점 The More 현대, 더 모여 현대.md",voera,company,modern,2021-09-17,2021-09-17,,KR,현대백화점,069960,KRX,Buy,buy,현대백화점,119100.0,"119,100원",81900.0,,45.4212,2021-09-17,81900.0,2026-09-07,97700.0,19.291819,up,2.686203,-8.913309,-5.250305,-26.007326,10.27088,122.746942,-103.455123,222000.0,171.062271,True,2026-04-27,1683,6.105006,2021-10-26,1816,veteran,,,date_cover_only,1,1,,
"data/markdown/voera/undated_[BUY] F&amp;F 이름은 F, 학점은 A.md",voera,company,modern,2021-09-17,2021-09-17,,KR,F&F,383220,KRX,Buy,buy,F&F,177800.0,"889,000원",142400.0,"712,000원",24.8596,2021-09-17,142400.0,2026-09-07,65600.0,-53.932584,down,24.578652,25.0,-2.38764,8.146067,-4.233577,122.746942,-176.679527,199600.0,40.168539,True,2021-10-14,27,40.168539,2021-12-29,1816,veteran,,,date_cover_only;target_split_adjusted,1,1,,
data/markdown/ewha/2021-08-21_[210821] 포스코케미칼(003670).md,ewha,company,modern,2021-09-28,2021-09-28,2021-08-21,KR,포스코퓨처엠,003670,KRX,Buy,buy,포스코퓨처엠,192000.0,"192,000원",160421.0,"143,000",19.6851,2021-09-28,160421.0,2026-09-07,182600.0,13.825497,up,-12.084453,-14.199513,-29.003061,-4.229496,-2.352941,125.809253,-111.983756,672704.0,319.336621,True,2022-10-25,392,319.336621,2023-07-26,1805,veteran,,,,1,1,,
data/markdown/ewha/2021-10-09_[211009] DI동일(001530).md,ewha,company,modern,2021-10-09,2021-04-08,2021-10-09,KR,DI동일,001530,KRX,Buy,buy,DI동일,,,25861.0,,39.1,2021-10-12,25515.0,2026-09-07,28300.0,10.915148,up,-5.592789,-7.86988,-6.141485,-50.135215,44.020356,139.865518,-128.95037,48096.0,88.500882,,,,16.280619,2021-10-18,1794,veteran,,missing_target_price,ocr_fallback;ocr_inconsistent_prices,1,1,,
data/markdown/ewha/2021-10-09_[211009] SKC(011790).md,ewha,company,modern,2021-10-09,2021-10-09,2021-10-09,KR,SKC,011790,KRX,Buy,buy,SKC,197500.0,"197,500원",148040.0,"157,500",33.4099,2021-10-12,143810.0,2026-09-07,88000.0,-38.80815,down,12.418469,5.882067,3.921146,-39.477088,-10.322127,139.865518,-178.673668,195506.0,35.947431,False,,,35.947431,2021-11-25,1794,veteran,,,,1,1,,
data/markdown/ewha/2021-10-09_[211009] 만도(204320).md,ewha,company,modern,2021-10-09,2021-10-09,2021-10-09,KR,HL만도,204320,KRX,Buy,buy,HL만도,73400.0,"73,400원",57800.0,"57,800원",26.9896,2021-10-12,58700.0,2026-09-07,50200.0,-14.480409,down,11.925043,12.606474,-14.821124,-21.635434,-14.480409,139.865518,-154.345927,79100.0,34.752981,True,2026-01-21,1565,14.991482,2022-01-05,1794,veteran,,,,1,3,,
data/markdown/ewha/2021-10-09_[211009] LS전선아시아(229640).md,ewha,company,modern,2021-10-09,2021-10-09,2021-10-09,KR,LS에코에너지,229640,KRX,Buy,buy,LS에코에너지,12040.0,"12,040원",8290.0,"8,290원",45.2352,2021-10-12,8300.0,2026-09-07,47650.0,474.096386,up,0.481928,-4.698795,-3.73494,-12.048193,37.916064,139.865518,334.230867,109800.0,1222.891566,True,2023-08-03,663,106.987952,2023-08-16,1794,veteran,,,,1,1,,
data/markdown/2021-11-03_equity-research-엔씨소프트.md,smic,company,modern,2021-11-03,2021-10-16,2021-11-03,KR,NC,036570,KRX,Sell,sell,NC,372000.0,"372,000 원",657000.0,"607,000 원",-43.379,2021-11-03,657000.0,2026-09-07,223000.0,-66.057839,down,10.806697,-18.417047,-35.312024,-41.324201,10.669975,135.083056,-201.140894,786000.0,19.634703,True,2021-11-04,1,19.634703,2021-11-11,1769,veteran,,,,1,1,,
data/markdown/2021-11-03_equity-research-주성엔지니어링.md,smic,company,modern,2021-11-03,2021-10-16,2021-11-03,KR,주성엔지니어링,036930,KRX,Buy,buy,주성엔지니어링,26700.0,"26,700 원",11350.0,"11,200 원",135.2423,2021-11-03,11350.0,2026-09-07,187200.0,1549.339207,up,74.889868,88.986784,91.189427,0.881057,575.812274,135.083056,1414.256151,283000.0,2393.39207,True,2022-03-02,119,183.259912,2023-09-15,1769,veteran,,,,1,1,,
data/markdown/2021-11-03_equity-research-세경하이테크.md,smic,company,modern,2021-11-03,2021-10-16,2021-11-03,KR,세경하이테크,148150,KRX,Buy,buy,세경하이테크,10742.6854,"35,000 원",7658.0,"24,950 원",40.2806,2021-11-03,7658.0,2026-09-07,4070.0,-46.852964,down,11.112562,6.9731,-2.611648,-49.020632,-20.817121,135.083056,-181.93602,13280.0,73.413424,True,2024-05-14,923,25.045704,2022-01-03,1769,veteran,,,target_split_adjusted,1,1,,
data/markdown/2021-11-03_equity-research-넥스틴.md,smic,company,modern,2021-11-03,2021-10-16,2021-11-03,KR,넥스틴,348210,KRX,Buy,buy,넥스틴,72400.0,"72,400 원",51200.0,"52,800 원",41.4062,2021-11-03,51200.0,2026-09-07,31200.0,-39.0625,down,-4.296875,18.75,35.742188,2.929688,-56.606398,135.083056,-174.145556,100400.0,96.09375,True,2022-04-19,167,79.6875,2023-08-01,1769,veteran,,,,1,1,,
data/markdown/2021-11-19_equity-research-npc.md,smic,company,modern,2021-11-19,2021-11-06,2021-11-19,KR,NPC,004250,KRX,Strong Buy,buy,NPC,9290.0,9290 원,7800.0,5910 원,19.1026,2021-11-19,7800.0,2026-09-07,2980.0,-61.794872,down,-8.076923,3.205128,30.128205,-6.410256,-21.164021,135.454154,-197.249026,13200.0,69.230769,True,2021-12-21,32,69.230769,2022-04-28,1753,veteran,,,,1,1,,
data/markdown/2021-11-19_equity-research-카카오게임즈.md,smic,company,modern,2021-11-19,2021-11-06,2021-11-19,KR,카카오게임즈,293490,KRX,Buy,buy,카카오게임즈,151300.0,151.300 원,107500.0,"97,900 원",40.7442,2021-11-19,107500.0,2026-09-07,8900.0,-91.72093,down,-19.348837,-34.604651,-47.348837,-59.674419,-40.268456,135.454154,-227.175084,113100.0,5.209302,False,,,5.209302,2021-11-19,1753,veteran,,,,1,1,,
data/markdown/2021-11-19_equity-research-하이브.md,smic,company,modern,2021-11-19,2021-11-06,2021-11-19,KR,하이브,352820,KRX,Buy,buy,하이브,628000.0,"628,000 원",400500.0,"383,500 원",56.804,2021-11-19,400500.0,2026-09-07,180800.0,-54.856429,down,-17.353308,-35.081149,-45.068664,-65.792759,-45.212121,135.454154,-190.310583,416000.0,3.870162,False,,,3.870162,2021-11-19,1753,veteran,,,,1,3,,
data/markdown/2021-11-19_equity-research-원티드랩.md,smic,company,modern,2021-11-19,2021-11-06,2021-11-19,KR,원티드랩,376980,KRX,Buy,buy,원티드랩,50900.0,"50,900 원",40300.0,"35,500 원",26.3027,2021-11-19,40300.0,2026-09-07,3030.0,-92.48139,down,-16.873449,-23.82134,-29.528536,-64.516129,-13.428571,135.454154,-227.935543,41500.0,2.977667,False,,,2.977667,2021-11-19,1753,veteran,,,,1,1,,
data/markdown/ewha/2021-11-24_[211124] 현대백화점(069960).md,ewha,company,modern,2021-11-24,2021-11-24,2021-11-24,KR,현대백화점,069960,KRX,Buy,buy,현대백화점,110500.0,"110,500",75700.0,"75,700원",45.9709,2021-11-24,75700.0,2026-09-07,97700.0,29.062087,up,-1.453104,2.377807,2.377807,-21.136063,10.27088,133.624332,-104.562244,222000.0,193.26288,True,2026-02-11,1540,6.73712,2022-06-03,1748,veteran,,,,1,1,,
data/markdown/ewha/2021-11-27_[211127] 대주전자재료(078600).md,ewha,company,modern,2021-11-27,2021-11-27,2021-11-27,KR,대주전자재료,078600,KRX,Buy,buy,대주전자재료,142000.0,"142,000원",125600.0,"125,600원",13.0573,2021-11-29,122100.0,2026-09-07,85800.0,-29.72973,down,-19.492219,-27.764128,-27.190827,-25.634726,35.11811,140.447596,-170.177326,183300.0,50.12285,True,2024-06-11,927,13.267813,2023-04-07,1745,veteran,,,,1,2,,
data/markdown/ewha/2021-11-27_[211127] 인크로스(216050).md,ewha,company,modern,2021-11-27,2021-11-27,2021-11-27,KR,인크로스,216050,KRX,Buy,buy,인크로스,70950.0,"70,950원",29586.0,,139.8094,2021-11-29,29303.0,2026-09-07,5160.0,-82.390881,down,5.787803,-8.46671,-30.976351,-48.981333,-22.985075,140.447596,-222.838477,33543.0,14.469508,False,,,14.469508,2022-01-10,1745,veteran,,,ocr_fallback,1,1,,
data/markdown/2021-11-30_equity-research-chegg.md,smic,company,modern,2021-11-30,2021-11-20,2021-11-30,US,"Chegg, Inc.",CHGG,NYSE,Buy,buy,CHGG,43.5,$ 43.50,27.85,$ 27.12,56.1939,2021-11-30,27.85,2026-09-04,0.945,-96.606822,down,9.587074,12.280072,-30.556553,7.145421,1.612902,69.472297,-166.079119,37.639999,35.152599,False,,,35.152599,2022-04-05,1742,veteran,,,,1,1,,
data/markdown/2021-11-30_equity-research-inmode.md,smic,company,modern,2021-11-30,,2021-11-30,US,Inmode,INMD,US,Strong Buy,buy,INMD,172.11,$ 172.11,76.0,$ 92.62,126.4605,2021-11-30,76.0,2026-09-04,14.8,-80.526316,down,-7.644734,-43.828949,-64.947369,-49.486843,0.748813,69.472297,-149.998613,81.68,7.473685,False,,,7.473685,2021-11-30,1742,veteran,,,,1,1,,
data/markdown/2021-11-30_equity-research-opendoor.md,smic,company,modern,2021-11-30,2021-11-20,2021-11-30,US,"Opendoor Technologies, Inc.",OPEN,NASDAQ,Buy,buy,OPEN,,,15.84,,,2021-11-30,15.84,2026-09-04,3.1,-80.429294,down,-7.070706,-47.285352,-52.714648,-88.320707,-46.826759,69.472297,-149.901591,16.459999,3.914135,,,,3.914135,2021-11-30,1742,veteran,,missing_target_price,,1,1,,
data/markdown/2021-12-13_equity-research-세아제강지주.md,smic,company,modern,2021-12-13,2021-12-04,2021-12-13,KR,세아제강지주,003030,KRX,Buy,buy,세아제강지주,154000.0,"154,000 원",113500.0,"110,000 원",35.6828,2021-12-13,113500.0,2026-09-07,105500.0,-7.048458,down,-6.167401,15.859031,35.242291,33.039648,-17.642467,133.050712,-140.09917,292500.0,157.709251,True,2022-04-15,123,114.537445,2023-09-22,1729,veteran,,,,1,1,,
data/markdown/2021-12-13_equity-research-인텔리안테크.md,smic,company,modern,2021-12-13,2021-12-04,2021-12-13,KR,인텔리안테크,189300,KRX,Buy,buy,인텔리안테크,122000.0,"122,000 원",80835.0,"80,400 원",50.9247,2021-12-13,80835.0,2026-09-07,63500.0,-21.444919,down,7.186244,-6.107503,-5.508752,-15.927507,6.722689,133.050712,-154.495631,180200.0,122.923239,True,2026-02-09,1519,19.161254,2023-03-31,1729,veteran,,,,1,1,,
data/markdown/2021-12-13_equity-research-에스티팜-2.md,smic,company,modern,2021-12-13,2021-12-04,2021-12-13,KR,에스티팜,237690,KRX,Buy,buy,에스티팜,185000.0,"185,000 원",126500.0,"128,000 원",46.2451,2021-12-13,126500.0,2026-09-07,91700.0,-27.509881,down,4.031621,-21.264822,-22.055336,-33.675889,-23.07047,133.050712,-160.560593,172100.0,36.047431,False,,,19.209486,2021-12-29,1729,veteran,,,,1,2,,
data/markdown/2021-12-13_equity-research-쿠콘.md,smic,company,modern,2021-12-13,2021-12-04,2021-12-13,KR,쿠콘,294570,KRX,Buy,buy,쿠콘,104100.0,"104,100 원",75100.0,"77,900 원",38.6152,2021-12-13,75100.0,2026-09-07,29950.0,-60.11984,down,-17.177097,-36.218375,-52.52996,-59.653795,5.457746,133.050712,-193.170552,78800.0,4.926764,False,,,4.926764,2021-12-13,1729,veteran,,,,1,1,,
data/markdown/2021-12-13_equity-research-엔켐.md,smic,company,modern,2021-12-13,2021-12-04,2021-12-13,KR,엔켐,348370,KRX,Buy,buy,엔켐,174900.0,"174,900 원",100100.0,"108,600 원",74.7253,2021-12-13,100100.0,2026-09-07,21250.0,-78.771229,down,-1.498501,-14.885115,-26.773227,-40.759241,-66.216216,133.050712,-211.821941,394500.0,294.105894,True,2024-01-30,778,20.879121,2022-01-21,1729,veteran,,,,1,1,,
data/markdown/ewha/2022-02-12_[220212] 현대건설(000720).md,ewha,company,modern,2022-02-12,2021-02-10,2022-02-12,KR,현대건설,000720,KRX,Buy,buy,현대건설,56200.0,"56,200",42300.0,"42,300",32.8605,2022-02-14,40900.0,2026-09-07,126900.0,210.268949,up,20.904645,3.789731,13.447433,-8.190709,81.027104,158.659336,51.609613,198400.0,385.085575,True,2025-05-26,1199,24.938875,2022-03-14,1668,veteran,,,,1,3,,
data/markdown/ewha/2022-02-12_[220212] 디오(039840).md,ewha,company,modern,2022-02-12,2022-02-12,2022-02-12,KR,디오,039840,KRX,Hold,soft_buy,디오,42580.0,"42,580원",31500.0,"31,500원",35.1746,2022-02-14,30400.0,2026-09-07,11250.0,-62.993421,down,16.776316,2.960526,-8.552632,-24.342105,-33.39254,158.659336,-221.652757,40350.0,32.730263,False,,,32.730263,2022-04-15,1668,veteran,,,,1,1,,
data/markdown/ewha/2022-02-12_[220212] 아프리카TV(067160).md,ewha,company,modern,2022-02-12,2022-02-12,2022-02-12,KR,SOOP,067160,KRX,Buy,buy,SOOP,173000.0,"173,000원",142200.0,"142,200원",21.6596,2022-02-14,143000.0,2026-09-07,38250.0,-73.251748,down,9.160839,-30.979021,-41.608392,-34.615385,-43.584071,158.659336,-231.911084,162000.0,13.286713,False,,,13.286713,2022-03-17,1668,veteran,,,,1,1,,
data/markdown/ewha/2022-02-12_[220212] 파트론(091700).md,ewha,company,modern,2022-02-12,2022-02-12,2022-02-12,KR,파트론,091700,KRX,Buy,buy,파트론,17100.0,"17,100원",11550.0,"11,550원",48.0519,2022-02-14,11300.0,2026-09-07,5420.0,-52.035398,down,-12.035398,2.212389,-23.00885,-23.097345,-22.238164,158.659336,-210.694734,12050.0,6.637168,False,,,6.637168,2022-04-20,1668,veteran,,,,1,1,,
data/markdown/ewha/2022-02-12_[220212] 쿠콘(294570).md,ewha,company,modern,2022-02-12,2022-02-12,2022-02-12,KR,쿠콘,294570,KRX,Buy,buy,쿠콘,82900.0,"82,900원",53200.0,"53,200원",55.8271,2022-02-14,51700.0,2026-09-07,29950.0,-42.069632,down,-10.251451,-24.17795,-32.7853,-31.818182,5.457746,158.659336,-200.728968,56800.0,9.864603,False,,,9.864603,2022-03-30,1668,veteran,,,,1,1,,
data/markdown/ewha/2022-02-12_[220212] 효성화학(298000).md,ewha,company,modern,2022-02-12,2022-02-12,2022-02-12,KR,효성화학,298000,KRX,Buy,buy,효성화학,408000.0,"408,000원",289500.0,"289,500",40.9326,2022-02-14,266000.0,2026-09-07,57000.0,-78.571429,down,-1.879699,-24.62406,-28.571429,-58.045113,46.529563,158.659336,-237.230764,306000.0,15.037594,False,,,15.037594,2022-02-17,1668,veteran,,,,1,1,,
data/markdown/ewha/2022-02-12_[220212] 현대오토에버(307950).md,ewha,company,modern,2022-02-12,2021-02-12,2022-02-12,KR,현대오토에버,307950,KRX,Buy,buy,현대오토에버,,,114500.0,,42.13,2022-02-14,110000.0,2026-09-07,402000.0,265.454545,up,6.363636,19.090909,15.0,9.545455,21.084337,158.659336,106.79521,1066000.0,869.090909,,,,139.090909,2023-09-12,1668,veteran,,missing_target_price,ocr_fallback;ocr_inconsistent_prices,1,1,,
data/markdown/ewha/2022-03-12_[220312] 롯데칠성(005300).md,ewha,company,modern,2022-03-12,2022-03-12,2022-03-12,KR,롯데칠성,005300,KRX,Buy,buy,롯데칠성,242000.0,"242,000원",160000.0,"160,000 원",51.25,2022-03-14,158500.0,2026-09-07,98700.0,-37.728707,down,15.457413,17.350158,1.26183,2.649842,-29.094828,164.411014,-202.139721,209000.0,31.861199,False,,,31.861199,2022-05-03,1640,veteran,,,,1,1,,
data/markdown/ewha/2022-03-12_[220312] 심텍(222800).md,ewha,company,modern,2022-03-12,2022-03-12,2022-03-12,KR,심텍,222800,KRX,Buy,buy,심텍,66900.0,"66,900원",50100.0,"50,100원",33.5329,2022-03-14,49050.0,2026-09-07,119800.0,144.240571,up,10.091743,-11.009174,-31.396534,-45.667686,142.755826,164.411014,-20.170443,164200.0,234.760449,True,2025-11-06,1335,18.858308,2022-03-25,1640,veteran,,,,1,1,,
data/markdown/ewha/2022-03-12_[220312] 두산밥캣(241560).md,ewha,company,modern,2022-03-12,2022-03-12,2022-03-12,KR,두산밥캣,241560,KRX,Buy,buy,두산밥캣,51300.0,"51,300원",37000.0,"37,000원",38.6486,2022-03-14,39200.0,2026-09-07,63700.0,62.5,up,2.55102,-8.035714,-16.581633,0.892857,10.398614,164.411014,-101.911014,79700.0,103.316327,True,2023-04-27,411,70.918367,2023-07-26,1640,veteran,,,,1,1,,
data/markdown/star/2022-03-15_STAR_아세아제지.md,star,company,modern,2022-03-15,2021-11-10,2022-03-15,KR,아세아제지,002310,KOSPI,Buy,buy,아세아제지,12418.2569,"63,400",8540.0,"43,600",45.4128,2022-03-15,8540.0,2026-09-07,8980.0,5.152225,up,3.044496,-12.880562,-11.358314,-20.491803,12.672522,166.84379,-161.691565,11380.0,33.255269,False,,,17.096019,2024-03-05,1637,veteran,,,target_split_adjusted,1,1,,
data/markdown/star/2022-03-15_STAR_삼성전기.md,star,company,modern,2022-03-15,2021-05-01,2022-03-15,KR,삼성전기,009150,KOSPI,Buy,buy,삼성전기,267000.0,"267,000",151000.0,,76.8212,2022-03-15,151000.0,2026-09-07,1454000.0,862.913907,up,5.298013,-2.317881,-8.940397,-0.860927,470.196078,166.84379,696.070118,2417000.0,1500.662252,True,2025-12-08,1364,13.576159,2022-04-22,1637,veteran,,,,1,3,,
data/markdown/star/2022-03-15_STAR_해성디에스.md,star,company,modern,2022-03-15,2021-09-16,2022-03-15,KR,해성디에스,195870,KOSPI,Buy,buy,해성디에스,67300.0,"67,300",45600.0,"41,350",47.5877,2022-03-15,45600.0,2026-09-07,50800.0,11.403509,up,26.535088,46.052632,5.04386,-6.030702,-8.797127,166.84379,-155.440281,108500.0,137.938596,True,2022-04-15,31,76.315789,2023-07-31,1637,veteran,,,,1,1,,
"data/markdown/voera/undated_[BUY] 안전한 원전, 한전KPS.md",voera,company,modern,2022-03-29,2022-03-29,,KR,한전KPS,051600,KRX,Buy,buy,한전KPS,50200.0,"50,200 원",41850.0,,19.9522,2022-03-29,41850.0,2026-09-07,47350.0,13.142174,up,-9.677419,-11.469534,-13.381123,-10.394265,-4.246714,155.206543,-142.064369,69000.0,64.874552,True,2025-06-12,1171,5.495818,2022-08-26,1623,veteran,,,date_cover_only,1,1,,
"data/markdown/voera/undated_[BUY] 에이스토리, 올해는 닉값할 시기.md",voera,company,modern,2022-03-29,2022-03-29,,KR,에이스토리,241840,KRX,Buy,buy,에이스토리,,,28950.0,,,2022-03-29,28950.0,2026-09-07,2440.0,-91.571675,down,-3.626943,-39.723661,-26.943005,-20.725389,-66.016713,155.206543,-246.778219,35000.0,20.8981,,,,20.8981,2022-07-13,1623,veteran,,missing_target_price,date_cover_only,1,1,,
"data/markdown/voera/undated_[BUY] 반도체 산업의 백미, 한미반도체.md",voera,company,modern,2022-03-30,2022-03-30,,KR,한미반도체,042700,KRX,Buy,buy,한미반도체,40200.0,"40,200원",17350.0,,131.7003,2022-03-30,17350.0,2026-09-07,240500.0,1286.167147,up,-11.815562,-23.919308,-30.835735,22.766571,88.77551,154.679729,1131.487418,426000.0,2355.331412,True,2023-07-13,470,701.729107,2024-03-28,1622,veteran,,,date_cover_only,1,1,,
data/markdown/voera/undated_[BUY] 전설의 GS건설.md,voera,company,modern,2022-03-31,2022-03-31,,KR,GS건설,006360,KRX,Buy,buy,GS건설,60000.0,"60,000 원",46400.0,,29.3103,2022-03-31,46400.0,2026-09-07,35200.0,-24.137931,down,-9.375,-31.896552,-46.228448,-55.49569,78.680203,153.672148,-177.810079,46900.0,1.077586,False,,,1.077586,2022-04-01,1621,veteran,,,date_cover_only,1,1,,
data/markdown/star/2022-03-31_STAR_이노와이어리스.md,star,company,modern,2022-03-31,2022-03-17,2022-03-31,KR,LIG아큐버,073490,KOSDAQ,Buy,buy,LIG아큐버,75600.0,"75,600",44350.0,"38,500",70.4622,2022-03-31,44350.0,2026-09-07,29250.0,-34.047351,down,-11.837655,-35.625705,-40.924464,-35.738444,30.580357,-12.952474,-21.094877,62500.0,40.924464,False,,,0.338219,2022-04-06,1621,veteran,,,,1,1,,
data/markdown/star/2022-04-01_STAR_주성엔지니어링.md,star,company,modern,2022-04-01,2022-03-16,2022-04-01,KR,주성엔지니어링,036930,KOSDAQ,Buy,buy,주성엔지니어링,34100.0,"34,100",25500.0,"23,650",33.7255,2022-04-01,25500.0,2026-09-07,187200.0,634.117647,up,-15.882353,-33.72549,-54.117647,-36.862745,575.812274,-12.585985,646.703632,283000.0,1009.803922,True,2023-11-07,585,59.803922,2024-02-28,1620,veteran,,,,1,1,,
data/markdown/star/2022-04-01_STAR_덕산하이메탈.md,star,company,modern,2022-04-01,2022-03-16,2022-04-01,KR,덕산하이메탈,077360,KOSDAQ,Buy,buy,덕산하이메탈,21800.0,"21,800",9550.0,"16,300",128.2723,2022-04-01,9550.0,2026-09-07,10070.0,5.445026,up,0.104712,-31.518325,-35.91623,-32.460733,65.353038,-12.585985,18.031011,21100.0,120.942408,False,,,11.413613,2023-07-13,1620,veteran,,,,1,1,,
data/markdown/star/2022-04-07_STAR_배터리 재활용 산업.md,star,company,modern,2022-04-07,2022-03-20,2022-04-07,KR,제이에스코퍼레이션,194370,KOSPI,Buy,buy,제이에스코퍼레이션,,,12525.0,,,2022-04-07,12525.0,2026-09-07,12690.0,1.317365,up,-11.776447,-39.720559,-40.11976,-48.103792,-1.014041,159.486398,-158.169032,16090.0,28.463074,,,,6.187625,2022-04-20,1614,veteran,,missing_target_price,,1,1,,
data/markdown/ewha/2022-04-09_[220409] 삼성전기(009150).md,ewha,company,modern,2022-04-09,2022-04-09,2022-04-09,KR,삼성전기,009150,KRX,Buy,buy,삼성전기,,,157500.0,,,2022-04-11,156000.0,2026-09-07,1454000.0,832.051282,up,2.884615,-13.782051,-23.076923,-1.346154,470.196078,159.75233,672.298952,2417000.0,1449.358974,,,,9.935897,2022-04-22,1612,veteran,,missing_target_price,ocr_fallback;target_price_suspect,1,2,,
data/markdown/ewha/2022-04-09_[220409] 일진머티리얼즈(020150).md,ewha,company,modern,2022-04-09,2022-04-09,2022-04-09,KR,롯데에너지머티리얼즈,020150,KRX,Buy,buy,롯데에너지머티리얼즈,135500.0,"135,500원",103000.0,"103,000원",31.5534,2022-04-11,96000.0,2026-09-07,37850.0,-60.572917,down,-13.125,-27.8125,-43.229167,-24.583333,23.895254,159.75233,-220.325247,102500.0,6.770833,False,,,6.770833,2022-04-11,1612,veteran,,,,1,1,,
data/markdown/ewha/2022-04-09_[220409] PI첨단소재(178920).md,ewha,company,modern,2022-04-09,2022-04-09,2022-04-09,KR,PI첨단소재,178920,KRX,Buy,buy,PI첨단소재,61000.0,"61,000원",49100.0,"49,100원",24.2363,2022-04-11,46850.0,2026-09-07,19340.0,-58.719317,down,-3.628602,-27.748132,-28.922092,-24.226254,23.815621,159.75233,-218.471647,51700.0,10.352188,False,,,10.352188,2022-04-21,1612,veteran,,,,1,2,,
data/markdown/ewha/2022-04-09_[220409] 제이시스메디칼(287410).md,ewha,company,modern,2022-04-09,2022-04-09,2022-04-09,KR,제이시스메디칼,287410,KRX,Buy,buy,제이시스메디칼,12250.0,"12,250원",9500.0,"9,500 원",28.9474,2022-04-11,10000.0,2024-11-06,12900.0,29.0,up,-22.8,-26.6,-35.2,-13.2,0.0,-4.811927,33.811927,14500.0,45.0,True,2023-08-07,485,45.0,2023-08-24,1612,veteran,,,,1,1,,
data/markdown/2022-04-16_equity-research-jyp-ent.md,smic,company,modern,2022-04-16,2022-04-09,2022-04-16,KR,JYP Ent.,035900,KRX,Buy,buy,JYP Ent.,92400.0,"92,400 원",63400.0,"64,700 원",45.7413,2022-04-18,58800.0,2026-09-07,39500.0,-32.823129,down,-3.741497,-6.292517,-7.142857,44.557823,-45.592287,159.741721,-192.56485,146600.0,149.319728,True,2023-05-02,381,149.319728,2023-07-25,1605,veteran,,,,1,2,,
data/markdown/2022-04-16_equity-research-국순당.md,smic,company,modern,2022-04-16,2022-04-09,2022-04-16,KR,국순당,043650,KRX,Buy,buy,국순당,13250.0,"13,250 원",11250.0,"10,750 원",17.7778,2022-04-18,10900.0,2026-09-07,3600.0,-66.972477,down,-5.963303,-21.284404,-39.357798,-38.073394,-12.938331,159.741721,-226.714198,12950.0,18.807339,False,,,18.807339,2022-04-19,1605,veteran,,,,1,1,,
data/markdown/2022-04-16_equity-research-롯데렌탈.md,smic,company,modern,2022-04-16,2022-04-09,2022-04-16,KR,롯데렌탈,089860,KRX,Buy,buy,롯데렌탈,63529.0,"63,529원",46700.0,,36.0364,2022-04-18,45200.0,2026-09-07,50300.0,11.283186,up,-13.827434,-17.367257,-35.39823,-40.044248,59.68254,159.741721,-148.458535,53100.0,17.477876,False,,,4.20354,2022-04-18,1605,veteran,,,,1,1,,
data/markdown/2022-04-16_equity-research-인터로조.md,smic,company,modern,2022-04-16,2022-04-09,2022-04-16,KR,인터로조,119610,KRX,Buy,buy,인터로조,45500.0,"45,500 원",24506.0,"31,350 원",85.6688,2022-04-18,24614.0,2026-09-07,14150.0,-42.512391,down,-8.222963,-18.501666,-26.870886,0.0,-11.617739,159.741721,-202.254112,28083.0,14.093605,False,,,14.093605,2023-05-18,1605,veteran,,,,1,1,,
data/markdown/2022-04-16_equity-research-공구우먼.md,smic,company,modern,2022-04-16,2022-04-09,2022-04-16,KR,공구우먼,366030,KRX,,soft_buy,공구우먼,37400.0,"37,400 원",5456.0,"34,600 원",585.4839,2022-04-18,5573.0,2026-09-07,4555.0,-18.266643,down,-1.345774,155.697111,21.83743,62.748968,-13.238095,159.741721,-178.008364,54500.0,877.929302,True,2022-07-05,80,877.929302,2022-07-06,1605,veteran,,,,1,1,,
data/markdown/2022-05-12_equity-research-벽산-2.md,smic,company,modern,2022-05-12,2022-05-07,2022-05-12,KR,벽산,007210,KRX,Buy,buy,벽산,5300.0,"5,300원",3540.0,,49.7175,2022-05-12,3540.0,2026-09-07,1453.0,-58.954802,down,-0.847458,-18.220339,-40.254237,-39.830508,-16.590126,174.320413,-233.275216,4260.0,20.338983,False,,,20.338983,2023-09-21,1579,veteran,,,,2,2,,
data/markdown/2022-05-12_equity-research-인바디.md,smic,company,modern,2022-05-12,2022-05-07,2022-05-12,KR,인바디,041830,KRX,Buy,buy,인바디,43000.0,"38,300~47,700 원",28300.0,"27,550 원",51.9435,2022-05-12,28300.0,2026-09-07,60000.0,112.014134,up,-5.65371,-9.187279,-28.268551,-4.063604,83.206107,174.320413,-62.306279,73500.0,159.717314,True,2026-05-11,1460,15.017668,2023-04-11,1579,veteran,,,,2,2,,
data/markdown/2022-05-12_equity-research-아이원스.md,smic,company,modern,2022-05-12,2022-05-07,2022-05-12,KR,한솔아이원스,114810,KRX,Buy,buy,한솔아이원스,16450.0,"16,450 원",8880.0,"9,650 원",85.2477,2022-05-12,8880.0,2026-09-07,13880.0,56.306306,up,1.126126,-10.923423,-20.608108,-10.135135,15.956558,174.320413,-118.014107,19900.0,124.099099,True,2025-11-05,1273,72.972973,2024-04-02,1579,veteran,,,,1,1,,
data/markdown/2022-05-12_equity-research-골프존-2.md,smic,company,modern,2022-05-12,2022-05-11,2022-05-12,KR,골프존,215000,KRX,Buy,buy,골프존,268300.0,"268,300 원",173300.0,"179,000 원",54.8182,2022-05-12,173300.0,2026-09-07,36350.0,-79.024812,down,-7.732256,-20.773226,-35.718407,-30.755915,-37.110727,174.320413,-253.345226,179400.0,3.519908,False,,,3.519908,2022-05-12,1579,veteran,,,,1,1,,
data/markdown/2022-05-12_equity-research-애니플러스.md,smic,company,modern,2022-05-12,2022-05-07,2022-05-12,KR,애니플러스,310200,KRX,Buy,buy,애니플러스,5310.0,"5,310 원",3840.0,"4,215 원",38.2812,2022-05-12,3840.0,2026-09-07,2020.0,-47.395833,down,-10.15625,-16.927083,-25.0,6.510417,-40.059347,174.320413,-221.716247,6430.0,67.447917,True,2023-02-01,265,39.0625,2023-02-01,1579,veteran,,,,1,2,,
data/markdown/star/2022-05-17_STAR_남해화학.md,star,company,modern,2022-05-17,2022-04-27,2022-05-17,KR,남해화학,025860,KOSPI,Buy,buy,남해화학,28100.0,"28,100",14000.0,"13,850",100.7143,2022-05-17,14000.0,2026-09-07,6250.0,-55.357143,down,-22.5,-27.857143,-35.642857,-37.857143,-6.156156,166.954786,-222.311929,14450.0,3.214286,False,,,3.214286,2022-05-17,1574,veteran,,,,1,1,,
data/markdown/star/2022-05-17_STAR_에스티팜.md,star,company,modern,2022-05-17,2022-04-27,2022-05-17,KR,에스티팜,237690,KOSDAQ,Buy,buy,에스티팜,132700.0,"132,700",94900.0,"94,500",39.8314,2022-05-17,94900.0,2026-09-07,91700.0,-3.37197,down,-6.111697,15.911486,-14.963119,-10.432034,-23.07047,-5.056699,1.684728,172100.0,81.348788,True,2025-12-15,1308,23.709168,2022-08-11,1574,veteran,,,,1,3,,
data/markdown/ewha/2022-05-18_[220518] 한세실업(105630).md,ewha,company,modern,2022-05-18,2022-05-18,2022-05-18,KR,한세실업,105630,KRX,Hold,soft_buy,한세실업,39900.0,"39,900원",25050.0,"25,050원",59.2814,2022-05-18,25050.0,2026-09-07,9140.0,-63.512974,down,-25.149701,-31.137725,-32.335329,-33.373253,-31.278195,166.391595,-229.904569,25350.0,1.197605,False,,,0.598802,2022-05-18,1573,veteran,,,,1,1,,
"data/markdown/yig/2025-11-10_씨에스윈드(112610, KS), 그래도 풍차는 돈다 (발간일 231007) YIG Research.md",yig,company,modern,2022-05-18,2022-05-18,2025-11-10,KR,씨에스윈드,112610,KOSPI,Buy,buy,씨에스윈드,79200.0,"79,200",48400.0,"48,750",63.6364,2022-05-18,48400.0,2026-09-07,49000.0,1.239669,up,5.785124,34.504132,44.421488,59.504132,17.788462,166.391595,-165.151925,89400.0,84.710744,True,2022-11-17,183,84.710744,2023-06-21,1573,veteran,,,,1,3,,
data/markdown/2022-05-25_equity-research-graftech-international-ltd.md,smic,company,modern,2022-05-25,2022-05-21,2022-05-25,US,GrafTech International Ltd.,EAF,NYSE,Buy,buy,EAF,,,84.259613,$ 8.25,,2022-05-25,84.259613,2026-09-04,6.305,-92.517174,down,-9.072085,-22.734822,-34.644546,-48.608009,-59.348809,94.529406,-187.046581,91.998159,9.18417,,,,9.18417,2022-06-02,1566,veteran,,missing_target_price,target_price_suspect,1,1,,
data/markdown/2022-05-25_equity-research-scorpio-tankers-inc.md,smic,company,modern,2022-05-25,2022-05-21,2022-05-25,US,Scorpio Tankers Inc.,STNG,NYSE,Buy,buy,STNG,44.66,$ 44.66,28.893858,$ 29.11,54.5657,2022-05-25,28.893858,2026-09-04,80.779999,179.574984,up,10.189849,27.765961,68.708582,50.43342,60.805583,94.529406,85.045578,86.862848,200.627379,True,2022-10-17,145,171.890228,2024-05-21,1566,veteran,,,,1,1,,
data/markdown/ewha/2022-05-28_[220528] JW중외제약(001060).md,ewha,company,modern,2022-05-28,2022-05-28,2022-05-28,KR,JW중외제약,001060,KRX,Buy,buy,JW중외제약,38300.0,"38,300원",24719.0,"25,950",54.9415,2022-05-30,24909.0,2026-09-07,27200.0,9.197479,up,-14.147497,-15.295676,-23.706291,-7.467181,6.666667,162.032993,-152.835514,51492.0,106.720462,True,2023-07-20,418,106.720462,2023-08-18,1563,veteran,,,,1,1,,
data/markdown/ewha/2022-05-28_[220528] 태경케미컬(006890).md,ewha,company,modern,2022-05-28,2022-05-28,2022-05-28,KR,태경케미컬,006890,KRX,Buy,buy,태경케미컬,21250.0,"21,250원",16200.0,,31.1728,2022-05-30,16400.0,2026-09-07,5150.0,-68.597561,down,-14.329268,-22.256098,-32.317073,-19.573171,-36.732187,162.032993,-230.630554,17550.0,7.012195,False,,,7.012195,2022-06-03,1563,veteran,,,ocr_fallback,1,1,,
data/markdown/star/2022-05-28_STAR_에스피지.md,star,company,modern,2022-05-28,2022-04-28,2022-05-28,KR,에스피지,058610,KOSDAQ,Buy,buy,에스피지,21100.0,"21,100",17550.0,"16,100",20.2279,2022-05-30,17650.0,2026-09-07,92700.0,425.212465,up,-13.314448,-10.481586,5.949008,75.92068,14.02214,-7.248093,432.460558,165700.0,838.810198,True,2022-09-15,110,153.824363,2023-09-11,1563,veteran,,,,1,1,,
data/markdown/star/2022-05-28_STAR_루트로닉.md,star,company,modern,2022-05-28,,2022-05-28,KR,루트로닉,085370,KOSDAQ,Buy,buy,루트로닉,28950.0,"28,950",23950.0,"22,100",20.8768,2022-05-30,23800.0,2023-10-26,36700.0,54.201681,up,-24.789916,-21.218487,-22.058824,11.134454,0.0,-16.085691,70.287372,37950.0,59.453782,True,2023-04-24,331,59.453782,2023-09-14,1563,veteran,,,,1,1,,
data/markdown/star/2022-05-28_STAR_맥쿼리인프라.md,star,company,modern,2022-05-28,2022-05-19,2022-05-28,KR,맥쿼리인프라,088980,KOSPI,Buy,buy,맥쿼리인프라,16500.0,"16,500",14143.0,"14,000",16.6655,2022-05-30,14143.0,2026-09-07,9910.0,-29.930001,down,-4.22824,-10.924132,-21.834123,-7.827194,-11.911111,162.032993,-191.962994,14192.0,0.346461,False,,,0.346461,2022-05-30,1563,veteran,,,,1,1,,
data/markdown/star/2022-05-28_STAR_우진.md,star,company,modern,2022-05-28,2022-05-12,2022-05-28,KR,우진,105840,KOSPI,Buy,buy,우진,19200.0,"19,200",12850.0,"13,450",49.4163,2022-05-30,12650.0,2026-09-07,13770.0,8.853755,up,1.976285,4.743083,-26.245059,-28.774704,-19.332162,162.032993,-153.179238,31700.0,150.592885,True,2025-10-16,1237,15.41502,2022-06-28,1563,veteran,,,,1,1,,
data/markdown/ewha/2022-05-28_[220528] HK이노엔(195940).md,ewha,company,modern,2022-05-28,2022-05-28,2022-05-28,KR,HK이노엔,195940,KRX,Buy,buy,HK이노엔,54312.0,"54,312원",43850.0,"43,850",23.8586,2022-05-30,43650.0,2026-09-07,40900.0,-6.300115,down,-10.423826,-8.247423,-12.714777,-24.054983,-17.03854,162.032993,-168.333108,58600.0,34.249714,True,2026-01-07,1320,10.767468,2022-06-02,1563,veteran,,,,1,2,,
"data/markdown/voera/undated_[BUY] 하이브, High View!.md",voera,company,modern,2022-05-28,2005-02-01,,KR,하이브,352820,KRX,Buy,buy,하이브,381500.0,"381,500원",218500.0,,74.5995,2022-05-30,228000.0,2026-09-07,180800.0,-20.701754,down,-33.333333,-23.026316,-37.280702,18.421053,-45.212121,162.032993,-182.734747,405500.0,77.850877,True,2026-01-23,1336,37.061404,2023-06-22,1563,veteran,,,ocr_fallback;date_cover_only,1,1,,
data/markdown/star/2022-05-28_STAR_암호화폐투자전략.md,star,company,modern,2022-05-28,2022-05-19,2022-05-28,KR,대덕전자,353200,KOSPI,Buy,buy,대덕전자,,,32500.0,,,2022-05-30,33500.0,2026-09-07,103600.0,209.253731,up,-19.402985,-14.477612,-28.358209,-29.104478,119.957537,162.032993,47.220738,198000.0,491.044776,,,,18.358209,2023-07-14,1563,veteran,,missing_target_price,,1,3,,
data/markdown/2022-06-08_equity-research-dl.md,smic,company,modern,2022-06-08,2022-06-03,2022-06-08,KR,DL,000210,KRX,Buy,buy,DL,102000.0,"102,000 원",67000.0,"68,000 원",52.2388,2022-06-08,67000.0,2026-09-07,53800.0,-19.701493,down,0.447761,-1.343284,1.343284,-29.701493,42.895086,166.37435,-186.075843,77700.0,15.970149,False,,,8.955224,2022-07-01,1552,veteran,,,,2,2,,
data/markdown/2022-06-08_equity-research-동아쏘시오홀딩스.md,smic,company,modern,2022-06-08,2022-06-02,2022-06-08,KR,동아쏘시오홀딩스,000640,KRX,Buy,buy,동아쏘시오홀딩스,155500.0,"155,500 원",100007.0,"107,000 원",55.4891,2022-06-08,100007.0,2026-09-07,92100.0,-7.906447,down,-3.302769,0.471967,-5.189637,-12.453128,-13.476443,166.37435,-174.280797,121887.0,21.878469,False,,,14.527983,2024-03-29,1552,veteran,,,,1,1,,
data/markdown/2022-06-08_equity-research-ls.md,smic,company,modern,2022-06-08,2022-06-03,2022-06-08,KR,LS,006260,KRX,Buy,buy,LS,163000.0,"163,000 원",68700.0,"66,700 원",137.2635,2022-06-08,68700.0,2026-09-07,316500.0,360.69869,up,-19.359534,-2.911208,2.620087,28.238719,58.329165,166.37435,194.32434,604000.0,779.184862,True,2024-05-17,709,183.551674,2024-05-21,1552,veteran,,,,1,1,,
data/markdown/2022-06-08_equity-research-영원무역홀딩스.md,smic,company,modern,2022-06-08,2022-06-02,2022-06-08,KR,영원무역홀딩스,009970,KRX,Buy,buy,영원무역홀딩스,85000.0,"85,000",57700.0,"57,700",47.3137,2022-06-08,57700.0,2026-09-07,170700.0,195.840555,up,-18.024263,-9.532062,1.906412,22.530329,-10.861619,166.37435,29.466204,262000.0,354.07279,True,2024-02-01,603,79.722704,2024-02-23,1552,veteran,,,,1,1,,
data/markdown/2022-06-08_equity-research-티와이홀딩스.md,smic,company,modern,2022-06-08,2022-06-03,2022-06-08,KR,티와이홀딩스,363280,KRX,Buy,buy,티와이홀딩스,38100.0,"38,100원",25000.0,"25,300원",52.4,2022-06-08,25000.0,2026-09-07,2025.0,-91.9,down,-26.4,-37.2,-51.6,-59.08,-26.094891,166.37435,-258.27435,25200.0,0.8,False,,,0.8,2022-06-08,1552,veteran,,,,1,1,,
"data/markdown/voera/undated_[BUY] 한국조선해양, 안 사고.md",voera,company,modern,2022-07-29,2022-07-29,,KR,HD한국조선해양,009540,KRX,Buy,buy,HD한국조선해양,120000.0,"120,000,",84700.0,,41.6765,2022-07-29,84700.0,2026-09-07,351500.0,314.994097,up,16.646989,-15.466352,-10.035419,46.044864,-13.636364,185.351417,129.642679,494500.0,483.825266,True,2023-06-21,327,139.669421,2024-07-26,1501,veteran,,,ocr_fallback;date_cover_only,1,1,,
data/markdown/ewha/2022-08-12_[220812] 키다리스튜디오(020120).md,ewha,company,modern,2022-08-12,2022-08-12,2022-08-12,KR,키다리스튜디오,020120,KRX,Buy,buy,키다리스튜디오,17000.0,"17,000원",10150.0,"10,150원",67.4877,2022-08-12,10150.0,2026-09-07,7030.0,-30.738916,down,-19.310345,-34.187192,-3.940887,-41.674877,107.069219,176.722944,-207.461861,11800.0,16.256158,False,,,16.256158,2022-12-19,1487,veteran,,,,1,1,,
data/markdown/ewha/2022-08-13_[220813] 성광벤드(014620).md,ewha,company,modern,2022-08-13,2022-08-13,2022-08-13,KR,성광벤드,014620,KRX,Buy,buy,성광벤드,17800.0,"17,800원",14550.0,"14,550 원",22.3368,2022-08-16,14550.0,2026-09-07,31300.0,115.120275,up,13.745704,2.061856,-13.195876,7.147766,21.553398,176.113471,-60.993196,53300.0,266.323024,True,2024-11-22,832,21.305842,2022-09-01,1486,veteran,,,,1,1,,
data/markdown/ewha/2022-08-13_[220813] JYP Ent.(035900).md,ewha,company,modern,2022-08-13,2022-08-13,2022-08-13,KR,JYP Ent.,035900,KRX,Buy,buy,JYP Ent.,75100.0,"75,100원",59000.0,"59,000 원",27.2881,2022-08-16,61200.0,2026-09-07,39500.0,-35.457516,down,2.941176,-7.189542,18.627451,111.928105,-45.592287,176.113471,-211.570987,146600.0,139.542484,True,2023-02-10,181,139.542484,2023-07-25,1486,veteran,,,,1,1,,
data/markdown/ewha/2022-08-13_[220813] 한미약품(128940).md,ewha,company,modern,2022-08-13,2022-08-13,2022-08-13,KR,한미약품,128940,KRX,Buy,buy,한미약품,425000.0,"425,000원",305446.0,"317,000원",39.1408,2022-08-16,303037.0,2026-09-07,475500.0,56.911532,up,-3.974762,-16.216172,-10.154866,6.519006,5.199115,176.113471,-119.201938,647000.0,113.505282,True,2025-10-27,1171,24.407251,2024-01-03,1486,veteran,,,,1,2,,
data/markdown/ewha/2022-08-13_[220813] 에코프로비엠(247540).md,ewha,company,modern,2022-08-13,2022-08-13,2022-08-13,KR,에코프로비엠,247540,KRX,Buy,buy,에코프로비엠,181600.0,"181,600원",118500.0,"118,500원",53.2489,2022-08-16,118100.0,2026-09-07,106700.0,-9.652837,down,-8.552075,-6.35055,10.668925,173.920406,-27.216917,176.113471,-185.766307,584000.0,394.49619,True,2023-03-03,202,394.49619,2023-07-26,1486,veteran,,,,1,1,,
data/markdown/ewha/2022-08-13_[220813] 오리온(271560).md,ewha,company,modern,2022-08-13,2022-08-13,2022-08-13,KR,오리온,271560,KRX,Buy,buy,오리온,161500.0,"161,500원",104500.0,,54.5455,2022-08-16,105500.0,2026-09-07,123000.0,16.587678,up,-8.246445,-2.369668,14.218009,12.606635,16.367077,176.113471,-159.525793,150100.0,42.274882,False,,,40.379147,2023-05-09,1486,veteran,,,ocr_fallback,1,1,,
data/markdown/ewha/2022-08-13_[220813] 엘앤씨바이오(290650).md,ewha,company,modern,2022-08-13,2022-08-13,2022-08-13,KR,엘앤씨바이오,290650,KRX,Buy,buy,엘앤씨바이오,38250.0,"38,250",28300.0,"28,300",35.159,2022-08-16,28150.0,2026-09-07,46850.0,66.42984,up,-13.499112,-3.374778,-20.248668,38.543517,-23.322422,176.113471,-109.68363,125000.0,344.049734,True,2023-07-20,341,48.134991,2023-07-24,1486,veteran,,,,1,2,,
data/markdown/star/2022-08-16_STAR_명신산업.md,star,company,modern,2022-08-16,,2022-08-16,KR,명신산업,009900,KOSPI,Buy,buy,명신산업,26760.0,"26,760원",22050.0,,21.3605,2022-08-16,22050.0,2026-09-07,8610.0,-60.952381,down,9.070295,-16.326531,-17.142857,-13.151927,-4.013378,176.113471,-237.065852,25700.0,16.553288,False,,,16.553288,2023-07-04,1483,veteran,,,,1,1,,
data/markdown/star/2022-08-16_STAR_LS ELECTRIC.md,star,company,modern,2022-08-16,2022-06-22,2022-08-16,KR,LS ELECTRIC,010120,KOSPI,Buy,buy,LS ELECTRIC,15325.3846,"68,700",11600.0,"52,000",32.1154,2022-08-16,11600.0,2026-09-07,207000.0,1684.482759,up,-5.689655,-7.758621,-15.258621,73.448276,125.0,176.113471,1508.369288,335000.0,2787.931034,True,2023-06-26,314,373.275862,2024-07-24,1483,veteran,,,target_split_adjusted,1,1,,
data/markdown/star/2022-08-16_STAR_코웰패션.md,star,company,modern,2022-08-16,2022-07-20,2022-08-16,KR,로젠,033290,KOSDAQ,Buy,buy,로젠,8370.0,"8,370",5697.0,"6,430",46.9194,2022-08-16,5697.0,2026-09-07,1525.0,-73.231525,down,-8.969633,-18.536072,-29.225908,-25.715289,-29.234339,-1.503462,-71.728063,11003.0,93.136739,True,2023-11-29,470,93.136739,2023-12-05,1483,veteran,,,,1,1,,
data/markdown/star/2022-08-16_STAR_제이브이엠.md,star,company,modern,2022-08-16,2022-08-03,2022-08-16,KR,제이브이엠,054950,KOSDAQ,Buy,buy,제이브이엠,26320.0,"26,320",21300.0,"21,450",23.5681,2022-08-16,21300.0,2026-09-07,23400.0,9.859155,up,5.164319,-20.187793,-7.370892,42.018779,-9.477756,-1.503462,11.362617,39850.0,87.089202,True,2023-06-12,300,87.089202,2023-07-24,1483,veteran,,,,1,1,,
data/markdown/star/2022-08-16_STAR_씨티씨바이오.md,star,company,modern,2022-08-16,2022-08-03,2022-08-16,KR,씨티씨바이오,060590,KOSDAQ,Buy,buy,씨티씨바이오,19150.0,"19,150",8660.0,"8,110",121.1316,2022-08-16,8660.0,2026-09-07,3130.0,-63.856813,down,-7.621247,-16.859122,-3.34873,27.020785,-32.324324,-1.503462,-62.353351,15900.0,83.602771,False,,,83.602771,2023-08-22,1483,veteran,,,,1,1,,
data/markdown/star/2022-08-16_STAR_씨에스윈드.md,star,company,modern,2022-08-16,2022-07-21,2022-08-16,KR,씨에스윈드,112610,KOSPI,Buy,buy,씨에스윈드,66210.0,"66,210",65100.0,"47,900",1.7051,2022-08-16,65100.0,2026-09-07,49000.0,-24.731183,down,-4.915515,7.373272,10.906298,0.460829,17.788462,176.113471,-200.844653,89400.0,37.327189,True,2022-08-19,3,37.327189,2023-06-21,1483,veteran,,,,1,3,,
data/markdown/ewha/2022-09-07_[220907] TKG휴켐스(069260).md,ewha,company,modern,2022-09-07,2022-09-07,2022-09-07,KR,TKG휴켐스,069260,KRX,Buy,buy,TKG휴켐스,28188.0,"28,188원",22700.0,"22,700",24.1762,2022-09-07,22700.0,2026-09-07,16460.0,-27.488987,down,-12.334802,-6.828194,-12.599119,-5.947137,-13.093981,194.361782,-221.850769,24200.0,6.60793,False,,,6.60793,2023-04-19,1461,veteran,,,,1,1,,
data/markdown/ewha/2022-09-07_[220907] 대웅제약(069620).md,ewha,company,modern,2022-09-07,2022-09-07,2022-09-07,KR,대웅제약,069620,KRX,Buy,buy,대웅제약,225000.0,"225,000원",164000.0,"164,000",37.1951,2022-09-07,164000.0,2026-09-07,116600.0,-28.902439,down,-6.097561,-7.317073,-29.268293,-37.682927,-32.327336,194.361782,-223.264221,199400.0,21.585366,False,,,7.012195,2022-09-15,1461,veteran,,,,1,2,,
data/markdown/ewha/2022-09-07_[220907] 삼강엠앤티(100090).md,ewha,company,modern,2022-09-07,2022-09-07,2022-09-07,KR,SK오션플랜트,100090,KRX,Buy,buy,SK오션플랜트,38850.0,"38,850원",26050.0,"26,050원",49.1363,2022-09-07,26050.0,2026-09-07,13190.0,-49.366603,down,-16.698656,-16.698656,-22.840691,-20.921305,-34.864198,194.361782,-243.728384,31600.0,21.305182,False,,,4.414587,2022-09-15,1461,veteran,,,,1,2,,
"data/markdown/voera/undated_[Buy] 아난티, AN ANTI-fragile.md",voera,company,modern,2022-09-28,2022-09-28,,KR,아난티,025980,KOSDAQ,Buy,buy,아난티,10630.0,"10,630원",5650.0,,88.1416,2022-09-28,5650.0,2026-09-07,5470.0,-3.185841,down,-7.610619,20.0,14.690265,30.442478,-29.871795,22.01018,-25.196021,11850.0,109.734513,True,2025-06-13,989,64.424779,2023-08-11,1440,veteran,,,ocr_fallback;date_cover_only,1,1,,
data/markdown/ewha/2022-10-07_[221007] 코엔텍(029960).md,ewha,company,modern,2022-10-07,2021-09-30,2022-10-07,KR,코엔텍,029960,KRX,Buy,buy,코엔텍,,,8060.0,,40.32,2022-10-07,8060.0,2025-06-13,8940.0,10.918114,up,-1.488834,-12.903226,-11.414392,-12.034739,0.0,29.638487,-18.720373,9080.0,12.655087,,,,3.225806,2022-12-01,1431,veteran,,missing_target_price,ocr_fallback;ocr_inconsistent_prices,1,1,,
data/markdown/ewha/2022-10-07_[221007] 현대일렉트릭(267260).md,ewha,company,modern,2022-10-07,2022-10-07,2022-10-07,KR,HD현대일렉트릭,267260,KRX,Buy,buy,HD현대일렉트릭,44250.0,"44,250원",33000.0,"33,000",34.0909,2022-10-07,33000.0,2026-09-07,763000.0,2212.121212,up,16.363636,13.636364,21.363636,100.30303,-1.421189,213.295624,1998.825589,1430000.0,4233.333333,True,2022-11-25,49,1034.848485,2024-07-24,1431,veteran,,,,1,1,,
data/markdown/ewha/2022-10-07_[221007] 아모그린텍(125210).md,ewha,company,modern,2022-10-08,2022-10-08,2022-10-07,KR,아모그린텍,125210,KRX,Buy,buy,아모그린텍,20350.0,"20,350원",15200.0,"15,200원",33.8816,2022-10-11,14350.0,2026-09-07,5560.0,-61.254355,down,6.620209,-10.452962,3.205575,-18.327526,-8.401977,219.122565,-280.37692,21550.0,50.174216,True,2023-05-08,212,50.174216,2023-05-08,1430,veteran,,,,1,1,,
data/markdown/ewha/2022-10-07_[221007] 한국타이어앤테크놀로지(161390).md,ewha,company,modern,2022-10-08,2022-10-08,2022-10-07,KR,한국타이어앤테크놀로지,161390,KRX,Buy,buy,한국타이어앤테크놀로지,47000.0,"47,000원",35750.0,"35,750",31.4685,2022-10-11,34950.0,2026-09-07,65400.0,87.124464,up,-0.858369,-10.157368,-5.293276,8.297568,12.178388,219.122565,-131.998101,78400.0,124.320458,True,2023-12-05,423,81.11588,2024-04-16,1430,veteran,,,,1,1,,
data/markdown/2022-10-13_equity-research-아프리카tv.md,smic,company,modern,2022-10-13,2022-10-07,2022-10-13,KR,SOOP,067160,KRX,Buy,buy,SOOP,101500.0,"101,500 원",71300.0,"75,500 원",42.3562,2022-10-13,71300.0,2026-09-07,38250.0,-46.353436,down,30.434783,8.274895,11.921459,5.329593,-43.584071,223.430904,-269.78434,143800.0,101.683029,True,2024-01-08,452,101.683029,2024-07-11,1425,veteran,,,,2,3,,
data/markdown/2022-10-13_equity-research-나스미디어.md,smic,company,modern,2022-10-13,2022-10-08,2022-10-13,KR,KT나스미디어,089600,KRX,Buy,buy,KT나스미디어,45500.0,"45,500 원",28444.0,"29,550 원",59.9634,2022-10-13,28444.0,2026-09-07,12860.0,-54.788356,down,-7.692308,-13.865842,-18.61201,-34.397412,-1.00077,223.430904,-278.21926,32272.0,13.458023,False,,,13.458023,2022-10-24,1425,veteran,,,,1,1,,
data/markdown/2022-10-13_equity-research-바이오플러스.md,smic,company,modern,2022-10-13,2022-10-08,2022-10-13,KR,바이오플러스,099430,KRX,Buy,buy,바이오플러스,9149.0515,"42,900",6206.0,"29,100 원",47.4227,2022-10-13,6206.0,2026-09-07,3390.0,-45.375443,down,16.532388,17.628102,10.538189,10.377054,-32.604374,223.430904,-268.806347,9450.0,52.271995,True,2022-11-23,41,52.271995,2022-11-23,1425,veteran,,,target_split_adjusted,1,1,,
data/markdown/2022-10-13_equity-research-아이씨에이치.md,smic,company,modern,2022-10-13,2022-10-07,2022-10-13,KR,아이씨에이치,368600,KRX,Buy,buy,아이씨에이치,31100.0,"31,100",8141.0,"26,300",282.017,2022-10-13,8141.0,2026-09-07,994.0,-87.790198,down,-23.129837,-23.793146,-21.471564,-47.598575,-16.118143,223.430904,-311.221102,9116.0,11.976416,False,,,11.976416,2022-10-17,1425,veteran,,,,1,1,,
data/markdown/2022-10-13_equity-research-hpsp.md,smic,company,modern,2022-10-13,2022-10-08,2022-10-13,KR,HPSP,403870,KRX,Buy,buy,HPSP,19911.913,"89,100 원",12850.0,"57,500 원",54.9565,2022-10-13,12850.0,2026-09-07,53300.0,314.785992,up,32.101167,3.891051,73.151751,173.929961,59.104478,223.430904,91.355088,92000.0,615.953307,True,2023-03-17,155,397.276265,2024-02-15,1425,veteran,,,target_split_adjusted,1,1,,
data/markdown/star/2022-10-31_STAR_코엔텍.md,star,company,modern,2022-10-31,2022-09-15,2022-10-31,KR,코엔텍,029960,KOSDAQ,Buy,buy,코엔텍,11320.0,"11,320",7720.0,"8,930",46.6321,2022-10-31,7720.0,2025-06-13,8940.0,15.803109,up,3.626943,-5.829016,-8.419689,-6.735751,0.0,10.574835,5.228274,9080.0,17.61658,False,,,7.772021,2022-12-01,1407,veteran,,,,1,1,,
data/markdown/star/2022-10-31_STAR_비나텍.md,star,company,modern,2022-10-31,,2022-10-31,KR,비나텍,126340,KOSDAQ,Buy,buy,비나텍,65400.0,"65,400원",37419.0,,74.7775,2022-10-31,37419.0,2026-09-07,64200.0,71.570592,up,7.226275,-0.916647,64.352334,-4.583233,-10.709318,18.244575,53.326018,204500.0,446.513803,True,2023-04-12,163,110.935621,2023-04-24,1407,veteran,,,,1,1,,
data/markdown/star/2022-10-31_STAR_하이비젼시스템.md,star,company,modern,2022-10-31,,2022-10-31,KR,하이비젼시스템,126700,KOSDAQ,Buy,buy,하이비젼시스템,31420.0,"31,420원",15250.0,,106.0328,2022-10-31,15250.0,2026-09-07,11340.0,-25.639344,down,18.032787,30.885246,15.672131,21.245902,-28.813559,18.244575,-43.883919,29900.0,96.065574,False,,,96.065574,2024-06-19,1407,veteran,,,,1,1,,
data/markdown/star/2022-10-31_STAR_삼양패키징.md,star,company,modern,2022-10-31,2021-09-01,2022-10-31,KR,삼양패키징,272550,KOSPI,Buy,buy,삼양패키징,25800.0,"25,800",15900.0,"19,300",62.2642,2022-10-31,15900.0,2026-09-07,9850.0,-38.050314,down,10.691824,16.792453,10.503145,-5.157233,-27.626745,204.994746,-243.045061,19700.0,23.899371,False,,,23.899371,2024-08-02,1407,veteran,,,,1,1,,
data/markdown/star/2022-10-31_STAR_효성첨단소재.md,star,company,modern,2022-10-31,2022-09-15,2022-10-31,KR,HS효성첨단소재,298050,KOSPI,Buy,buy,HS효성첨단소재,616000.0,"616,000",319000.0,"418,500",93.1034,2022-10-31,319000.0,2026-09-07,172000.0,-46.081505,down,23.354232,20.376176,21.786834,11.912226,-5.286344,204.994746,-251.076251,510000.0,59.874608,False,,,59.874608,2023-06-26,1407,veteran,,,,1,1,,
"data/markdown/yig/2025-11-10_제이시스메디칼 (287410, KQ), 뱀에서 이무기로 (발간일 231125) YIG Research.md",yig,company,modern,2022-11-09,2022-11-09,2025-11-10,KR,제이시스메디칼,287410,KOSDAQ,Buy,buy,제이시스메디칼,15100.0,"15,100",7250.0,"11,910",108.2759,2022-11-09,7250.0,2024-11-06,12900.0,77.931034,up,20.137931,27.310345,17.931034,72.965517,0.0,4.017632,73.913402,14500.0,100.0,False,,,100.0,2023-08-24,1398,veteran,,,,1,1,,
data/markdown/2022-11-13_equity-research-이수페타시스-2.md,smic,company,modern,2022-11-13,2022-11-05,2022-11-13,KR,이수페타시스,007660,KRX,Buy,buy,이수페타시스,7600.0,"7,600 원",5737.0,"5,480 원",32.4734,2022-11-14,5572.0,2026-09-07,111900.0,1908.255564,up,6.460876,34.206748,59.350323,338.944724,-6.124161,182.681995,1725.573568,164400.0,2850.466619,True,2023-01-31,79,941.977746,2024-07-03,1394,veteran,,,,2,2,,
data/markdown/2022-11-13_equity-research-s-oil-3.md,smic,company,modern,2022-11-13,2022-11-05,2022-11-13,KR,S-Oil,010950,KRX,Buy,buy,S-Oil,122500.0,"122,500 원",89600.0,"91,800 원",36.7188,2022-11-14,89800.0,2026-09-07,157600.0,75.501114,up,-1.447661,-4.120267,-20.489978,-24.944321,89.879518,182.681995,-107.180882,177100.0,97.216036,True,2026-03-03,1206,2.449889,2023-01-27,1394,veteran,,,,3,4,,
data/markdown/2022-11-13_equity-research-이랜텍.md,smic,company,modern,2022-11-13,2022-11-04,2022-11-13,KR,이랜텍,054210,KRX,Buy,buy,이랜텍,17500.0,"17,500 원",12450.0,"12,250 원",40.5622,2022-11-14,12500.0,2026-09-07,7000.0,-44.0,down,-7.2,18.0,-3.12,-29.76,-22.907489,182.681995,-226.681995,16130.0,29.04,False,,,29.04,2023-01-30,1394,veteran,,,,1,1,,
data/markdown/2022-11-13_equity-research-우리금융지주.md,smic,company,modern,2022-11-13,2022-11-04,2022-11-13,KR,우리금융지주,316140,KRX,Buy,buy,우리금융지주,14700.0,"14,700 원",11950.0,"11,450 원",23.0126,2022-11-14,11900.0,2026-09-07,34200.0,187.394958,up,7.983193,6.302521,-1.260504,4.201681,22.142857,182.681995,4.712963,41500.0,248.739496,True,2024-02-02,446,43.697479,2024-10-25,1394,veteran,,,,1,1,,
data/markdown/2022-11-13_equity-research-현대에너지솔루션.md,smic,company,modern,2022-11-13,2022-11-04,2022-11-13,KR,HD현대에너지솔루션,322000,KRX,Buy,buy,HD현대에너지솔루션,82700.0,"82,700 원",59900.0,"56,600 원",38.0634,2022-11-14,61000.0,2026-09-07,137500.0,125.409836,up,-7.868852,-13.770492,-35.819672,-63.278689,151.371115,182.681995,-57.272159,256000.0,319.672131,True,2026-02-05,1180,12.95082,2022-11-28,1394,veteran,,,,1,1,,
data/markdown/kuvic/2022-11-24_씨에스윈드 - 나의 꿈은 맑은 바람이 되어서.md,kuvic,company,modern,2022-11-24,2022-11-24,2022-11-24,KR,씨에스윈드,112610,KOSPI,Buy,buy,씨에스윈드,113000.0,"113,000원",79100.0,"79,100원",42.8571,2022-11-24,79100.0,2026-09-07,49000.0,-38.053097,down,-11.757269,-17.319848,-0.884956,-34.386852,17.788462,186.540124,-224.593221,89400.0,13.021492,False,,,13.021492,2023-06-21,1383,veteran,,,,1,2,,
data/markdown/ewha/2022-11-25_[221125] 엘앤에프(066970).md,ewha,company,modern,2022-11-25,2022-11-25,2022-11-25,KR,엘앤에프,066970,KRX,Buy,buy,엘앤에프,261600.0,"261,600원",213500.0,"213,500",22.5293,2022-11-25,213500.0,2026-09-07,114500.0,-46.370023,down,-14.332553,6.323185,22.482436,-32.412178,20.273109,186.947979,-233.318002,349500.0,63.700234,True,2023-02-28,95,63.700234,2023-04-03,1382,veteran,,,,1,2,,
data/markdown/ewha/2022-11-25_[221125] 대보마그네틱(290670).md,ewha,company,modern,2022-11-25,2022-11-25,2022-11-25,KR,대보마그네틱,290670,KRX,Buy,buy,대보마그네틱,107100.0,"107,100원",79800.0,"79,800",34.2105,2022-11-25,79800.0,2026-09-07,5690.0,-92.869674,down,-17.16792,-26.065163,-20.927318,-62.844612,-55.372549,186.947979,-279.817653,96200.0,20.551378,False,,,20.551378,2023-03-22,1382,veteran,,,,1,1,,
data/markdown/2022-11-25_equity-research-arista-networks.md,smic,company,modern,2022-11-25,2022-11-19,2022-11-25,US,Arista Networks,ANET,NYSE,Buy,buy,ANET,,,33.939999,,,2022-11-25,33.939999,2026-09-04,196.241501,478.201263,up,-11.778137,0.795523,4.021808,60.864767,49.768376,92.239664,385.961599,214.889999,533.146753,,,,218.186519,2024-11-07,1382,veteran,,missing_target_price,target_price_suspect,1,1,,
data/markdown/2022-11-25_equity-research-mp-materials.md,smic,company,modern,2022-11-25,2022-11-18,2022-11-25,US,MP Materials Corp.,MP,NYSE,Buy,buy,MP,51.4,$ 51.40,33.27,$ 32.47,54.4935,2022-11-25,33.27,2026-09-04,55.414398,66.559656,up,-24.797114,-5.079653,-33.273218,-51.577997,9.68804,92.239664,-25.680009,100.250999,201.325513,True,2025-07-15,963,10.21941,2023-03-01,1382,veteran,,,,1,1,,
data/markdown/2022-11-25_equity-research-noble-corporation-plc.md,smic,company,modern,2022-11-25,2022-11-18,2022-11-25,US,Noble Corporation Plc.,NE,NYSE,Buy,buy,NE,47.16,$ 47.16,31.130276,$ 38.26,51.4924,2022-11-25,31.130276,2026-09-04,45.439999,45.967222,up,4.087792,4.362134,9.711927,25.198358,64.450237,92.239664,-46.272443,54.390717,74.719678,True,2023-09-05,284,52.709541,2023-09-05,1382,veteran,,,,1,1,,
data/markdown/2022-11-25_equity-research-wolfspeed.md,smic,company,modern,2022-11-25,2022-11-18,2022-11-25,US,Wolfspeed,WOLF,NYSE,Buy,buy,WOLF,109.68,$ 109.68,88.06,$ 88.06,24.6,2025-09-29,22.1,2026-09-04,28.35,28.280542,up,,,,,62.837453,16.192101,12.088442,80.82,265.70135,False,,,265.70135,2026-05-22,1382,veteran,,,,1,1,,
data/markdown/ewha/2022-11-25_[221125] 코스모화학(005420).md,ewha,company,modern,2022-11-26,2022-11-26,2022-11-25,KR,코스모화학,005420,KRX,Buy,buy,코스모화학,35100.0,"35,100원",23221.0,"23,600",51.1563,2022-11-28,22680.0,2026-09-07,10360.0,-54.320988,down,-7.160494,60.520282,117.786596,60.493827,-27.804878,190.47366,-244.794647,93082.0,310.414462,True,2023-02-17,83,310.414462,2023-04-10,1381,veteran,,,,1,1,,
data/markdown/ewha/2022-11-27_[221127] 케이카(381970).md,ewha,company,modern,2022-11-27,2022-11-27,2022-11-27,KR,케이카,381970,KRX,Buy,buy,케이카,20100.0,"20,100원",12950.0,,55.2124,2022-11-28,13050.0,2026-09-07,6290.0,-51.800766,down,-3.065134,-6.590038,0.229885,-18.007663,-60.761073,190.47366,-242.274426,17210.0,31.877395,False,,,29.885057,2023-04-12,1380,veteran,,,ocr_fallback,1,1,,
data/markdown/2022-12-08_equity-research-포스코홀딩스.md,smic,company,modern,2022-12-08,2022-12-02,2022-12-08,KR,POSCO홀딩스,005490,KRX,Buy,buy,POSCO홀딩스,365000.0,"365,000 원",286500.0,"295,000 원",27.3997,2022-12-08,286500.0,2026-09-07,335500.0,17.102967,up,-0.17452,14.834206,35.253054,64.572426,10.0,195.029691,-177.926724,764000.0,166.666667,True,2023-03-31,113,166.666667,2023-07-26,1369,veteran,,,,1,1,,
data/markdown/2022-12-08_equity-research-삼성엔지니어링.md,smic,company,modern,2022-12-08,2022-12-03,2022-12-08,KR,삼성E&A,028050,KRX,Buy,buy,삼성E&A,33800.0,"33,800 원",23150.0,"23,700 원",46.0043,2022-12-08,23150.0,2026-09-07,48000.0,107.343413,up,1.943844,17.062635,26.781857,9.287257,99.5842,195.029691,-87.686279,67300.0,190.712743,True,2023-07-12,216,63.282937,2023-08-02,1369,veteran,,,,1,1,,
data/markdown/2022-12-08_equity-research-한국항공우주.md,smic,company,modern,2022-12-08,2022-12-03,2022-12-08,KR,한국항공우주,047810,KRX,Buy,buy,한국항공우주,67000.0,"67,000 원",46150.0,"47,000 원",45.1788,2022-12-08,46150.0,2026-09-07,129400.0,180.390033,up,-4.333694,-3.900325,15.059588,1.950163,13.111888,195.029691,-14.639659,215500.0,366.95558,True,2024-11-11,704,52.979415,2024-11-14,1369,veteran,,,,2,2,,
data/markdown/2022-12-08_equity-research-셀트리온-3.md,smic,company,modern,2022-12-08,2022-12-03,2022-12-08,KR,셀트리온,068270,KRX,Buy,buy,셀트리온,222000.0,"222,000 원",149082.0,"174,000 원",48.9113,2022-12-08,149082.0,2026-09-07,186300.0,24.964784,up,-3.833461,-9.244577,1.283186,-1.363679,7.985602,195.029691,-170.064907,239244.0,60.478126,True,2026-02-09,1159,41.750849,2024-01-02,1369,veteran,,,,3,3,,
data/markdown/2022-12-08_equity-research-snt에너지.md,smic,company,modern,2022-12-08,2022-12-02,2022-12-08,KR,SNT에너지,100840,KRX,Buy,buy,SNT에너지,11361.5536,"35,500 원",7313.0,"22,850 원",55.3611,2022-12-08,7313.0,2026-09-07,37600.0,414.152878,up,-7.438808,-3.719404,11.910297,4.471489,2.73224,195.029691,219.123187,67900.0,828.483522,True,2023-10-23,319,171.84466,2024-11-22,1369,veteran,,,target_split_adjusted,1,1,,
data/markdown/voera/undated_[BUY] 휴~휴~ 불면은 수출길 뚫리는 휴젤.md,voera,company,modern,2023-01-02,2023-01-02,,KR,휴젤,145020,KRX,Buy,buy,휴젤,387000.0,"387,000원",134400.0,,187.9464,2023-01-02,134400.0,2026-09-07,243000.0,80.803571,up,8.482143,-4.83631,-18.154762,13.690476,5.422993,214.304906,-133.501335,392000.0,191.666667,True,2025-06-18,898,142.559524,2024-11-07,1344,veteran,,,date_cover_only,1,1,,
data/markdown/ewha/2023-02-08_[230208] 에스엠(041510).md,ewha,company,modern,2023-02-08,2023-02-08,2023-02-08,KR,에스엠,041510,KRX,Buy,buy,에스엠,135600.0,"135,600원",98700.0,"90,100원",37.386,2023-02-08,98700.0,2026-09-07,79900.0,-19.047619,down,49.746707,4.761905,40.8308,-26.038501,-40.814815,181.658775,-200.706394,161200.0,63.323202,True,2023-03-07,27,63.323202,2023-03-08,1307,veteran,,,,1,1,,
data/markdown/ewha/2023-02-08_[230208] 파마리서치(214450).md,ewha,company,modern,2023-02-08,2023-02-08,2023-02-08,KR,파마리서치,214450,KRX,Buy,buy,파마리서치,107000.0,"107,000원",76400.0,"77,300 원",40.0524,2023-02-08,76400.0,2026-09-07,376500.0,392.801047,up,-5.890052,31.151832,81.544503,35.209424,-6.575682,181.658775,211.142272,713000.0,833.246073,True,2023-04-19,70,257.984293,2025-01-02,1307,veteran,,,,1,2,,
data/markdown/ewha/2023-02-08_[230208] 원텍(336570).md,ewha,company,modern,2023-02-08,2023-02-08,2023-02-08,KR,원텍,336570,KRX,Buy,buy,원텍,6200.0,"6,200원",4885.0,"4,770",26.9191,2023-02-08,4885.0,2026-09-07,5050.0,3.377687,up,21.801433,59.058342,155.885363,58.444217,-34.83871,181.658775,-178.281088,15110.0,209.314227,True,2023-02-27,19,209.314227,2023-08-31,1307,veteran,,,,1,1,,
data/markdown/ewha/2023-02-08_[230208] 하이브(352820).md,ewha,company,modern,2023-02-08,2023-02-08,2023-02-08,KR,하이브,352820,KRX,Buy,buy,하이브,229500.0,"229,500원",197600.0,"189,500",16.1437,2023-02-08,197600.0,2026-09-07,180800.0,-8.502024,down,-7.034413,40.435223,38.917004,1.214575,-45.212121,181.658775,-190.160799,405500.0,105.212551,True,2023-04-12,63,58.147773,2023-06-22,1307,veteran,,,,1,1,,
data/markdown/ewha/2023-02-11_[230211] 월덱스(101160).md,ewha,company,modern,2023-02-11,2023-02-11,2023-02-11,KR,월덱스,101160,KRX,Buy,buy,월덱스,31050.0,"31,050원",20550.0,"20,550",51.0949,2023-02-13,20200.0,2026-09-07,30200.0,49.50495,up,2.970297,4.950495,20.049505,18.069307,40.139211,185.211807,-135.706857,35400.0,75.247525,True,2026-02-25,1110,47.524752,2023-09-15,1304,veteran,,,,1,1,,
data/markdown/ewha/2023-02-11_[230211] 인터로조(119610).md,ewha,company,modern,2023-02-11,2023-02-11,2023-02-11,KR,인터로조,119610,KRX,Buy,buy,인터로조,40400.0,"40,400원",21325.0,,89.449,2023-02-13,21614.0,2026-09-07,14150.0,-34.533173,down,-0.670861,24.248172,11.705376,6.856667,-11.617739,185.211807,-219.74498,28083.0,29.929675,False,,,29.929675,2023-05-18,1304,veteran,,,ocr_fallback,1,1,,
data/markdown/ewha/2023-02-11_[230211] 케이엔제이(272110).md,ewha,company,modern,2023-02-11,2023-02-11,2023-02-11,KR,케이엔제이,272110,KRX,Buy,buy,케이엔제이,18100.0,"18,100원",14720.0,"14,720",22.962,2023-02-13,14750.0,2026-09-07,24750.0,67.79661,up,14.508475,21.084746,41.355932,15.254237,14.583333,185.211807,-117.415197,44600.0,202.372881,True,2023-03-17,34,84.067797,2023-07-05,1304,veteran,,,,1,1,,
data/markdown/ewha/2023-02-13_[230213] 현대글로비스(086280).md,ewha,company,modern,2023-02-13,2022-08-13,2023-02-13,KR,현대글로비스,086280,KRX,Buy,buy,현대글로비스,250000.0,"250,000원",81032.0,"190,000",208.5201,2023-02-13,81032.0,2026-09-07,210000.0,159.156876,up,-6.852848,1.172376,5.122668,11.78917,16.27907,185.211807,-26.054931,296000.0,265.287788,True,2026-01-12,1064,86.346135,2025-01-31,1302,veteran,,,,1,1,,
data/markdown/star/2023-02-14_STAR_삼성엔지니어링.md,star,company,modern,2023-02-14,2022-11-03,2023-02-14,KR,삼성E&A,028050,KOSPI,Buy,buy,삼성E&A,35250.0,"35,250",27200.0,"24,350",29.5956,2023-02-14,27200.0,2026-09-07,48000.0,76.470588,up,8.455882,7.536765,36.764706,-13.419118,99.5842,183.714979,-107.24439,67300.0,147.426471,True,2023-07-28,164,38.970588,2023-08-02,1301,veteran,,,,1,2,,
data/markdown/star/2023-02-14_STAR_다올투자증권.md,star,company,modern,2023-02-14,,2023-02-14,KR,다올투자증권,030210,KOSPI,Sell,sell,다올투자증권,2296.0,"2,296원",4195.0,,-45.2682,2023-02-14,4195.0,2026-09-07,3895.0,-7.151371,down,12.15733,-3.337306,-8.581645,-14.421931,10.968661,183.714979,-190.866349,6240.0,48.74851,True,2023-02-15,1,48.74851,2023-04-07,1301,veteran,,,,1,1,,
data/markdown/star/2023-02-14_STAR_슈피겐코리아.md,star,company,modern,2023-02-14,2022-11-03,2023-02-14,KR,슈피겐코리아,192440,KOSDAQ,Buy,buy,슈피겐코리아,72740.0,"72,740",34400.0,"33,000",111.4535,2023-02-14,34400.0,2026-09-07,30350.0,-11.773256,down,-5.959302,-5.523256,2.034884,-4.651163,37.641723,5.465764,-17.239019,37300.0,8.430233,False,,,8.430233,2023-07-13,1301,veteran,,,,1,1,,
data/markdown/star/2023-02-14_STAR_레인보우로보틱스.md,star,company,modern,2023-02-14,2022-10-27,2023-02-14,KR,레인보우로보틱스,277810,KOSDAQ,Buy,buy,레인보우로보틱스,,,75100.0,"30,300",,2023-02-14,75100.0,2026-09-07,448000.0,496.537949,up,49.533955,43.808256,82.423435,132.623169,-4.782147,5.465764,491.072186,979000.0,1203.595206,,,,457.92277,2025-02-10,1301,veteran,,missing_target_price,target_price_suspect,1,1,,
data/markdown/star/2023-02-16_STAR_DN오토모티브.md,star,company,modern,2023-02-16,2022-11-17,2023-02-16,KR,DN오토모티브,007340,KOSPI,Buy,buy,DN오토모티브,27887.017,"131,700",13700.0,"64,700",103.5549,2023-02-16,13700.0,2026-09-07,45500.0,232.116788,up,5.408759,13.29927,35.671533,27.481752,86.47541,182.587215,49.529573,67500.0,392.70073,True,2025-07-17,882,60.948905,2025-02-10,1299,veteran,,,target_split_adjusted,1,1,,
data/markdown/star/2023-02-16_STAR_젬백스.md,star,company,modern,2023-02-16,2022-11-23,2023-02-16,KR,젬백스,082270,KOSDAQ,Buy,buy,젬백스,20550.0,"20,550",16300.0,"12,850",26.0736,2023-02-16,16300.0,2026-09-07,10380.0,-36.319018,down,-11.104294,-11.96319,-21.840491,-22.515337,-64.206897,4.776287,-41.095305,72700.0,346.01227,True,2024-09-25,587,49.079755,2025-02-11,1299,veteran,,,,1,1,,
data/markdown/star/2023-02-16_STAR_ISC.md,star,company,modern,2023-02-16,2021-11-17,2023-02-16,KR,ISC,095340,KOSDAQ,Buy,buy,ISC,51000.0,"51,000",38550.0,"34,900",32.2957,2023-02-16,38550.0,2026-09-07,186000.0,382.490272,up,-10.246433,1.037613,128.274968,94.552529,67.416742,4.776287,377.713986,292500.0,658.754864,True,2023-05-19,92,203.242542,2023-08-24,1299,veteran,,,,1,2,,
data/markdown/star/2023-03-01_STAR_파라다이스.md,star,company,modern,2023-03-01,2023-01-18,2023-03-01,KR,파라다이스,034230,KOSDAQ,Buy,buy,파라다이스,27700.0,"27,700",16740.0,"17,550",65.4719,2023-03-02,17100.0,2026-09-07,10030.0,-41.345029,down,-1.812865,-15.380117,0.526316,-25.964912,-39.39577,4.446195,-45.791224,24000.0,40.350877,False,,,8.479532,2023-08-14,1286,veteran,,,,1,1,,
data/markdown/star/2023-03-01_STAR 오스템임플란트.md,star,company,modern,2023-03-01,,2023-03-01,KR,오스템임플란트,048260,KOSDAQ,Buy,buy,오스템임플란트,,,1871000.0,,,2023-03-02,1871000.0,2023-08-11,1900000.0,1.549973,up,0.748263,0.053447,1.549973,1.549973,0.0,15.880537,-14.330564,1902000.0,1.656868,,,,1.656868,2023-04-12,1286,veteran,,missing_target_price,target_price_suspect,1,1,,
data/markdown/star/2023-03-01_STAR_엘앤에프.md,star,company,modern,2023-03-01,2022-12-22,2023-03-01,KR,엘앤에프,066970,KOSDAQ,Buy,buy,엘앤에프,457300.0,"457,300",262000.0,"180,600",74.542,2023-03-02,250500.0,2026-09-07,114500.0,-54.291417,down,25.149701,4.191617,-5.189621,-32.255489,20.273109,4.446195,-58.737612,349500.0,39.520958,False,,,39.520958,2023-04-03,1286,veteran,,,,1,2,,
data/markdown/star/2023-03-01_STAR_한양디지텍.md,star,company,modern,2023-03-01,2023-01-05,2023-03-01,KR,한양디지텍,078350,KOSDAQ,Buy,buy,한양디지텍,24100.0,"24,100",11830.0,"13,200",103.7194,2023-03-02,11570.0,2026-09-07,19400.0,67.675022,up,10.630942,25.842697,5.272256,23.941227,-9.976798,4.446195,63.228827,44300.0,282.886776,True,2024-04-15,411,174.416595,2024-05-16,1286,veteran,,,,1,1,,
data/markdown/star/2023-03-01_STAR_휴젤.md,star,company,modern,2023-03-01,2023-01-04,2023-03-01,KR,휴젤,145020,KOSDAQ,Buy,buy,휴젤,188300.0,"188,300",129100.0,"128,700",45.8559,2023-03-02,135900.0,2026-09-07,243000.0,78.807947,up,-5.886681,-18.83738,-16.409124,35.320088,5.422993,4.446195,74.361752,392000.0,188.447388,True,2024-03-04,369,144.297277,2025-02-27,1286,veteran,,,,1,2,,
data/markdown/star/2023-03-01_STAR_한국타이어앤테크놀로지.md,star,company,modern,2023-03-01,2023-01-19,2023-03-01,KR,한국타이어앤테크놀로지,161390,KOSPI,Buy,buy,한국타이어앤테크놀로지,59500.0,"59,500",37200.0,"33,250",59.9462,2023-03-02,38600.0,2026-09-07,65400.0,69.430052,up,-9.84456,-9.196891,-0.259067,40.414508,12.178388,188.131062,-118.701011,78400.0,103.108808,True,2024-02-23,359,63.989637,2024-04-16,1286,veteran,,,,1,1,,
data/markdown/star/2023-03-01_STAR_스튜디오드래곤.md,star,company,modern,2023-03-01,2022-01-03,2023-03-01,KR,스튜디오드래곤,253450,KOSDAQ,Buy,buy,스튜디오드래곤,104800.0,"104,800",76400.0,"88,300",37.1728,2023-03-02,76800.0,2026-09-07,21700.0,-71.744792,down,-8.463542,-14.84375,-32.942708,-41.145833,-49.239766,4.446195,-76.190986,82500.0,7.421875,False,,,7.421875,2023-03-06,1286,veteran,,,,1,2,,
data/markdown/star/2023-03-01_STAR_티에스아이.md,star,company,modern,2023-03-01,2023-01-18,2023-03-01,KR,티에스아이,277880,KOSDAQ,Buy,buy,티에스아이,21200.0,"21,200",9710.0,"9,240",118.3316,2023-03-02,9750.0,2026-09-07,3575.0,-63.333333,down,26.25641,18.769231,32.102564,-17.435897,-25.829876,4.446195,-67.779528,17400.0,78.461538,False,,,78.461538,2023-04-19,1286,veteran,,,,1,1,,
data/markdown/star/2023-03-01_STAR_효성중공업.md,star,company,modern,2023-03-01,2022-01-04,2023-03-01,KR,효성중공업,298040,KOSPI,Buy,buy,효성중공업,103150.0,"103,150",71100.0,"71,700",45.0774,2023-03-02,78000.0,2026-09-07,2965000.0,3701.282051,up,-14.487179,3.333333,143.717949,146.666667,66.479506,188.131062,3513.150989,4742000.0,5979.487179,True,2023-06-20,111,603.846154,2025-02-06,1286,veteran,,,,1,1,,
data/markdown/star/2023-03-01_STAR_하이브.md,star,company,modern,2023-03-01,2022-12-21,2023-03-01,KR,하이브,352820,KOSPI,Buy,buy,하이브,223000.0,"223,000",185100.0,"169,000",20.4754,2023-03-02,187000.0,2026-09-07,180800.0,-3.315508,down,1.016043,47.593583,30.748663,6.470588,-45.212121,188.131062,-191.44657,405500.0,116.84492,True,2023-04-10,40,67.112299,2023-06-22,1286,veteran,,,,1,2,,
"data/markdown/star/2023-03-01_STAR_환율 전망_보고싶지 않은 현실, 봐야만 하는 우리.md",star,company,modern,2023-03-01,,2023-03-01,US,"환율 전망_보고싶지 않은 현실, 봐야만 하는 우리",SRS,US,,soft_buy,SRS,,,60.902428,,,2023-03-01,60.902428,2026-09-04,40.145,-34.083087,down,0.036774,10.155422,4.647306,-10.073819,-18.207694,95.875376,-129.958463,83.009615,36.299353,,,,36.299353,2023-10-30,1286,veteran,,,,1,1,,
"data/markdown/voera/undated_[Buy] 하이비젼시스템,애플아 나 지금 되게 신나.md",voera,company,modern,2023-03-03,2023-03-03,,KR,S-Oil,010950,KRX,Buy,buy,S-Oil,,,82300.0,,,2023-03-03,82300.0,2026-09-07,157600.0,91.494532,up,-2.673147,-12.393682,-10.206561,-7.168894,89.879518,187.631113,-96.13658,177100.0,115.188335,,,,3.159174,2023-03-07,1284,veteran,,missing_target_price,date_cover_only;ocr_fallback;target_price_suspect,1,2,,
data/markdown/ewha/2023-03-11_[230311] 유한양행(000100).md,ewha,company,modern,2023-03-11,2023-03-11,2023-03-11,KR,유한양행,000100,KRX,Buy,buy,유한양행,79300.0,"79,300원",49385.0,"51,600원",60.5751,2023-03-13,48811.0,2026-09-07,80700.0,65.331585,up,9.215136,18.430272,39.999181,50.785684,-28.202847,190.192898,-124.861313,166900.0,241.931122,True,2023-09-12,185,241.931122,2024-10-15,1276,veteran,,,,1,2,,
data/markdown/ewha/2023-03-11_[230311] 이수페타시스(007660).md,ewha,company,modern,2023-03-11,2023-03-11,2023-03-11,KR,이수페타시스,007660,KRX,Buy,buy,이수페타시스,15600.0,"15,600원",8441.0,8.680,84.8122,2023-03-13,8353.0,2026-09-07,111900.0,1239.638453,up,23.177302,107.123189,275.469891,356.386927,-6.124161,190.192898,1049.445555,164400.0,1868.155154,True,2023-05-31,81,595.06764,2024-07-03,1276,veteran,,,,1,2,,
data/markdown/ewha/2023-03-11_[230311] S-Oil(010950).md,ewha,company,modern,2023-03-11,2023-03-11,2023-03-11,KR,S-Oil,010950,KRX,Buy,buy,S-Oil,117400.0,"117,400원",81300.0,"81,300",44.4034,2023-03-13,81400.0,2026-09-07,157600.0,93.611794,up,-1.351351,-7.616708,-4.299754,-8.599509,89.879518,190.192898,-96.581104,177100.0,117.567568,True,2026-02-20,1077,3.808354,2024-04-08,1276,veteran,,,,1,1,,
"data/markdown/voera/undated_[Buy] 인터로조, 렌즈는 인터로조로 조.md",voera,company,modern,2023-04-05,2023-04-05,,KR,인터로조,119610,KRX,Buy,buy,인터로조,42550.0,42550원,23819.0,,78.6389,2023-04-05,23819.0,2026-09-07,14150.0,-40.593644,down,9.861875,8.497418,10.470633,-10.319493,-11.617739,180.352756,-220.9464,28083.0,17.901675,False,,,17.901675,2023-05-18,1251,veteran,,,ocr_fallback;date_cover_only,1,1,,
data/markdown/ewha/2023-04-08_[230408] 아비코전자(036010).md,ewha,company,modern,2023-04-08,2023-04-08,2023-04-08,KR,아비코전자,036010,KRX,Buy,buy,아비코전자,15070.0,"15,070원",11390.0,"11,390",32.309,2023-04-10,12310.0,2026-09-07,7250.0,-41.104793,down,4.467912,31.112916,10.39805,3.249391,2.2567,178.470033,-219.574826,19400.0,57.595451,True,2023-05-18,40,57.595451,2023-07-14,1248,veteran,,,,1,1,,
data/markdown/ewha/2023-04-08_[230408] 텔레칩스(054450).md,ewha,company,modern,2023-04-08,2023-04-08,2023-04-08,KR,텔레칩스,054450,KRX,Buy,buy,텔레칩스,22310.0,"22,310원",15670.0,"15,670원",42.374,2023-04-10,15210.0,2026-09-07,9450.0,-37.869822,down,15.779093,32.807364,50.230112,75.542406,-40.863579,178.470033,-216.339855,38550.0,153.451677,True,2023-06-13,66,153.451677,2024-02-16,1248,veteran,,,,1,1,,
data/markdown/ewha/2023-04-08_[230408] 하나마이크론(067310).md,ewha,company,modern,2023-04-08,2023-04-08,2023-04-08,KR,하나마이크론,067310,KRX,Buy,buy,하나마이크론,24600.0,"24,600원",15284.0,"17,880원",60.9526,2023-04-10,14882.0,2026-09-07,36350.0,144.254804,up,-13.264346,16.892891,41.587152,85.532858,41.165049,178.470033,-34.215228,58500.0,293.092326,True,2023-09-04,149,98.165569,2023-11-08,1248,veteran,,,,1,1,,
data/markdown/ewha/2023-04-08_[230408] 레이크머티리얼즈(281740).md,ewha,company,modern,2023-04-08,2023-04-08,2023-04-08,KR,레이크머티리얼즈,281740,KRX,Buy,buy,레이크머티리얼즈,10900.0,"10,900원",8610.0,,26.597,2023-04-10,8870.0,2026-09-07,11170.0,25.930101,up,81.172492,134.498309,55.129651,189.177001,-24.271186,178.470033,-152.539931,33100.0,273.167982,True,2023-04-11,3,273.167982,2024-03-11,1248,veteran,,,ocr_fallback,1,1,,
data/markdown/2023-04-13_equity-research-아스플로.md,smic,company,modern,2023-04-13,2023-04-07,2023-04-13,KR,아스플로,159010,KRX,Buy,buy,아스플로,20300.0,"20,300 원",13990.0,"13,500 원",45.1036,2023-04-13,13990.0,2026-09-07,24100.0,72.265904,up,0.571837,5.646891,-26.375983,-16.225876,405.771249,173.080346,-100.814442,26700.0,90.850608,True,2026-06-12,1156,20.800572,2023-07-17,1243,veteran,,,,1,1,,
data/markdown/2023-04-13_equity-research-큐브엔터.md,smic,company,modern,2023-04-13,2023-04-07,2023-04-13,KR,큐브엔터,182360,KRX,Buy,buy,큐브엔터,41900.0,"41,900 원",26100.0,"24,200 원",60.5364,2023-04-13,26100.0,2026-09-07,5990.0,-77.049808,down,-3.448276,-6.321839,-39.386973,-40.45977,-56.436364,173.080346,-250.130155,28200.0,8.045977,False,,,8.045977,2023-06-21,1243,veteran,,,,1,1,,
data/markdown/2023-04-13_equity-research-글로벌텍스프리-2.md,smic,company,modern,2023-04-13,2023-04-07,2023-04-13,KR,글로벌텍스프리,204620,KRX,Strong Buy,buy,글로벌텍스프리,3800.0,"3,800 원",3347.0,,13.5345,2023-04-13,3347.0,2026-09-07,5300.0,58.350762,up,4.571258,-2.838363,33.01464,78.458321,18.303571,173.080346,-114.729584,7830.0,133.940843,True,2023-04-17,4,93.008664,2023-09-21,1243,veteran,,,,1,1,,
data/markdown/2023-04-13_equity-research-파마리서치.md,smic,company,modern,2023-04-13,2023-04-07,2023-04-13,KR,파마리서치,214450,KRX,Buy,buy,파마리서치,111300.0,"111,300원",90600.0,,22.8477,2023-04-13,90600.0,2026-09-07,376500.0,315.562914,up,7.615894,43.598234,26.931567,40.507726,-6.575682,173.080346,142.482568,713000.0,686.975717,True,2023-05-16,33,307.284768,2025-04-11,1243,veteran,,,,2,3,,
data/markdown/2023-04-13_equity-research-jtc.md,smic,company,modern,2023-04-13,2023-04-07,2023-04-13,KR,JTC,950170,KRX,Strong Buy,buy,JTC,7100.0,"7,100 원",4050.0,"4,075 원",75.3086,2023-04-13,4050.0,2026-09-07,4400.0,8.641975,up,7.777778,-4.074074,-14.814815,21.481481,15.183246,173.080346,-164.438371,7520.0,85.679012,True,2025-07-02,811,56.790123,2024-06-13,1243,veteran,,,,1,1,,
data/markdown/star/2023-04-22_STAR_송원산업.md,star,company,modern,2023-04-22,2023-03-16,2023-04-22,KR,송원산업,004430,KOSPI,Buy,buy,송원산업,23530.0,"23,530원",17500.0,"18,630",34.4571,2023-04-24,17170.0,2026-09-07,11830.0,-31.100757,down,-3.436226,15.841584,-2.387886,-21.37449,30.718232,177.209828,-208.310585,21700.0,26.383227,False,,,26.383227,2023-06-13,1234,veteran,,,,1,1,,
data/markdown/star/2023-04-22_STAR_에스엘.md,star,company,modern,2023-04-22,2023-03-16,2023-04-22,KR,에스엘,005850,KOSPI,Buy,buy,에스엘,39000.0,"39,000",31300.0,"26,150",24.6006,2023-04-24,32100.0,2026-09-07,51900.0,61.682243,up,14.330218,20.872274,-6.853583,-7.165109,21.120187,177.209828,-115.527585,79500.0,147.663551,True,2023-05-16,24,48.442368,2024-06-17,1234,veteran,,,,1,1,,
data/markdown/star/2023-04-22_STAR_화신.md,star,company,modern,2023-04-22,2023-03-15,2023-04-22,KR,화신,010690,KOSPI,Buy,buy,화신,17620.0,"17,620",13710.0,"11,500",28.5193,2023-04-24,14500.0,2026-09-07,7800.0,-46.206897,down,12.137931,42.068966,-25.448276,-29.655172,-6.024096,177.209828,-223.416724,22700.0,56.551724,True,2023-06-28,67,56.551724,2023-07-06,1234,veteran,,,,1,1,,
data/markdown/star/2023-04-22_STAR_더존비즈온.md,star,company,modern,2023-04-22,2023-04-01,2023-04-22,KR,더존비즈온,012510,KOSPI,Hold,soft_buy,더존비즈온,34600.0,"34,600",33000.0,"34,600",4.8485,2023-04-24,32400.0,2026-07-14,120000.0,270.37037,up,0.0,-11.882716,-10.802469,68.82716,40.186916,171.719041,98.651329,156000.0,381.481481,True,2023-08-29,129,183.950617,2025-02-07,1234,veteran,,,,1,2,,
data/markdown/star/2023-04-22_STAR_코윈테크.md,star,company,modern,2023-04-22,2023-03-15,2023-04-22,KR,코윈테크,282880,KOSDAQ,Buy,buy,코윈테크,40200.0,"40,200",31809.0,"28,650",26.3793,2023-04-24,30651.0,2026-09-07,10140.0,-66.917882,down,-4.378324,21.151023,-4.074908,-29.724968,-36.743606,-3.863288,-63.054594,43524.0,41.99863,True,2023-07-24,93,41.99863,2023-07-25,1234,veteran,,,,1,1,,
data/markdown/star/2023-04-22_STAR_대보마그네틱.md,star,company,modern,2023-04-22,2023-03-15,2023-04-22,KR,대보마그네틱,290670,KOSDAQ,Hold,soft_buy,대보마그네틱,97800.0,"97,800",70000.0,"67,700",39.7143,2023-04-24,68300.0,2026-09-07,5690.0,-91.669107,down,-9.370425,-18.740849,-55.929722,-65.739385,-55.372549,-3.863288,-87.805819,71300.0,4.392387,False,,,4.392387,2023-04-24,1234,veteran,,,,1,1,,
data/markdown/star/2023-04-22_STAR_티앤엘.md,star,company,modern,2023-04-22,2020-11-20,2023-04-22,KR,티앤엘,340570,KOSDAQ,Buy,buy,티앤엘,63300.0,"63,300",45650.0,"44,900",38.6637,2023-04-24,45500.0,2026-09-07,29000.0,-36.263736,down,19.120879,10.10989,-7.252747,37.802198,-40.876656,-3.863288,-32.400448,85600.0,88.131868,True,2024-04-11,355,88.131868,2025-02-07,1234,veteran,,,,1,2,,
data/markdown/voera/undated_[BUY].md,voera,company,modern,2023-05-03,2023-05-03,,KR,티앤엘,340570,KRX,Buy,buy,티앤엘,105000.0,"105,000원",48000.0,,118.75,2023-05-03,48000.0,2026-09-07,29000.0,-39.583333,down,18.75,2.291667,-8.4375,30.416667,-40.876656,179.658991,-219.242324,85600.0,78.333333,False,,,78.333333,2025-02-07,1223,veteran,,,date_cover_only,1,1,,
data/markdown/2023-05-11_equity-research-태광-2.md,smic,company,modern,2023-05-11,2023-05-05,2023-05-11,KR,태광,023160,KRX,Buy,buy,태광,28840.0,"28,840 원",18340.0,"18,120 원",57.2519,2023-05-11,18340.0,2026-09-07,26500.0,44.492912,up,-2.453653,15.594329,-15.921483,-29.716467,22.119816,180.826576,-136.333664,51300.0,179.716467,True,2025-09-10,853,47.219193,2025-03-04,1215,veteran,,,,1,1,,
data/markdown/2023-05-11_equity-research-태웅-3.md,smic,company,modern,2023-05-11,2023-05-05,2023-05-11,KR,태웅,044490,KRX,Strong Buy,buy,태웅,28600.0,"28,600 원",14070.0,"13,700 원",103.2694,2023-05-11,14070.0,2026-09-07,32850.0,133.47548,up,8.955224,17.626155,11.30064,57.782516,27.572816,180.826576,-47.351096,61300.0,335.678749,True,2025-06-02,753,75.550817,2023-09-01,1215,veteran,,,,3,3,,
data/markdown/2023-05-11_equity-research-sk디앤디-2.md,smic,company,modern,2023-05-11,2023-05-05,2023-05-11,KR,SK디앤디,210980,KRX,Buy,buy,SK디앤디,38000.0,"38,000 원",13263.0,"22,300 원",186.5113,2023-05-11,13263.0,2026-09-07,3985.0,-69.954007,down,-4.704818,-10.042977,13.458494,-9.522732,-68.597321,180.826576,-250.780583,19667.0,48.284702,False,,,48.284702,2023-12-08,1215,veteran,,,,1,1,,
data/markdown/2023-05-11_equity-research-레이.md,smic,company,modern,2023-05-11,2023-05-05,2023-05-11,KR,레이,228670,KRX,Strong Buy,buy,레이,73700.0,"73,700 원",34050.0,"34,550 원",116.4464,2023-05-11,34050.0,2026-09-07,4655.0,-86.328928,down,5.139501,7.782673,-38.472834,-60.646109,-31.240768,180.826576,-267.155504,42150.0,23.788546,False,,,23.788546,2023-06-15,1215,veteran,,,,1,1,,
data/markdown/2023-05-11_equity-research-진시스템.md,smic,company,modern,2023-05-11,2023-05-05,2023-05-11,KR,진시스템,363250,KRX,Buy,buy,진시스템,32800.0,"32,800 원",17830.0,"17,990 원",83.9596,2023-05-11,17830.0,2026-09-07,3995.0,-77.593943,down,30.959058,35.445878,-21.424565,-65.114975,-2.560976,180.826576,-258.420518,32000.0,79.472799,False,,,79.472799,2023-09-08,1215,veteran,,,,1,1,,
data/markdown/kuvic/2023-05-18_한스바이오메드 - 보여줄게 완전히 달라진 나.md,kuvic,company,modern,2023-05-18,2023-05-18,2023-05-18,KR,한스바이오메드,042520,KOSDAQ,Buy,buy,한스바이오메드,31500.0,"31,500원",13800.0,"13,630원",128.2609,2023-05-18,13800.0,2026-09-07,19600.0,42.028986,up,14.202899,62.318841,8.623188,1.376812,-28.985507,-1.638972,43.667957,57800.0,318.84058,True,2025-10-23,889,115.217391,2023-07-17,1208,veteran,,,,1,2,,
"data/markdown/voera/undated_[Buy] 로켓처럼 날아오르는 테스트소켓, ISC.md",voera,company,modern,2023-05-22,2023-05-22,,KR,ISC,095340,KRX,Buy,buy,ISC,55000.0,"55,000 원",46650.0,"46,650 원",17.8992,2023-05-22,46650.0,2026-09-07,186000.0,298.713826,up,11.468382,120.578778,95.498392,71.918542,67.416742,173.569462,125.144364,292500.0,527.009646,True,2023-06-13,22,150.589496,2023-08-24,1204,veteran,,,date_cover_only,1,1,,
data/markdown/ewha/2023-05-24_[230524] 씨앤씨인터내셔널(352480).md,ewha,company,modern,2023-05-24,2023-05-24,2023-05-24,KR,씨앤씨인터내셔널,352480,KRX,Buy,buy,씨앤씨인터내셔널,59400.0,"59,400원",45500.0,"45,500",30.5495,2023-05-24,45500.0,2026-09-07,21800.0,-52.087912,down,8.351648,45.714286,25.054945,91.648352,-26.475548,172.464508,-224.55242,141000.0,209.89011,True,2023-08-07,75,209.89011,2024-07-01,1202,veteran,,,,1,1,,
"data/markdown/yig/2025-11-10_기가버스 (420770, KQ), 기가지니~ 주가 좀 올려줘! (발간일 231102) YIG Research.md",yig,company,modern,2023-05-24,2023-05-24,2025-11-10,KR,기가비스,420770,KOSDAQ,Buy,buy,기가비스,84000.0,"84,000",79000.0,"64,500",6.3291,2023-05-24,79000.0,2026-09-07,101800.0,28.860759,up,16.455696,5.189873,-16.962025,-20.253165,223.174603,-3.889136,32.749895,206000.0,160.759494,True,2023-05-25,1,37.594937,2023-07-14,1202,veteran,,,,1,1,,
data/markdown/2023-05-25_equity-research-jw중외제약.md,smic,company,modern,2023-05-25,2023-05-19,2023-05-25,KR,JW중외제약,001060,KRX,Buy,buy,JW중외제약,35600.0,"35,600 원",23784.0,"24,600 원",49.6805,2023-05-25,23784.0,2026-09-07,27200.0,14.362597,up,-3.502355,85.570131,22.683317,22.140935,6.666667,173.825396,-159.462799,51492.0,116.498486,True,2023-07-18,54,116.498486,2023-08-18,1201,veteran,,,,1,1,,
data/markdown/2023-05-25_equity-research-루닛.md,smic,company,modern,2023-05-25,2023-05-19,2023-05-25,KR,루닛,328130,KRX,Buy,buy,루닛,32447.7297,"122,700원",18194.0,"68,800 원",78.343,2023-05-25,18194.0,2026-09-07,8870.0,-51.247664,down,76.871496,80.361658,140.887106,46.592283,-53.957955,173.825396,-225.07306,63253.0,247.658569,True,2023-06-22,28,247.658569,2023-09-11,1201,veteran,,,target_split_adjusted,1,1,,
data/markdown/2023-05-25_equity-research-기가비스.md,smic,company,modern,2023-05-25,2023-05-19,2023-05-25,KR,기가비스,420770,KRX,Buy,buy,기가비스,84800.0,"84,800 원",74600.0,,13.6729,2023-05-25,74600.0,2026-09-07,101800.0,36.461126,up,23.324397,11.394102,-8.310992,-14.477212,223.174603,173.825396,-137.36427,206000.0,176.13941,True,2023-06-23,29,45.710456,2023-07-14,1201,veteran,,,,1,1,,
data/markdown/2023-05-25_equity-research-bank-of-america-corp.md,smic,company,modern,2023-05-25,2023-05-20,2023-05-25,US,Bank of America Corp,BAC,NYSE,Buy,buy,BAC,33.17,$33.17,25.925211,28.47$,27.945,2023-05-25,25.925211,2026-09-04,62.535,141.21308,up,-0.704878,1.799875,7.013895,45.398729,14.936865,86.443704,54.769376,65.224998,151.589075,True,2024-03-04,284,78.934966,2025-02-06,1201,veteran,,,,1,1,,
data/markdown/ewha/2023-05-27_[230527] HD현대인프라코어(042670).md,ewha,company,modern,2023-05-27,2023-05-27,2023-05-27,KR,HD현대인프라코어,042670,KRX,Buy,buy,HD현대인프라코어,15700.0,"15,700원",9980.0,"9,980원",57.3146,2023-05-30,9430.0,2026-01-23,13800.0,46.341463,up,17.815483,5.726405,-16.330859,-13.149523,0.0,93.000634,-46.659171,18300.0,94.061506,True,2025-07-29,794,55.779427,2023-07-25,1199,veteran,,,,1,1,,
data/markdown/ewha/2023-05-27_[230527] 씨에스윈드(112610).md,ewha,company,modern,2023-05-27,2023-05-27,2023-05-27,KR,씨에스윈드,112610,KRX,Buy,buy,씨에스윈드,103200.0,"103,200원",76100.0,"76,100",35.611,2023-05-30,80400.0,2026-09-07,49000.0,-39.054726,down,1.368159,-21.517413,-34.328358,-37.313433,17.788462,170.560274,-209.615001,89400.0,11.19403,False,,,11.19403,2023-06-21,1199,veteran,,,,2,2,,
data/markdown/ewha/2023-05-27_[230527] HL만도(204320).md,ewha,company,modern,2023-05-27,2023-05-27,2023-05-27,KR,HL만도,204320,KRX,Buy,buy,HL만도,63300.0,"63,300원",47500.0,"50,000",33.2632,2023-05-30,47700.0,2026-09-07,50200.0,5.24109,up,7.54717,-13.836478,-23.899371,-20.754717,-14.480409,170.560274,-165.319184,79100.0,65.828092,True,2026-01-02,951,14.255765,2023-06-30,1199,veteran,,,ocr_fallback,2,3,,
data/markdown/2023-06-09_equity-research-di동일.md,smic,company,modern,2023-06-09,2023-06-01,2023-06-09,KR,DI동일,001530,KRX,Buy,buy,DI동일,30700.0,"30,700 원",19048.0,"20,500 원",61.1718,2023-06-09,19048.0,2026-09-07,28300.0,48.572029,up,-4.929651,9.859303,44.125367,22.01806,44.020356,164.860516,-116.288487,48096.0,152.49895,True,2024-09-20,469,152.49895,2024-12-27,1186,veteran,,,,1,1,,
data/markdown/2023-06-09_equity-research-롯데웰푸드.md,smic,company,modern,2023-06-09,2023-06-01,2023-06-09,KR,롯데웰푸드,280360,KRX,Strong Buy,buy,롯데웰푸드,107000.0,"107,000 원",110500.0,"18,269원",-3.1674,2023-06-09,110500.0,2026-09-07,138600.0,25.429864,up,-11.221719,1.357466,19.547511,43.529412,20.942408,164.860516,-139.430652,208500.0,88.687783,True,2023-06-12,3,88.687783,2024-06-18,1186,veteran,,,target_swapped_from_raw,1,1,,
data/markdown/2023-06-09_equity-research-제이시스메디칼.md,smic,company,modern,2023-06-09,2023-06-01,2023-06-09,KR,제이시스메디칼,287410,KRX,Buy,buy,제이시스메디칼,15420.0,"15,420",10080.0,"9,590",52.9762,2023-06-09,10080.0,2024-11-06,12900.0,27.97619,up,-3.174603,37.896825,6.944444,6.746032,0.0,-2.939996,30.916187,14500.0,43.849206,False,,,43.849206,2023-08-24,1186,veteran,,,,1,1,,
data/markdown/2023-06-09_equity-research-메쎄이상.md,smic,company,modern,2023-06-09,2023-06-01,2023-06-09,KR,메쎄이상,408920,KRX,Buy,buy,메쎄이상,4620.0,"4,620원",2835.0,"2,825 원",62.963,2023-06-09,2835.0,2026-09-07,3140.0,10.758377,up,9.700176,11.111111,-16.931217,-15.167549,-2.180685,164.860516,-154.102138,4385.0,54.673721,False,,,41.093474,2023-06-22,1186,veteran,,,,1,1,,
data/markdown/2023-06-09_equity-research-현대그린푸드-2.md,smic,company,modern,2023-06-09,2023-06-01,2023-06-09,KR,현대그린푸드,453340,KRX,Buy,buy,현대그린푸드,21600.0,"21,600 원",12650.0,"11,910 원",70.751,2023-06-09,12650.0,2026-09-07,18680.0,47.667984,up,-3.083004,-7.114625,-10.355731,-4.031621,19.66688,164.860516,-117.192532,19950.0,57.70751,False,,,46.640316,2025-06-05,1186,veteran,,,,1,1,,
data/markdown/star/2023-06-12_STAR_NI스틸.md,star,company,modern,2023-06-12,2023-04-26,2023-06-12,KR,NI스틸,008260,KOSPI,Buy,buy,NI스틸,12500.0,"12,500",6850.0,"6,790",82.4818,2023-06-12,6850.0,2026-09-07,3405.0,-50.291971,down,9.19708,-5.255474,-12.846715,-34.963504,-2.714286,166.050164,-216.342135,8170.0,19.270073,False,,,19.270073,2023-07-06,1183,veteran,,,,1,1,,
data/markdown/star/2023-06-12_STAR_HD현대인프라코어.md,star,company,modern,2023-06-12,2023-05-24,2023-06-12,KR,HD현대인프라코어,042670,KOSPI,Buy,buy,HD현대인프라코어,14900.0,"14,900",11110.0,"10,030",34.1134,2023-06-12,11110.0,2026-01-23,13800.0,24.212421,up,9.270927,-8.820882,-32.043204,-30.243024,0.0,89.783407,-65.570985,18300.0,64.716472,True,2025-07-24,773,32.223222,2023-07-25,1183,veteran,,,,1,1,,
data/markdown/star/2023-06-12_STAR_세진중공업.md,star,company,modern,2023-06-12,2023-04-26,2023-06-12,KR,세진중공업,075580,KOSPI,Buy,buy,세진중공업,7790.0,"7,790",6550.0,"6,620",18.9313,2023-06-12,6550.0,2026-09-07,10360.0,58.167939,up,9.312977,-11.908397,-31.145038,12.366412,-40.45977,166.050164,-107.882226,27400.0,318.320611,True,2024-06-05,359,87.78626,2025-05-22,1183,veteran,,,,1,1,,
data/markdown/star/2023-06-12_STAR_메디톡스.md,star,company,modern,2023-06-12,,2023-06-12,KR,메디톡스,086900,KOSDAQ,Buy,buy,메디톡스,377000.0,"377,000",260500.0,"229,000",44.7217,2023-06-12,260500.0,2026-09-07,69400.0,-73.358925,down,-10.74856,7.293666,-18.042226,-46.449136,-42.549669,-7.176888,-66.182037,316500.0,21.497121,False,,,21.497121,2023-09-12,1183,veteran,,,,1,1,,
data/markdown/star/2023-06-12_STAR_아이센스.md,star,company,modern,2023-06-12,,2023-06-12,KR,아이센스,099190,KOSDAQ,Buy,buy,아이센스,28120.0,"28,120",20700.0,"16,200",35.8454,2023-06-12,20700.0,2026-09-07,16480.0,-20.386473,down,9.903382,86.956522,16.908213,-3.140097,3.647799,-7.176888,-13.209586,39700.0,91.78744,True,2023-07-18,36,91.78744,2023-09-08,1183,veteran,,,,1,2,,
data/markdown/star/2023-06-12_STAR_SNT에너지.md,star,company,modern,2023-06-12,2023-05-24,2023-06-12,KR,SNT에너지,100840,KOSPI,Buy,buy,SNT에너지,11425.1172,"31,700",7839.0,"21,750",45.7471,2023-06-12,7839.0,2026-09-07,37600.0,379.653017,up,9.963005,-0.918485,-2.538589,39.941319,2.73224,166.050164,213.602852,67900.0,766.181911,True,2023-10-23,133,522.528384,2025-05-26,1183,veteran,,,target_split_adjusted,1,1,,
data/markdown/star/2023-06-12_STAR_에스앤에스텍.md,star,company,modern,2023-06-12,2023-05-03,2023-06-12,KR,에스앤에스텍,101490,KOSDAQ,Buy,buy,에스앤에스텍,88000.0,"88,000",57200.0,"48,850",53.8462,2023-06-12,57200.0,2026-09-07,41650.0,-27.185315,down,-7.167832,-16.520979,-21.328671,-27.447552,-13.768116,-7.176888,-20.008427,108400.0,89.51049,True,2026-01-28,961,11.713287,2023-07-14,1183,veteran,,,,1,2,,
data/markdown/star/2023-06-12_STAR_제이앤티씨.md,star,company,modern,2023-06-12,2023-05-17,2023-06-12,KR,제이앤티씨,204270,KOSDAQ,Buy,buy,제이앤티씨,12690.0,"12,690",7380.0,"8,480",71.9512,2023-06-12,7380.0,2026-09-07,20650.0,179.810298,up,19.918699,58.672087,74.932249,164.227642,4.187689,-7.176888,186.987186,33050.0,347.831978,True,2023-09-08,88,347.831978,2024-07-04,1183,veteran,,,,1,1,,
data/markdown/star/2023-06-12_STAR_덕산네오룩스.md,star,company,modern,2023-06-12,2023-05-04,2023-06-12,KR,덕산네오룩스,213420,KOSDAQ,Buy,buy,덕산네오룩스,65700.0,"65,700원",45600.0,"43,200",44.0789,2023-06-12,45600.0,2026-09-07,33350.0,-26.864035,down,-3.508772,-6.578947,-3.399123,-13.486842,-8.630137,-7.176888,-19.687147,57300.0,25.657895,False,,,6.25,2023-11-21,1183,veteran,,,,1,2,,
data/markdown/star/2023-06-12_STAR_효성티앤씨.md,star,company,modern,2023-06-12,2023-05-03,2023-06-12,KR,효성티앤씨,298020,KOSPI,Buy,buy,효성티앤씨,536700.0,"536,700",389500.0,"416,000",37.792,2023-06-12,389500.0,2026-09-07,348000.0,-10.654685,down,-8.85751,-7.445443,-6.161746,-0.12837,56.404494,166.050164,-176.70485,557000.0,43.003851,True,2026-04-21,1044,10.397946,2023-06-22,1183,veteran,,,,1,1,,
data/markdown/star/2023-07-02_STAR_넥슨게임즈.md,star,company,modern,2023-07-02,2023-06-24,2023-07-02,KR,넥슨게임즈,225570,KOSDAQ,Buy,buy,넥슨게임즈,32100.0,"32,100",22650.0,"22,500",41.7219,2023-07-03,22750.0,2026-09-07,11550.0,-49.230769,down,-1.098901,-33.362637,-34.153846,-32.659341,-3.830142,-7.545345,-41.685424,30950.0,36.043956,False,,,36.043956,2024-08-09,1163,veteran,,,,1,1,,
data/markdown/star/2023-07-02_STAR_SAMG엔터.md,star,company,modern,2023-07-02,2023-06-21,2023-07-02,KR,SAMG엔터,419530,KOSDAQ,Buy,buy,SAMG엔터,37590.0,"37,590",22950.0,"24,450",63.7908,2023-07-03,22950.0,2026-09-07,19080.0,-16.862745,down,6.535948,1.960784,-12.636166,-58.736383,-53.857316,-7.545345,-9.3174,99400.0,333.115468,True,2025-04-18,656,333.115468,2025-06-25,1163,veteran,,,,1,2,,
data/markdown/star/2023-07-04_STAR_비에이치.md,star,company,modern,2023-07-04,2023-06-24,2023-07-04,KR,비에이치,090460,KOSPI,Buy,buy,비에이치,39000.0,"39,000",28200.0,"26,950",38.2979,2023-07-04,28200.0,2026-09-07,21400.0,-24.113475,down,-14.007092,-26.06383,-25.0,-16.843972,32.919255,169.747543,-193.861018,43400.0,53.900709,True,2026-05-22,1053,4.078014,2023-07-06,1161,veteran,,,,1,2,,
data/markdown/star/2023-07-14_STAR_현대미포조선.md,star,company,modern,2023-07-14,2023-07-08,2023-07-14,KR,HD현대미포,010620,KOSPI,Buy,buy,HD현대미포,111300.0,"111,300",92800.0,"87,000",19.9353,2023-07-14,92800.0,2025-12-12,223000.0,140.301724,up,1.508621,-18.75,-14.762931,7.758621,0.0,58.549633,81.752091,257000.0,176.939655,True,2024-07-26,378,134.375,2025-07-01,1151,veteran,,,,1,2,,
data/markdown/star/2023-07-17_STAR_대덕전자.md,star,company,modern,2023-07-17,2022-07-05,2023-07-17,KR,대덕전자,353200,KOSPI,Buy,buy,대덕전자,50300.0,"50,300",38100.0,"32,950",32.021,2023-07-17,38100.0,2026-09-07,103600.0,171.91601,up,-27.296588,-33.464567,-27.690289,-37.270341,119.957537,167.101565,4.814445,198000.0,419.685039,True,2025-11-12,849,4.068241,2023-07-17,1148,veteran,,,,2,3,,
data/markdown/ewha/2023-07-22_[230722] LG이노텍(011070).md,ewha,company,modern,2023-07-22,2023-07-22,2023-07-22,KR,LG이노텍,011070,KRX,Buy,buy,LG이노텍,431000.0,"431,000원",282500.0,"282,500",52.5664,2023-07-24,279000.0,2026-09-07,586000.0,110.035842,up,-8.602151,-21.505376,-27.777778,6.630824,116.236162,166.133162,-56.09732,1788000.0,540.860215,True,2026-04-22,1005,9.498208,2024-07-17,1143,veteran,,,,2,2,,
data/markdown/ewha/2023-07-22_[230722] 인터플렉스(051370).md,ewha,company,modern,2023-07-22,2023-07-21,2023-07-22,KR,인터플렉스,051370,KRX,Buy,buy,인터플렉스,16800.0,"16,800원",11830.0,"11,830",42.0118,2023-07-24,11650.0,2026-09-07,6410.0,-44.978541,down,-9.785408,-18.88412,0.858369,21.716738,-39.413989,166.133162,-211.111703,22050.0,89.270386,True,2024-01-22,184,89.270386,2024-01-30,1143,veteran,,,,1,1,,
data/markdown/ewha/2023-07-22_[230722] 비에이치(090460).md,ewha,company,modern,2023-07-22,2023-07-21,2023-07-22,KR,비에이치,090460,KRX,Buy,buy,비에이치,38900.0,"38,900원",26300.0,"26,300",47.9087,2023-07-24,26400.0,2026-09-07,21400.0,-18.939394,down,-12.5,-28.219697,-31.666667,-1.704545,32.919255,166.133162,-185.072556,43400.0,64.393939,True,2026-05-22,1035,3.787879,2024-07-17,1143,veteran,,,,1,1,,
data/markdown/ewha/2023-07-22_[230722] 에스티팜(237690).md,ewha,company,modern,2023-07-22,2023-07-22,2023-07-22,KR,에스티팜,237690,KRX,Buy,buy,에스티팜,106200.0,"106,200원",77300.0,77.300,37.3868,2023-07-24,74700.0,2026-09-07,91700.0,22.757697,up,9.504685,-8.433735,-19.14324,21.820616,-23.07047,166.133162,-143.375464,172100.0,130.38822,True,2024-06-07,321,61.713521,2024-08-29,1143,veteran,,,,1,2,,
data/markdown/ewha/2023-07-22_[230722] 효성첨단소재(298050).md,ewha,company,modern,2023-07-22,2023-07-19,2023-07-22,KR,HS효성첨단소재,298050,KRX,Buy,buy,HS효성첨단소재,,,452000.0,,38.51,2023-07-24,449500.0,2026-09-07,172000.0,-61.735261,down,-5.895439,-25.583982,-24.694105,-23.692992,-5.286344,166.133162,-227.868423,493000.0,9.677419,,,,9.677419,2023-07-31,1143,veteran,,missing_target_price,ocr_fallback;ocr_inconsistent_prices,1,1,,
data/markdown/voera/undated_[Buy] 화신 화신 신랑 입장~신부 현대차 입장~.md,voera,company,modern,2023-07-24,2023-07-24,,KR,화신,010690,KRX,Buy,buy,화신,42900.0,"42,900원",20200.0,"20,200 KRW",112.3762,2023-07-24,20200.0,2026-09-07,7800.0,-61.386139,down,-36.188119,-48.217822,-43.910891,-44.50495,-6.024096,166.133162,-227.5193,21300.0,5.445545,False,,,5.445545,2023-07-25,1141,veteran,,,date_cover_only,1,1,,
data/markdown/star/2023-08-01_STAR_에스엠.md,star,company,modern,2023-08-01,2023-07-08,2023-08-01,KR,에스엠,041510,KOSDAQ,Buy,buy,에스엠,189200.0,"189,200",134700.0,"108,200",40.4603,2023-08-01,134700.0,2026-09-07,79900.0,-40.682999,down,2.078693,-22.939866,-38.752784,-47.587231,-40.814815,-12.502261,-28.180738,155100.0,15.144766,False,,,13.214551,2025-07-02,1133,veteran,,,,1,1,,
"data/markdown/yig/2025-11-10_글로벌텍스프리 (2024620, KQ), What's Your GTF (발간일 240405) YIG Research.md",yig,company,modern,2023-08-10,2023-08-10,2025-11-10,KR,글로벌텍스프리,204620,KOSDAQ,Buy,buy,글로벌텍스프리,8370.0,"₩8,370",4060.0,"₩6,200",106.1576,2023-08-10,4060.0,2026-09-07,5300.0,30.541872,up,39.630542,16.502463,-7.068966,-12.192118,18.303571,-9.777349,40.319221,7830.0,92.857143,False,,,92.857143,2025-07-22,1124,veteran,,,,1,2,,
data/markdown/star/2023-08-20_STAR_포스코퓨처엠.md,star,company,modern,2023-08-20,2023-07-22,2023-08-20,KR,포스코퓨처엠,003670,KOSPI,Buy,buy,포스코퓨처엠,650000.0,"650,000",404689.0,"480,000",60.6172,2023-08-21,412928.0,2026-09-07,182600.0,-55.779216,down,-6.924936,-32.863841,-28.873314,-52.93441,-2.352941,178.834104,-234.61332,470117.0,13.84963,False,,,13.84963,2023-08-29,1114,veteran,,,,1,1,,
data/markdown/star/2023-08-20_STAR_삼성바이오로직스.md,star,company,modern,2023-08-20,2022-07-19,2023-08-20,KR,삼성바이오로직스,207940,KOSPI,Buy,buy,삼성바이오로직스,1307000.0,"1,307,000",1134714.0,"741,000",15.1832,2023-08-21,1145017.0,2026-09-07,1466000.0,28.033034,up,-6.298247,-7.069415,6.426717,19.537265,-13.510324,178.834104,-150.80107,1987000.0,73.534541,True,2024-07-24,339,55.398479,2025-02-14,1114,veteran,,,,1,2,,
data/markdown/star/2023-08-20_STAR_두산밥캣.md,star,company,modern,2023-08-20,2023-07-22,2023-08-20,KR,두산밥캣,241560,KOSPI,Buy,buy,두산밥캣,96100.0,"96,100",53700.0,59.400,78.9572,2023-08-21,54500.0,2026-09-07,63700.0,16.880734,up,2.201835,-24.954128,-10.642202,-26.972477,10.398614,178.834104,-161.95337,79700.0,46.238532,False,,,35.59633,2025-06-24,1114,veteran,,,,1,1,,
data/markdown/ewha/2023-08-26_[230826] 에스엘(005850).md,ewha,company,modern,2023-08-26,2023-08-26,2023-08-26,KR,에스엘,005850,KRX,Buy,buy,에스엘,49600.0,"49,600원",33200.0,"33,200",49.3976,2023-08-28,33550.0,2026-09-07,51900.0,54.694486,up,-1.639344,-0.894188,1.937407,1.490313,21.120187,175.039809,-120.345323,79500.0,136.959762,True,2025-12-08,835,42.026826,2024-06-17,1108,veteran,,,,2,3,,
data/markdown/ewha/2023-08-26_[230826] 화신(010690).md,ewha,company,modern,2023-08-26,2023-08-26,2023-08-26,KR,화신,010690,KRX,Buy,buy,화신,16710.0,"16,710원",12440.0,"12,440",34.3248,2023-08-28,12810.0,2026-09-07,7800.0,-39.11007,down,-0.624512,-1.092896,-5.542545,-28.103044,-6.024096,175.039809,-214.149879,16720.0,30.523029,True,2026-06-17,1026,24.043716,2024-06-27,1108,veteran,,,,1,1,,
data/markdown/ewha/2023-08-26_[230826] 피엔티(137400).md,ewha,company,modern,2023-08-26,2023-08-25,2023-08-26,KR,피엔티,137400,KRX,Buy,buy,피엔티,94800.0,"94,800원",65400.0,"65,400",44.9541,2023-08-28,67600.0,2026-09-07,29800.0,-55.91716,down,-7.840237,-24.852071,-36.464497,-19.822485,-20.744681,175.039809,-230.956969,89500.0,32.39645,False,,,32.39645,2024-06-19,1108,veteran,,,,1,1,,
data/markdown/star/2023-09-08_STAR_경동나비엔.md,star,company,modern,2023-09-08,2022-08-03,2023-09-08,KR,경동나비엔,009450,KOSPI,Buy,buy,경동나비엔,80300.0,"80,300",47700.0,"58,700",68.3438,2023-09-08,47700.0,2026-09-07,61300.0,28.51153,up,-1.991614,-1.991614,12.368973,36.268344,10.45045,174.578833,-146.067302,107700.0,125.786164,True,2024-10-11,399,125.786164,2025-01-21,1095,veteran,,,,1,1,,
data/markdown/star/2023-09-08_STAR_디오.md,star,company,modern,2023-09-08,2023-08-07,2023-09-08,KR,디오,039840,KOSDAQ,Buy,buy,디오,49000.0,"49,000",28650.0,"30,450",71.0297,2023-09-08,28650.0,2026-09-07,11250.0,-60.732984,down,-8.376963,-27.748691,-24.95637,-44.013962,-33.39254,-10.06257,-50.670415,29000.0,1.22164,False,,,1.22164,2023-09-12,1095,veteran,,,,1,1,,
data/markdown/star/2023-09-08_STAR_선진뷰티사이언스.md,star,company,modern,2023-09-08,2023-08-06,2023-09-08,KR,선진뷰티사이언스,086710,KOSDAQ,Buy,buy,선진뷰티사이언스,16100.0,"16,100",9010.0,"8,780",78.6903,2023-09-08,9010.0,2026-09-07,7020.0,-22.08657,down,-8.435072,-14.983352,-12.54162,8.768036,-24.919786,-10.06257,-12.024001,24200.0,168.590455,True,2024-05-29,264,168.590455,2024-06-14,1095,veteran,,,,1,1,,
data/markdown/star/2023-09-08_STAR_제주항공.md,star,company,modern,2023-09-08,2023-08-06,2023-09-08,KR,제주항공,089590,KOSPI,Buy,buy,제주항공,20570.0,"20,570",11980.0,"13,000",71.7028,2023-09-08,11980.0,2026-09-07,4625.0,-61.39399,down,-8.931553,-6.176962,-11.101836,-25.208681,-14.510166,174.578833,-235.972822,13590.0,13.439065,False,,,13.439065,2024-01-18,1095,veteran,,,,1,1,,
data/markdown/star/2023-09-08_STAR_케이아이엔엑스.md,star,company,modern,2023-09-08,2023-08-06,2023-09-08,KR,케이아이엔엑스,093320,KOSDAQ,Buy,buy,케이아이엔엑스,99300.0,"99,300",67200.0,"66,800",47.7679,2023-09-08,67200.0,2026-09-07,144600.0,115.178571,up,32.440476,22.767857,31.39881,-0.892857,19.40545,-10.06257,125.241141,163700.0,143.60119,True,2023-12-12,95,94.196429,2024-01-22,1095,veteran,,,,1,3,,
data/markdown/star/2023-09-08_STAR_하이로닉.md,star,company,modern,2023-09-08,2023-08-06,2023-09-08,KR,하이로닉,149980,KOSDAQ,Buy,buy,하이로닉,,,17233.0,"8,650",,2023-09-08,17233.0,2026-09-07,4830.0,-71.972379,down,-14.118261,-35.298555,-24.598155,-15.888122,-44.354839,-10.06257,-61.909809,19184.0,11.321302,,,,11.321302,2024-06-26,1095,veteran,,missing_target_price,target_price_suspect,1,1,,
data/markdown/star/2023-09-08_STAR_펌텍코리아.md,star,company,modern,2023-09-08,2023-08-06,2023-09-08,KR,펌텍코리아,251970,KOSDAQ,Buy,buy,펌텍코리아,34300.0,"34,300",27500.0,"24,200",24.7273,2023-09-08,27500.0,2026-09-07,53700.0,95.272727,up,-10.909091,-7.454545,-12.727273,24.181818,3.071017,-10.06257,105.335297,77000.0,180.0,True,2024-05-31,266,180.0,2025-08-08,1095,veteran,,,,1,2,,
data/markdown/star/2023-09-08_STAR_엔켐.md,star,company,modern,2023-09-08,2023-08-04,2023-09-08,KR,엔켐,348370,KOSDAQ,Buy,buy,엔켐,114000.0,"114,000",63200.0,"68,500",80.3797,2023-09-08,63200.0,2026-09-07,21250.0,-66.376582,down,-14.240506,12.025316,306.64557,161.867089,-66.216216,-10.06257,-56.314013,394500.0,524.208861,True,2024-01-16,130,524.208861,2024-04-08,1095,veteran,,,,1,1,,
data/markdown/star/2023-09-08_STAR_씨앤씨인터내셔널.md,star,company,modern,2023-09-08,2023-08-03,2023-09-08,KR,씨앤씨인터내셔널,352480,KOSDAQ,Buy,buy,씨앤씨인터내셔널,,,63500.0,"44,500",,2023-09-08,63500.0,2026-09-07,21800.0,-65.669291,down,-13.385827,-7.874016,18.110236,45.984252,-26.475548,-10.06257,-55.606722,141000.0,122.047244,,,,122.047244,2024-07-01,1095,veteran,,missing_target_price,target_price_suspect,1,1,,
data/markdown/star/2023-09-08_STAR_SK리츠.md,star,company,modern,2023-09-08,2023-08-07,2023-09-08,KR,SK리츠,395400,KOSPI,Buy,buy,SK리츠,10820.0,"10,820",4375.0,"4,570",147.3143,2023-09-08,4375.0,2026-09-07,5200.0,18.857143,up,-4.914286,-8.8,-5.6,23.428571,-10.189983,174.578833,-155.72169,7200.0,64.571429,False,,,27.085714,2024-09-10,1095,veteran,,,,1,1,,
data/markdown/star/2023-09-08_STAR_기가비스.md,star,company,modern,2023-09-08,,2023-09-08,KR,기가비스,420770,KOSDAQ,Buy,buy,기가비스,129000.0,"129,000원",88100.0,,46.4245,2023-09-08,88100.0,2026-09-07,101800.0,15.550511,up,-20.431328,-22.92849,-28.717367,-62.485812,223.174603,-10.06257,25.613081,206000.0,133.825199,True,2026-05-13,978,4.994325,2023-09-08,1095,veteran,,,,1,2,,
data/markdown/star/2023-09-08_STAR_티이엠씨.md,star,company,modern,2023-09-08,2023-08-06,2023-09-08,KR,티이엠씨,425040,KOSPI,Buy,buy,티이엠씨,69600.0,"69,600",20625.0,"44,500",237.4545,2023-09-08,20625.0,2026-09-07,8450.0,-59.030303,down,-10.424242,1.212121,-16.363636,-53.066667,10.457516,174.578833,-233.609136,53900.0,161.333333,False,,,161.333333,2023-12-28,1095,veteran,,,,1,1,,
"data/markdown/yig/2025-11-06_케이씨텍(281820, KS), 슬러리 돈워리! (발간일 230916) YIG Research.md",yig,company,modern,2023-09-14,2023-09-14,2025-11-06,KR,케이씨텍,281820,KRX,Buy,buy,케이씨텍,27580.0,"27,580₩",22650.0,"22,650₩",21.766,2023-09-14,22650.0,2026-09-07,69800.0,208.16777,up,-3.090508,15.011038,95.584989,42.825607,76.040353,171.888421,36.279349,124800.0,450.993377,True,2023-11-29,76,160.485651,2024-07-11,1089,seasoned,,,,1,1,,
"data/markdown/yig/2025-11-06_GST(083450, KQ), Global Standard Technology (발간일 230916) YIG Research.md",yig,company,modern,2023-09-15,2023-09-15,2025-11-06,KR,GST,083450,KOSDAQ,Buy,buy,GST,43773.0,"₩43,773",12278.0,"₩24,550",256.5157,2023-09-15,12278.0,2026-09-07,43750.0,256.328392,up,-8.372699,0.407232,118.773416,24.205897,51.646447,-8.54699,264.875382,70800.0,476.641147,True,2026-04-22,950,151.026226,2024-03-18,1088,seasoned,,,,1,1,,
"data/markdown/yig/2025-11-06_두산테스나(131970, KQ), 두산테슬라 (발간일 230916) YIG Research.md",yig,company,modern,2023-09-15,2023-09-15,2025-11-06,KR,두산테스나,131970,KOSDAQ,Buy,buy,두산테스나,71300.0,"71,300",53000.0,"53,000",34.5283,2023-09-15,53000.0,2026-09-07,82700.0,56.037736,up,-6.226415,10.943396,-10.471698,-45.660377,55.451128,-8.54699,64.584725,196900.0,271.509434,True,2026-01-29,867,20.754717,2023-11-30,1088,seasoned,,,,1,1,,
"data/markdown/kuvic/2023-09-20_감성코퍼레이션 - 캠핑, 명품, 면세점, 따이공 Let's Go!.md",kuvic,company,modern,2023-09-20,,2023-09-20,KR,감성코퍼레이션,036620,KRX,Buy,buy,감성코퍼레이션,5100.0,"5,100원",3630.0,"3,630원",40.4959,2023-09-20,3630.0,2026-09-07,3920.0,7.988981,up,-12.121212,-9.641873,-16.115702,-5.371901,-32.062392,173.285177,-165.296197,7700.0,112.121212,True,2025-05-26,614,91.184573,2025-09-19,1083,seasoned,,,ocr_fallback,1,1,,
data/markdown/kuvic/2023-09-20_엘오티베큠 - 추석은 종합 진공 선물세트로 챙기세요!.md,kuvic,company,modern,2023-09-20,,2023-09-20,KR,엘오티베큠,083310,KOSDAQ,Buy,buy,엘오티베큠,59800.0,"59,800원",30700.0,"30,700원",94.7883,2023-09-20,30700.0,2026-09-07,9800.0,-68.078176,down,-7.003257,-34.85342,-29.478827,-67.23127,-20.967742,-6.857214,-61.220962,33150.0,7.980456,False,,,7.980456,2023-09-20,1083,seasoned,,,ocr_fallback,1,1,,
data/markdown/kuvic/2023-09-20_피엔티 - 대장님의 전성기는 바로 지금!.md,kuvic,company,modern,2023-09-20,,2023-09-20,KR,피엔티,137400,KRX,Buy,buy,피엔티,95500.0,"95,500원",68100.0,"68,100원",40.2349,2023-09-20,68100.0,2026-09-07,29800.0,-56.240822,down,-17.180617,-24.669604,-34.654919,-27.165932,-20.744681,173.285177,-229.526,89500.0,31.424376,False,,,31.424376,2024-06-19,1083,seasoned,,,ocr_fallback,1,1,,
"data/markdown/kuvic/2023-09-20_인텔리안테크 - 정말 간절히 원하면, 온 우주가 나서서 도와준다.md",kuvic,company,modern,2023-09-20,,2023-09-20,KR,인텔리안테크,189300,KRX,Buy,buy,인텔리안테크,293000.0,"293,000원",86700.0,"86,700원",237.9469,2023-09-20,86700.0,2026-09-07,63500.0,-26.758939,down,-21.337947,-15.801615,-34.140715,-42.099193,6.722689,173.285177,-200.044116,180200.0,107.843137,False,,,2.191465,2023-09-20,1083,seasoned,,,ocr_fallback,1,2,,
data/markdown/kuvic/2023-09-20_애니플러스 - 내가 아직 만만하니.md,kuvic,company,modern,2023-09-20,,2023-09-20,KR,애니플러스,310200,KRX,Buy,buy,애니플러스,6300.0,"6,300원",3405.0,"3,405원",85.022,2023-09-20,3405.0,2026-09-07,2020.0,-40.675477,down,-3.0837,-0.881057,9.544787,-8.076358,-40.059347,173.285177,-213.960655,6430.0,88.839941,True,2025-08-21,701,88.839941,2025-08-21,1083,seasoned,,,ocr_fallback,1,1,,
data/markdown/kuvic/2023-09-20_루닛 - The Winner Takes It All.md,kuvic,company,modern,2023-09-20,,2023-09-20,KR,루닛,328130,KRX,Buy,buy,루닛,,,48430.0,,31.9,2023-09-20,48430.0,2026-09-07,8870.0,-81.684906,down,-33.663019,-15.890977,-38.249019,-59.399133,-53.957955,173.285177,-254.970083,54427.0,12.382821,,,,12.382821,2023-09-20,1083,seasoned,,missing_target_price,ocr_fallback,1,1,,
data/markdown/star/2023-10-04_STAR_세아제강지주.md,star,company,modern,2023-10-04,,2023-10-04,KR,세아제강지주,003030,KOSPI,Buy,buy,세아제강지주,283700.0,"283,700",205000.0,"219,000",38.3902,2023-10-04,205000.0,2026-09-07,105500.0,-48.536585,down,-4.926829,15.121951,9.02439,-16.487805,-17.642467,190.78518,-239.321766,292500.0,42.682927,True,2025-03-06,519,42.682927,2025-03-06,1069,seasoned,,,,1,1,,
data/markdown/star/2023-10-04_STAR_삼영.md,star,company,modern,2023-10-04,2023-09-23,2023-10-04,KR,삼영,003720,KOSPI,Buy,buy,삼영,7820.0,"7,820",4930.0,"5,500",58.6207,2023-10-04,4930.0,2026-09-07,6180.0,25.35497,up,12.576065,-8.72211,-13.995943,4.462475,0.324675,190.78518,-165.430211,13980.0,183.56998,True,2026-02-11,861,25.15213,2023-11-06,1069,seasoned,,,,1,1,,
data/markdown/star/2023-10-04_STAR_우신시스템.md,star,company,modern,2023-10-04,2023-09-21,2023-10-04,KR,우신시스템,017370,KOSDAQ,Buy,buy,우신시스템,15800.0,15.800,6660.0,"7,990",137.2372,2023-10-04,6660.0,2026-09-07,3500.0,-47.447447,down,18.468468,37.387387,27.627628,-3.903904,-43.548387,1.831806,-49.279253,10480.0,57.357357,False,,,57.357357,2024-02-16,1069,seasoned,,,,1,1,,
data/markdown/star/2023-10-04_STAR_감성코퍼레이션.md,star,company,modern,2023-10-04,2023-09-24,2023-10-04,KR,감성코퍼레이션,036620,KOSDAQ,Buy,buy,감성코퍼레이션,5370.0,"5,370원",3395.0,"3,630",58.1738,2023-10-04,3395.0,2026-09-07,3920.0,15.463918,up,14.285714,-10.162003,11.929308,4.418262,-32.062392,1.831806,13.632112,7700.0,126.804124,True,2025-05-30,604,104.418262,2025-09-19,1069,seasoned,,,,1,1,,
data/markdown/star/2023-10-04_STAR_바디텍메드.md,star,company,modern,2023-10-04,2022-09-20,2023-10-04,KR,바디텍메드,206640,KOSPI,Buy,buy,바디텍메드,33370.0,"33,370",18090.0,"18,420",84.4666,2023-10-04,18090.0,2026-09-07,9750.0,-46.102819,down,0.110558,12.216694,-18.518519,-7.960199,-25.685976,190.78518,-236.887999,22150.0,22.443339,False,,,22.443339,2023-12-20,1069,seasoned,,,,1,1,,
data/markdown/star/2023-10-04_STAR_보로노이.md,star,company,modern,2023-10-04,2022-09-20,2023-10-04,KR,보로노이,310210,KOSDAQ,Buy,buy,보로노이,100700.0,"100,700",48450.0,"56,600",107.8431,2023-10-04,48450.0,2026-09-07,155700.0,221.362229,up,-25.077399,7.53354,-28.070175,94.840041,-28.413793,1.831806,219.530423,375500.0,675.0258,True,2024-10-04,366,264.705882,2025-10-02,1069,seasoned,,,,1,1,,
"data/markdown/yig/2025-11-10_비츠로셀(082920 KQ), 1짱 전지 (발간일 231007) YIG Research.md",yig,company,modern,2023-10-05,2023-10-05,2025-11-10,KR,비츠로셀,082920,KOSDAQ,Buy,buy,비츠로셀,25700.0,"25,700",9079.0,"17,990",183.0708,2023-10-05,9079.0,2026-09-07,29000.0,219.418438,up,-1.002313,-8.00749,-0.055072,7.500826,64.585698,2.64288,216.775558,67800.0,646.77828,True,2026-03-13,890,91.772222,2025-08-11,1068,seasoned,,,,1,1,,
"data/markdown/yig/2025-11-10_제이앤티씨, 당신을 부의 추월차선에서 안전하게 지켜줄 강화유리 (발간일 231007) YIG Research.md",yig,company,modern,2023-10-06,2023-10-06,2025-11-10,KR,제이앤티씨,204270,KOSDAQ,Buy,buy,제이앤티씨,18700.0,"₩18,700",10150.0,"₩10,150",84.2365,2023-10-06,10150.0,2026-09-07,20650.0,103.448276,up,27.389163,14.285714,39.704433,117.73399,4.187689,0.710445,102.737831,33050.0,225.615764,True,2024-04-08,185,225.615764,2024-07-04,1067,seasoned,,,,1,1,,
data/markdown/ewha/2023-10-07_[231007] 제이브이엠(054950).md,ewha,company,modern,2023-10-07,2023-10-06,2023-10-07,KR,제이브이엠,054950,KRX,Buy,buy,제이브이엠,39700.0,"39,700원",28550.0,"28,550원",39.0543,2023-10-10,27800.0,2026-09-07,23400.0,-15.827338,down,-3.417266,0.359712,14.568345,-24.100719,-9.477756,191.161585,-206.988923,34500.0,24.100719,False,,,24.100719,2025-09-09,1066,seasoned,,,,1,2,,
data/markdown/ewha/2023-10-07_[231007] 인텔리안테크(189300).md,ewha,company,modern,2023-10-07,2023-10-07,2023-10-07,KR,인텔리안테크,189300,KRX,Buy,buy,인텔리안테크,113710.0,"113,710원",84300.0,"84,300",34.8873,2023-10-10,82000.0,2026-09-07,63500.0,-22.560976,down,-6.707317,-5.731707,-28.780488,-33.902439,6.722689,191.161585,-213.72256,180200.0,119.756098,True,2026-02-03,850,5.731707,2023-10-10,1066,seasoned,,,,2,3,,
data/markdown/ewha/2023-10-07_[231007] 클래시스(214150).md,ewha,company,modern,2023-10-07,2022-10-06,2023-10-07,KR,클래시스,214150,KRX,Buy,buy,클래시스,47700.0,"47,700원",33400.0,,42.8144,2023-10-10,31700.0,2026-09-07,32000.0,0.946372,up,6.940063,16.561514,18.769716,74.44795,-41.284404,191.161585,-190.215212,77600.0,144.794953,True,2024-05-09,215,134.700315,2025-05-12,1066,seasoned,,,ocr_fallback,1,1,,
data/markdown/kuvic/2023-10-11_유비벨록스 - 너는 다 계획이 있구나.md,kuvic,company,modern,2023-10-11,,2023-10-11,KR,유비벨록스,089850,KOSDAQ,,soft_buy,유비벨록스,,,8287.0,,,2023-10-11,8287.0,2026-09-07,4125.0,-50.223241,down,-0.181006,1.291179,10.413901,-15.65102,-22.462406,0.620472,-50.843713,11930.0,43.96042,,,,43.96042,2024-04-26,1062,seasoned,,,,1,1,,
data/markdown/kuvic/2023-10-11_효성중공업 - '전력'질주를 시작하지.md,kuvic,company,modern,2023-10-11,,2023-10-11,KR,효성중공업,298040,KRX,Buy,buy,효성중공업,269000.0,"269,000원",167600.0,"167,600원",60.5012,2023-10-11,167600.0,2026-09-07,2965000.0,1669.093079,up,15.393795,5.608592,77.207637,122.553699,66.479506,185.516799,1483.576279,4742000.0,2729.355609,True,2024-03-28,169,793.794749,2025-09-23,1062,seasoned,,,ocr_fallback,1,1,,
data/markdown/kuvic/2023-10-12_펌텍코리아 - '용기' 있는 자가 세상을 얻는다.md,kuvic,company,modern,2023-10-12,2023-10-12,2023-10-12,KR,펌텍코리아,251970,KOSDAQ,Buy,buy,펌텍코리아,47000.0,"47,000원",25000.0,"24,600원",88.0,2023-10-12,25000.0,2026-09-07,53700.0,114.8,up,4.8,-4.4,-5.4,48.4,3.071017,-1.59188,116.39188,77000.0,208.0,True,2024-06-18,250,208.0,2025-08-08,1061,seasoned,,,ocr_fallback,1,1,,
"data/markdown/kuvic/2023-10-12_실리콘투 - Mom, I want to be IVE's Wonyoung.md",kuvic,company,modern,2023-10-12,2023-10-12,2023-10-12,KR,실리콘투,257720,KRX,Buy,buy,실리콘투,17602.0,"17,602원",10310.0,"9,500원",70.7274,2023-10-12,10310.0,2026-09-07,47150.0,357.322987,up,-16.585839,-13.28807,21.14452,298.157129,21.992238,182.092652,175.230336,63400.0,514.936954,True,2024-05-09,210,514.936954,2025-06-30,1061,seasoned,,,ocr_fallback,1,2,,
data/markdown/kuvic/2023-10-13_원텍 - 우리 원텍 절대 월드클래스 맞습니다.md,kuvic,company,modern,2023-10-13,2023-10-13,2023-10-13,KR,원텍,336570,KRX,Buy,buy,원텍,,,9400.0,,,2023-10-13,9400.0,2026-09-07,5050.0,-46.276596,down,-6.276596,-2.234043,7.446809,-32.87234,-34.83871,184.811188,-231.087784,13410.0,42.659574,,,,42.659574,2025-07-22,1060,seasoned,,missing_target_price,ocr_fallback,1,1,,
data/markdown/2023-10-19_equity-research-sk하이닉스-2.md,smic,company,modern,2023-10-19,2023-10-13,2023-10-19,KR,SK하이닉스,000660,KRX,Buy,buy,SK하이닉스,164600.0,"164,600 원",125700.0,"124,700 원",30.9467,2023-10-19,125700.0,2026-09-07,1783000.0,1318.456643,up,3.341289,4.216388,42.4821,49.005569,173.886329,189.568259,1128.888384,2987000.0,2276.292761,True,2024-02-23,127,277.88385,2025-10-17,1054,seasoned,,,,2,2,,
data/markdown/2023-10-19_equity-research-코세스.md,smic,company,modern,2023-10-19,2023-10-12,2023-10-19,KR,코세스,089890,KRX,Strong Buy,buy,코세스,18600.0,"18,600 원",9210.0,9.600 원,101.9544,2023-10-19,9210.0,2026-09-07,23750.0,157.871878,up,21.064061,15.852334,51.248643,-0.651466,9.195402,189.568259,-31.696381,51400.0,458.089034,True,2024-01-25,98,164.929425,2025-10-17,1054,seasoned,,,,1,1,,
data/markdown/2023-10-19_equity-research-에이디테크놀로지.md,smic,company,modern,2023-10-19,2023-10-13,2023-10-19,KR,에이디테크놀로지,200710,KRX,Strong Buy,buy,에이디테크놀로지,75100.0,"75,100 원",21550.0,"23,200 원",248.4919,2023-10-19,21550.0,2026-09-07,24500.0,13.689095,up,13.225058,29.466357,88.167053,-25.429234,-27.621861,189.568259,-175.879164,62000.0,187.703016,False,,,142.227378,2024-03-08,1054,seasoned,,,,1,1,,
data/markdown/2023-10-19_equity-research-hd현대일렉트릭.md,smic,company,modern,2023-10-19,2023-10-14,2023-10-19,KR,HD현대일렉트릭,267260,KRX,Buy,buy,HD현대일렉트릭,140100.0,"140,100 원",71000.0,"71,600 원",97.3239,2023-10-19,71000.0,2026-09-07,763000.0,974.647887,up,23.943662,30.985915,190.84507,337.323944,-1.421189,189.568259,785.079628,1430000.0,1914.084507,True,2024-02-26,130,864.788732,2025-10-16,1054,seasoned,,,,1,1,,
data/markdown/2023-10-19_equity-research-하이브-2.md,smic,company,modern,2023-10-19,2023-10-13,2023-10-19,KR,하이브,352820,KRX,Buy,buy,하이브,334500.0,"334,500 원",227500.0,"244,500 원",47.033,2023-10-19,227500.0,2026-09-07,180800.0,-20.527473,down,-16.351648,-1.758242,-1.978022,-17.010989,-45.212121,189.568259,-210.095731,405500.0,78.241758,True,2025-10-31,743,41.978022,2025-07-02,1054,seasoned,,,,2,3,,
"data/markdown/yig/2025-11-10_브이티 (018290, KQ), 리들샷 바르고 암 어 퀸카 (발간일 231104) YIG Research.md",yig,company,modern,2023-11-02,2023-11-02,2025-11-10,KR,브이티,018290,KOSDAQ,Buy,buy,브이티,22551.0,"22,551원",18420.0,"18,320",22.4267,2023-11-02,18420.0,2026-09-07,12350.0,-32.953312,down,-13.897937,-9.880565,19.978284,76.438654,-29.468875,6.385539,-39.338851,45550.0,147.285559,True,2024-04-23,173,147.285559,2025-06-05,1040,seasoned,,,,1,1,,
"data/markdown/yig/2025-11-10_케이아이엔엑스 (093320, KQ), KINX, 내가 데이터센터의 King이 될 상인가 (발간일 231102) YIG Re.md",yig,company,modern,2023-11-02,2023-11-02,2025-11-10,KR,케이아이엔엑스,093320,KOSDAQ,Buy,buy,케이아이엔엑스,148000.0,"148,000원",89100.0,"89,100",66.1055,2023-11-02,89100.0,2026-09-07,144600.0,62.289562,up,0.112233,21.099888,4.040404,-21.548822,19.40545,6.385539,55.904023,163700.0,83.72615,True,2026-07-23,994,46.464646,2024-01-22,1040,seasoned,,,,1,1,,
"data/markdown/yig/2025-11-10_아이센스(099190, KQ), 우리 아이 센스가 달라졌어요 (발간일 231104) YIG Research.md",yig,company,modern,2023-11-02,2023-11-02,2025-11-10,KR,아이센스,099190,KOSDAQ,Buy,buy,아이센스,40400.0,"40,400",25000.0,"25,000",61.6,2023-11-02,25000.0,2026-09-07,16480.0,-34.08,down,-8.4,-3.2,-21.48,-25.68,3.647799,6.385539,-40.465539,30400.0,21.6,False,,,21.6,2024-01-12,1040,seasoned,,,,1,1,,
data/markdown/2023-11-12_equity-research-lx인터내셔널.md,smic,company,modern,2023-11-12,2023-11-03,2023-11-12,KR,LX인터내셔널,001120,KRX,Strong Buy,buy,LX인터내셔널,,,28150.0,"52,800 원",,2023-11-13,29350.0,2026-09-07,39900.0,35.945486,up,1.192504,-4.599659,0.0,-2.896082,22.769231,191.018654,-155.073169,57700.0,96.592845,,,,22.487223,2024-05-21,1030,seasoned,,missing_target_price,target_price_suspect,1,1,,
data/markdown/2023-11-12_equity-research-두산테스나.md,smic,company,modern,2023-11-12,2023-11-03,2023-11-12,KR,두산테스나,131970,KRX,Buy,buy,두산테스나,66500.0,"66,500 원",53700.0,"52,500 원",23.8361,2023-11-13,53900.0,2026-09-07,82700.0,53.432282,up,3.896104,-15.584416,-13.450835,-50.649351,55.451128,191.018654,-137.586372,196900.0,265.306122,True,2026-01-28,808,18.738404,2023-11-30,1030,seasoned,,,,2,2,,
data/markdown/2023-11-12_equity-research-효성티앤씨-2.md,smic,company,modern,2023-11-12,2023-11-03,2023-11-12,KR,효성티앤씨,298020,KRX,Buy,buy,효성티앤씨,514000.0,"514,000 원",364500.0,"364,500 원",41.0151,2023-11-13,370000.0,2026-09-07,348000.0,-5.945946,down,-1.486486,-17.702703,-0.945946,-20.135135,56.404494,191.018654,-196.9646,557000.0,50.540541,True,2026-04-15,885,13.918919,2024-05-17,1030,seasoned,,,,2,2,,
data/markdown/2023-11-12_equity-research-dl이앤씨.md,smic,company,modern,2023-11-12,2023-11-03,2023-11-12,KR,DL이앤씨,375500,KRX,Strong Buy,buy,DL이앤씨,82600.0,"82,600 원",37100.0,"34,800 원",122.6415,2023-11-13,36900.0,2026-09-07,78000.0,111.382114,up,3.252033,7.452575,-5.149051,-18.02168,89.550425,191.018654,-79.63654,106600.0,188.888889,True,2026-04-08,878,61.788618,2025-06-26,1030,seasoned,,,,1,1,,
data/markdown/2023-11-12_equity-research-파두.md,smic,company,modern,2023-11-12,2023-11-03,2023-11-12,KR,파두,440110,KRX,Neutral,soft_buy,파두,63700.0,"Bull Case: 63,700 원",18970.0,"33,550 원",235.7934,2023-11-13,19040.0,2026-09-07,69900.0,267.121849,up,6.092437,2.993697,-8.035714,-2.258403,228.941176,191.018654,76.103195,129400.0,579.621849,True,2026-03-03,842,45.745798,2024-01-08,1030,seasoned,,,,1,1,,
data/markdown/voera/undated_[Buy] 인텔리안테크 위성과 안테나만 있으면 어디든 갈 수 있어!.md,voera,company,modern,2023-11-17,2023-11-17,,KR,인텔리안테크,189300,KRX,Buy,buy,인텔리안테크,96600.0,"96,600 원",77400.0,,24.8062,2023-11-17,77400.0,2026-09-07,63500.0,-17.958656,down,-4.909561,-21.447028,-18.346253,-42.377261,6.722689,183.23137,-201.190027,180200.0,132.816537,True,2026-01-29,804,6.459948,2024-01-04,1025,seasoned,,,ocr_fallback;date_cover_only,1,1,,
data/markdown/kuvic/2023-11-19_한국항공우주 - 작전명 신세KAI.md,kuvic,company,modern,2023-11-19,2023-11-19,2023-11-19,KR,한국항공우주,047810,KRX,Buy,buy,한국항공우주,69400.0,"69,400원",46000.0,"46,000원",50.8696,2023-11-20,46300.0,2026-09-07,129400.0,179.481641,up,3.887689,10.799136,17.278618,41.2527,13.111888,180.80403,-1.322389,215500.0,365.442765,True,2024-11-14,361,156.587473,2025-09-17,1023,seasoned,,,ocr_fallback,1,1,,
"data/markdown/kuvic/2023-11-20_두산테스나 - 아! 테스형, OSAT 대장 믿고 있었다.md",kuvic,company,modern,2023-11-20,2023-11-20,2023-11-20,KR,두산테스나,131970,KRX,Buy,buy,두산테스나,101000.0,"101,000원",59700.0,"59,600원",69.1792,2023-11-20,59700.0,2026-09-07,82700.0,38.525963,up,-3.350084,-23.953099,-25.20938,-60.217755,55.451128,180.80403,-142.278067,196900.0,229.815745,True,2026-03-20,851,7.20268,2023-11-30,1022,seasoned,,,,1,1,,
data/markdown/kuvic/2023-11-20_HK이노엔 - 네가 알던 내가 아냐.md,kuvic,company,modern,2023-11-20,2023-11-20,2023-11-20,KR,HK이노엔,195940,KRX,Buy,buy,HK이노엔,45000.0,"45,000원",42650.0,"28,250원",5.51,2023-11-20,42650.0,2026-09-07,40900.0,-4.103165,down,-5.275498,-4.806565,-11.723329,-0.468933,-17.03854,180.80403,-184.907195,58600.0,37.397421,True,2024-01-02,43,24.501758,2025-08-08,1022,seasoned,,,ocr_fallback,1,1,,
data/markdown/kuvic/2023-11-20_티앤엘 - Mighty Patch is getting Mighter.md,kuvic,company,modern,2023-11-20,2023-11-20,2023-11-20,KR,티앤엘,340570,KRX,Buy,buy,티앤엘,59100.0,"59,100원",42100.0,"33,300원",40.38,2023-11-20,42100.0,2026-09-07,29000.0,-31.11639,down,1.425178,18.646081,60.332542,51.543943,-40.876656,180.80403,-211.92042,85600.0,103.325416,True,2024-04-09,141,103.325416,2025-02-07,1022,seasoned,,,ocr_fallback,1,1,,
data/markdown/kuvic/2023-11-21_에치에프알 - Honorable Future Returned.md,kuvic,company,modern,2023-11-21,2023-11-21,2023-11-21,KR,에치에프알,230240,KRX,Buy,buy,에치에프알,77000.0,"77,000원",20400.0,"20,450",277.451,2023-11-21,20400.0,2026-09-07,11980.0,-41.27451,down,-13.039216,-14.509804,-26.617647,-52.009804,3.454231,178.654169,-219.928679,39700.0,94.607843,False,,,30.147059,2025-02-11,1021,seasoned,,,ocr_fallback,1,1,,
data/markdown/kuvic/2023-11-21_퓨런티어 - 돈 다시 빼시겠어요 묻고 더블로 가!.md,kuvic,company,modern,2023-11-21,2023-11-21,2023-11-21,KR,퓨런티어,370090,KRX,Buy,buy,퓨런티어,79450.0,"79,450원",34950.0,"35,850원",127.3247,2023-11-21,34950.0,2026-09-07,6300.0,-81.974249,down,-5.722461,-21.173104,-35.479256,-21.745351,-62.743938,178.654169,-260.628418,37350.0,6.866953,False,,,6.866953,2023-11-28,1021,seasoned,,,ocr_fallback,1,1,,
"data/markdown/yig/2025-11-10_바디텍메드 (206640, KQ), 주가 상승 여부 진단 결과 양성입니다! (발간일 231122) YIG Research.md",yig,company,modern,2023-11-22,2023-11-22,2025-11-10,KR,바디텍메드,206640,KOSDAQ,Strong Buy,buy,바디텍메드,33000.0,"33,000원",17320.0,"₩17,320",90.5312,2023-11-22,17320.0,2026-09-07,9750.0,-43.706697,down,19.803695,3.34873,0.404157,-8.775982,-25.685976,0.930507,-44.637204,22150.0,27.886836,False,,,27.886836,2023-12-20,1020,seasoned,,,,1,1,,
data/markdown/ewha/2023-11-22_[231122] 롯데웰푸드(280360).md,ewha,company,modern,2023-11-22,2023-11-22,2023-11-22,KR,롯데웰푸드,280360,KRX,Buy,buy,롯데웰푸드,174400.0,"174,400원",129000.0,"129,000원",35.1938,2023-11-22,129000.0,2026-09-07,138600.0,7.44186,up,-3.100775,-0.155039,11.24031,-10.697674,20.942408,178.512163,-171.070303,208500.0,61.627907,True,2024-06-10,201,61.627907,2024-06-18,1020,seasoned,,,,1,1,,
data/markdown/2023-11-22_equity-research-eli-lilly-co.md,smic,company,modern,2023-11-22,2023-11-17,2023-11-22,US,Eli Lilly & Co,LLY,NYSE,Overweight,buy,LLY,745.2,$745.2,584.869385,,27.4131,2023-11-22,584.869385,2026-09-04,1149.709961,96.575507,up,-4.150629,27.20503,32.062353,26.840376,7.344627,69.858351,26.717156,1292.650024,121.015163,True,2024-02-14,84,81.757296,2025-11-21,1020,seasoned,,,,1,1,,
data/markdown/2023-11-22_equity-research-vertiv-holdings-co.md,smic,company,modern,2023-11-22,2023-11-17,2023-11-22,US,Vertiv Holdings Co,VRT,NYSE,Buy,buy,VRT,61.97,$61.97,43.371712,$ 42.84,42.8811,2023-11-22,43.371712,2026-09-04,274.705109,533.373915,up,12.148491,42.588161,128.420387,225.587297,69.600943,69.858351,463.515564,379.934998,775.99724,True,2024-02-02,72,366.49379,2025-10-30,1020,seasoned,,,,1,1,,
data/markdown/ewha/2023-11-25_[231125] 태광(023160).md,ewha,company,modern,2023-11-25,2023-11-25,2023-11-25,KR,태광,023160,KRX,Buy,buy,태광,24390.0,"24,390원",15040.0,"15,040",62.1676,2023-11-27,14920.0,2026-09-07,26500.0,77.613941,up,-2.077748,-16.89008,-16.89008,7.841823,22.119816,180.302205,-102.688264,51300.0,243.83378,True,2025-02-27,460,116.487936,2025-09-11,1017,seasoned,,,,1,1,,
data/markdown/ewha/2023-11-25_[231125] 아이센스(099190).md,ewha,company,modern,2023-11-25,2023-11-24,2023-11-25,KR,아이센스,099190,KRX,Buy,buy,아이센스,32200.0,"32,200원",23400.0,"23,400",37.6068,2023-11-27,22850.0,2026-09-07,16480.0,-27.877462,down,21.225383,-3.063457,-15.317287,-18.030635,3.647799,180.302205,-208.179666,30400.0,33.041575,False,,,33.041575,2024-01-12,1017,seasoned,,,,1,1,,
data/markdown/star/2023-11-29_STAR_벽산.md,star,company,modern,2023-11-29,2023-11-02,2023-11-29,KR,벽산,007210,KOSPI,Sell,sell,벽산,2775.0,"2,775원",2815.0,"1,000.00",-1.421,2023-11-29,2815.0,2026-09-07,1453.0,-48.383659,down,-6.749556,-13.321492,-27.175844,-33.001776,-16.590126,177.615773,-225.999432,2910.0,3.374778,True,2023-11-30,1,3.374778,2024-01-11,1013,seasoned,,,,1,1,,
data/markdown/star/2023-11-29_STAR_비츠로셀.md,star,company,modern,2023-11-29,2023-11-08,2023-11-29,KR,비츠로셀,082920,KOSDAQ,Buy,buy,비츠로셀,28000.0,"28,000",7913.0,"16,900",253.8481,2023-11-29,7913.0,2026-09-07,29000.0,266.48553,up,3.829142,9.313787,29.141918,30.734235,64.585698,-0.030397,266.515927,67800.0,756.817895,True,2026-03-16,838,120.03033,2025-08-11,1013,seasoned,,,,1,2,,
data/markdown/star/2023-11-29_STAR_인카금융서비스.md,star,company,modern,2023-11-29,,2023-11-29,KR,인카금융서비스,211050,KOSDAQ,Buy,buy,인카금융서비스,4101.9279,"18,520원",3010.0,"13,590",36.2767,2023-11-29,3010.0,2026-09-07,11050.0,267.109635,up,5.38206,26.644518,94.019934,114.285714,-13.739266,-0.030397,267.140032,17330.0,475.747508,True,2024-02-16,79,438.538206,2025-11-27,1013,seasoned,,,target_split_adjusted,1,1,,
"data/markdown/star/2023-11-29_STAR_넥스트칩, ADAS 안에 SoC.md",star,company,modern,2023-11-29,2022-11-01,2023-11-29,KR,넥스트칩,396270,KOSDAQ,Buy,buy,넥스트칩,20450.0,"20,450",15820.0,"14,920",29.2668,2023-11-29,15820.0,2026-09-07,2045.0,-87.073325,down,-1.53603,-28.501896,-34.481669,-23.46397,-49.692497,-0.030397,-87.042928,16440.0,3.91909,False,,,3.91909,2023-11-30,1013,seasoned,,,,1,1,,
data/markdown/star/2023-12-04_성균관대 STAR_케이아이엔엑스.md,star,company,modern,2023-12-04,,2023-12-04,KR,케이아이엔엑스,093320,KOSDAQ,Buy,buy,케이아이엔엑스,128000.0,"128,000",86500.0,"83,000",47.9769,2023-12-04,86500.0,2026-09-07,144600.0,67.16763,up,8.323699,6.589595,-6.936416,-16.763006,19.40545,-0.764013,67.931643,163700.0,89.248555,True,2024-01-22,49,50.867052,2024-01-22,1008,seasoned,,,,2,3,,
data/markdown/2023-12-06_equity-research-동진쎄미켐.md,smic,company,modern,2023-12-06,2023-11-30,2023-12-06,KR,동진쎄미켐,005290,KRX,Buy,buy,동진쎄미켐,62950.0,"62,950 원",38850.0,"37,350 원",62.0335,2023-12-06,38850.0,2026-09-07,41550.0,6.949807,up,6.177606,-2.316602,9.78121,-43.629344,13.369714,180.333657,-173.38385,72200.0,85.842986,True,2026-04-23,869,32.561133,2024-04-01,1006,seasoned,,,,1,1,,
data/markdown/2023-12-06_equity-research-화승인더-2.md,smic,company,modern,2023-12-06,2023-11-29,2023-12-06,KR,화승인더,006060,KRX,Buy,buy,화승인더,6700.0,"6,700 원",3465.0,"3,505 원",93.3622,2023-12-06,3465.0,2026-09-07,2440.0,-29.58153,down,-4.761905,-6.782107,23.376623,23.088023,-32.596685,180.333657,-209.915186,5310.0,53.246753,False,,,53.246753,2025-07-11,1006,seasoned,,,,2,2,,
data/markdown/2023-12-06_equity-research-아난티.md,smic,company,modern,2023-12-06,2023-11-29,2023-12-06,KR,아난티,025980,KRX,Buy,buy,아난티,12700.0,"12,700 원",6600.0,"6,520 원",92.4242,2023-12-06,6600.0,2026-09-07,5470.0,-17.121212,down,-1.969697,-1.515152,-8.787879,-25.227273,-29.871795,180.333657,-197.454869,11850.0,79.545455,False,,,79.545455,2025-06-24,1006,seasoned,,,,1,1,,
data/markdown/2023-12-06_equity-research-비에이치-2.md,smic,company,modern,2023-12-06,2023-11-29,2023-12-06,KR,비에이치,090460,KRX,Buy,buy,비에이치,31000.0,"31,000 원",21800.0,"21,250 원",42.2018,2023-12-06,21800.0,2026-09-07,21400.0,-1.834862,down,-12.522936,-22.293578,13.073394,-28.944954,32.919255,180.333657,-182.168519,43400.0,99.082569,True,2026-04-17,863,25.688073,2024-07-17,1006,seasoned,,,,2,2,,
data/markdown/2023-12-06_equity-research-코스맥스-2.md,smic,company,modern,2023-12-06,2023-11-29,2023-12-06,KR,코스맥스,192820,KRX,Buy,buy,코스맥스,142000.0,"142,000 원",121000.0,"112,500 원",17.3554,2023-12-06,121000.0,2026-09-07,274000.0,126.446281,up,-7.68595,-13.38843,39.421488,16.446281,68.09816,180.333657,-53.887376,306500.0,153.305785,True,2024-04-30,146,137.190083,2025-06-25,1006,seasoned,,,,2,2,,
data/markdown/star/2024-01-06_STAR_코웨이.md,star,company,modern,2024-01-06,2023-12-02,2024-01-06,KR,코웨이,021240,KOSPI,Buy,buy,코웨이,93600.0,"93,600",53200.0,"50,400",75.9398,2024-01-08,54000.0,2026-09-07,97700.0,80.925926,up,7.777778,2.222222,11.666667,21.111111,12.428078,172.425248,-91.499322,114700.0,112.407407,True,2025-05-12,492,112.407407,2025-07-15,975,seasoned,,,,1,2,,
data/markdown/star/2024-01-06_STAR_선익시스템.md,star,company,modern,2024-01-06,,2024-01-06,KR,선익시스템,171090,KOSDAQ,Buy,buy,선익시스템,54700.0,"54,700",30400.0,"26,050",79.9342,2024-01-08,31150.0,2026-09-07,68600.0,120.224719,up,-22.792937,29.373997,66.292135,44.783307,30.666667,-6.499193,126.723912,144000.0,362.279294,True,2024-04-26,111,142.375602,2024-06-13,975,seasoned,,,,1,2,,
data/markdown/star/2024-01-06_STAR_코미코.md,star,company,modern,2024-01-06,,2024-01-06,KR,코미코,183300,KOSDAQ,Buy,buy,코미코,75100.0,"75,100원",32545.0,"57,800",130.7574,2024-01-08,32596.0,2026-09-07,26350.0,-19.16186,down,-10.157688,17.029697,32.810774,-40.158302,-41.474358,-6.499193,-12.662668,139200.0,327.046263,True,2026-04-16,831,100.782305,2025-10-20,975,seasoned,,,,1,2,,
data/markdown/star/2024-01-06_STAR_코스맥스엔비티.md,star,company,modern,2024-01-06,2022-11-22,2024-01-06,KR,코스맥스엔비티,222040,KOSDAQ,Buy,buy,코스맥스엔비티,9660.0,"9,660",7090.0,"6,210",36.2482,2024-01-08,7060.0,2026-09-07,8610.0,21.954674,up,-15.439093,-35.410765,-45.609065,-55.453258,146.0,-6.499193,28.453867,11200.0,58.640227,True,2026-08-10,947,3.824363,2024-01-23,975,seasoned,,,,1,1,,
data/markdown/ewha/2024-01-20_[240120] 제우스(079370).md,ewha,company,modern,2024-01-20,2024-01-20,2024-01-20,KR,제우스,079370,KRX,Buy,buy,제우스,70800.0,"70,800원",18260.0,"52,800",287.7327,2024-01-22,21550.0,2026-09-07,10780.0,-49.976798,down,-15.49884,-19.211137,-27.146172,-33.87471,-26.96477,183.863493,-233.840292,23700.0,9.976798,False,,,9.976798,2024-01-22,961,seasoned,,,,1,1,,
data/markdown/ewha/2024-01-20_[240120] 파크시스템스(140860).md,ewha,company,modern,2024-01-20,2024-01-20,2024-01-20,KR,파크시스템스,140860,KRX,Buy,buy,파크시스템스,254300.0,"254,300원",184500.0,"184,500",37.832,2024-01-22,187800.0,2026-09-07,266500.0,41.906283,up,-5.697551,-18.104366,-14.323749,28.594249,27.511962,183.863493,-141.95721,350500.0,86.634718,True,2025-06-02,499,65.069223,2025-07-14,961,seasoned,,,,1,2,,
data/markdown/ewha/2024-01-20_[240120] 해성디에스(195870).md,ewha,company,modern,2024-01-20,2024-01-19,2024-01-20,KR,해성디에스,195870,KRX,Buy,buy,해성디에스,,,56300.0,,56.35,2024-01-22,54200.0,2026-09-07,50800.0,-6.273063,down,-7.564576,-11.900369,-22.04797,-52.306273,-8.797127,183.863493,-190.136556,108500.0,100.184502,,,,9.225092,2025-12-19,961,seasoned,,missing_target_price,ocr_fallback;ocr_inconsistent_prices,2,2,,
data/markdown/ewha/2024-02-16_[240216] 코스맥스(192820).md,ewha,company,modern,2024-02-16,2024-02-16,2024-02-16,KR,코스맥스,192820,KRX,Buy,buy,코스맥스,167700.0,"167,700원",114100.0,"114,100",46.9763,2024-02-16,114100.0,2026-09-07,274000.0,140.140228,up,-11.656442,41.454864,8.939527,33.567046,68.09816,164.10056,-23.960332,306500.0,168.624014,True,2024-05-14,88,151.533742,2025-06-25,934,seasoned,,,,1,1,,
data/markdown/ewha/2024-02-16_[240216] 두산퓨얼셀(336260).md,ewha,company,modern,2024-02-16,2024-02-16,2024-02-16,KR,두산퓨얼셀,336260,KRX,Buy,buy,두산퓨얼셀,32100.0,"32,100원",21300.0,"21,300",50.7042,2024-02-16,21300.0,2026-09-07,49900.0,134.2723,up,-7.089202,2.112676,-11.408451,-25.023474,72.963605,164.10056,-29.82826,108900.0,411.267606,True,2025-09-12,574,117.370892,2025-11-04,934,seasoned,,,,1,1,,
data/markdown/kuvic/2024-02-28_CJ대한통운 - [Web발신] [CJ대한통운_상한가 배송완료].md,kuvic,company,modern,2024-02-28,,2024-02-28,KR,CJ대한통운,000120,KOSPI,Buy,buy,CJ대한통운,,,124800.0,,,2024-02-28,124800.0,2026-09-07,73700.0,-40.945513,down,-7.932692,-15.705128,-22.75641,-23.317308,-22.093023,163.749062,-204.694575,154000.0,23.397436,,,,23.397436,2026-02-11,922,seasoned,,missing_target_price,ocr_fallback;target_price_suspect,1,1,,
data/markdown/kuvic/2024-02-28_한국컴퓨터 - 자! 이제 시작이야(내꿈을)~.md,kuvic,company,modern,2024-02-28,,2024-02-28,KR,한국컴퓨터,054040,KRX,Buy,buy,한국컴퓨터,15140.0,"15,140원",6900.0,"7,160원",119.4203,2024-02-28,6900.0,2026-09-07,4480.0,-35.072464,down,-7.101449,-17.246377,-13.913043,-31.521739,-11.111111,163.749062,-198.821526,7570.0,9.710145,False,,,9.710145,2024-03-06,922,seasoned,,,ocr_fallback,1,1,,
data/markdown/kuvic/2024-02-28_이노션 - 초특가 이노션~ 초특가 이노션!.md,kuvic,company,modern,2024-02-28,,2024-02-28,KR,이노션,214320,KRX,Buy,buy,이노션,23025.0,"23,025원",22000.0,"18,600원",4.6591,2024-02-28,22000.0,2026-09-07,18710.0,-14.954545,down,-1.818182,-0.909091,-10.909091,-14.090909,1.35428,163.749062,-178.703608,24300.0,10.454545,True,2024-05-02,64,10.454545,2024-05-03,922,seasoned,,,ocr_fallback,1,1,,
data/markdown/kuvic/2024-02-28_HD현대건설기계 - HD현대건설기계 가치를 알아볼 시간.md,kuvic,company,modern,2024-02-28,,2024-02-28,KR,HD건설기계,267270,KRX,Buy,buy,HD건설기계,81000.0,"81,000원",55200.0,"55,200원",46.7391,2024-02-28,55200.0,2026-09-07,140000.0,153.623188,up,4.891304,6.702899,1.630435,35.144928,42.276423,163.749062,-10.125874,217500.0,294.021739,True,2025-02-13,351,169.021739,2026-02-27,922,seasoned,,,ocr_fallback,1,1,,
data/markdown/kuvic/2024-02-28_DL이앤씨 - 건물 사이에 피어난 DL이앤.md,kuvic,company,modern,2024-02-28,2024-01-24,2024-02-28,KR,DL이앤씨,375500,KRX,Buy,buy,DL이앤씨,51483.0,"51,483원",38800.0,"39,450원",32.6881,2024-02-28,38800.0,2026-09-07,78000.0,101.030928,up,-6.829897,-12.886598,-15.206186,7.989691,89.550425,163.749062,-62.718134,106600.0,174.742268,True,2025-06-12,470,53.865979,2025-06-26,922,seasoned,,,,1,1,,
data/markdown/star/2024-03-11_STAR_한국항공우주.md,star,company,modern,2024-03-11,,2024-03-11,KR,한국항공우주,047810,KOSPI,Buy,buy,한국항공우주,71500.0,"71,500",53300.0,"49,100",34.1463,2024-03-11,53300.0,2026-09-07,129400.0,142.776735,up,-7.223265,-3.752345,-4.315197,59.474672,13.111888,163.000406,-20.223671,215500.0,304.315197,True,2025-03-06,360,304.315197,2026-03-03,910,seasoned,,,,1,2,,
data/markdown/star/2024-03-11_STAR_HSD엔진.md,star,company,modern,2024-03-11,,2024-03-11,KR,한화엔진,082740,KOSPI,Buy,buy,한화엔진,12430.0,"12,430",9200.0,,35.1087,2024-03-11,9200.0,2026-09-07,45900.0,398.913043,up,4.130435,35.434783,30.0,171.73913,6.868452,163.000406,235.912637,94400.0,926.086957,True,2024-04-24,44,551.086957,2026-02-04,910,seasoned,,,,1,2,,
data/markdown/star/2024-03-11_STAR_비에이치아이.md,star,company,modern,2024-03-11,,2024-03-11,KR,비에이치아이,083650,KOSDAQ,Buy,buy,비에이치아이,10440.0,"10,440",9240.0,"7,920",12.987,2024-03-11,9240.0,2026-09-07,67700.0,632.683983,up,-8.225108,14.069264,-20.454545,110.17316,29.445507,-6.135193,638.819176,114200.0,1135.930736,True,2024-03-14,3,1135.930736,2026-03-10,910,seasoned,,,,1,2,,
data/markdown/star/2024-03-11_STAR_네오팜.md,star,company,modern,2024-03-11,,2024-03-11,KR,네오팜,092730,KOSDAQ,Buy,buy,네오팜,36450.0,"36,450",13006.0,,180.2553,2024-03-11,13006.0,2026-09-07,22350.0,71.843764,up,-9.449485,16.338613,-17.322774,-10.96417,21.665759,-6.135193,77.978958,26000.0,99.907735,False,,,74.150392,2025-09-09,910,seasoned,,,,1,1,,
data/markdown/star/2024-03-11_STAR_디와이피엔에프.md,star,company,modern,2024-03-11,,2024-03-11,KR,디와이피엔에프,104460,KOSDAQ,Buy,buy,디와이피엔에프,37100.0,"37,100",20200.0,,83.6634,2024-03-11,20200.0,2026-09-07,7480.0,-62.970297,down,15.841584,-1.138614,-40.594059,-24.80198,-46.341463,-6.135193,-56.835104,25150.0,24.50495,False,,,24.50495,2024-04-12,910,seasoned,,,,1,1,,
data/markdown/star/2024-03-11_STAR_씨에스윈드.md,star,company,modern,2024-03-11,2023-12-28,2024-03-11,KR,씨에스윈드,112610,KOSPI,Buy,buy,씨에스윈드,100500.0,"100,500",51800.0,"66,400",94.0154,2024-03-11,51800.0,2026-09-07,49000.0,-5.405405,down,11.389961,-3.088803,9.84556,-30.501931,17.788462,163.000406,-168.405811,79400.0,53.281853,False,,,41.891892,2024-09-24,910,seasoned,,,,2,3,,
data/markdown/star/2024-03-11_STAR_아이패밀리에스씨.md,star,company,modern,2024-03-11,2024-02-09,2024-03-11,KR,아이패밀리에스씨,114840,KOSDAQ,Buy,buy,아이패밀리에스씨,46570.0,"46,570",19070.0,"31,450",144.2056,2024-03-11,19070.0,2026-09-07,9150.0,-52.018878,down,24.278972,111.064499,4.719455,8.809649,-32.967033,-6.135193,-45.883684,45150.0,136.759308,False,,,136.759308,2024-06-03,910,seasoned,,,,1,1,,
data/markdown/star/2024-03-11_STAR_하나머티리얼즈.md,star,company,modern,2024-03-11,,2024-03-11,KR,하나머티리얼즈,166090,KOSDAQ,Buy,buy,하나머티리얼즈,66600.0,"66,600",48400.0,"52,200",37.6033,2024-03-11,48400.0,2026-09-07,52400.0,8.264463,up,18.595041,8.057851,-38.326446,-39.152893,21.577726,-6.135193,14.399656,87900.0,81.61157,True,2024-06-26,107,46.07438,2026-01-30,910,seasoned,,,,1,1,,
data/markdown/star/2024-03-11_STAR_코스맥스.md,star,company,modern,2024-03-11,,2024-03-11,KR,코스맥스,192820,KOSPI,Buy,buy,코스맥스,147100.0,"147,100",104400.0,"115,700",40.9004,2024-03-11,104400.0,2026-09-07,274000.0,162.452107,up,19.731801,54.885057,13.888889,67.145594,68.09816,163.000406,-0.548299,306500.0,193.582375,True,2024-05-10,60,174.904215,2025-06-25,910,seasoned,,,,1,1,,
data/markdown/star/2024-03-11_STAR_글로벌텍스프리.md,star,company,modern,2024-03-11,,2024-03-11,KR,글로벌텍스프리,204620,KOSDAQ,Buy,buy,글로벌텍스프리,5200.0,"5,200",4265.0,"4,135",21.9226,2024-03-11,4265.0,2026-09-07,5300.0,24.267292,up,30.66823,-17.842907,-33.552169,6.916764,18.303571,-6.135193,30.402485,7830.0,83.587339,True,2024-04-01,21,83.587339,2025-07-22,910,seasoned,,,,1,2,,
data/markdown/star/2024-03-11_STAR_클래시스.md,star,company,modern,2024-03-11,2024-02-09,2024-03-11,KR,클래시스,214150,KOSDAQ,Buy,buy,클래시스,38000.0,"38,000",32500.0,"28,700",16.9231,2024-03-11,32500.0,2026-09-07,32000.0,-1.538462,down,13.846154,42.461538,64.307692,83.692308,-41.284404,-6.135193,4.596732,77600.0,138.769231,True,2024-04-01,21,138.769231,2026-01-29,910,seasoned,,,,1,2,,
data/markdown/star/2024-03-11_STAR_헥토파이낸셜.md,star,company,modern,2024-03-11,,2024-03-11,KR,헥토파이낸셜,234340,KOSDAQ,Buy,buy,헥토파이낸셜,38580.0,"38,580",13532.0,,185.102,2024-03-11,13532.0,2026-09-07,25200.0,86.225244,up,-9.798995,-21.999704,-8.749631,-30.601537,63.530175,-6.135193,92.360437,45000.0,232.545078,True,2026-03-10,729,201.138043,2026-03-10,910,seasoned,,,,1,1,,
data/markdown/star/2024-03-11_STAR_코스메카코리아.md,star,company,modern,2024-03-11,2024-02-12,2024-03-11,KR,코스메카코리아,241710,KOSDAQ,Buy,buy,코스메카코리아,62800.0,"62,800",37150.0,"37,500",69.0444,2024-03-11,37150.0,2026-09-07,129100.0,247.510094,up,-3.499327,62.584118,120.188425,12.786003,93.843844,-6.135193,253.645288,155500.0,318.573351,True,2024-06-03,84,186.40646,2026-02-13,910,seasoned,,,,1,1,,
data/markdown/star/2024-03-11_STAR_오로스테크놀로지.md,star,company,modern,2024-03-11,2024-02-09,2024-03-11,KR,오로스테크놀로지,322310,KOSDAQ,Buy,buy,오로스테크놀로지,48200.0,"48,200",35350.0,"30,050",36.3508,2024-03-11,35350.0,2026-09-07,12650.0,-64.214993,down,-9.335219,-30.127298,-55.756719,-38.472419,-50.19685,-6.135193,-58.079799,52000.0,47.100424,True,2026-05-06,786,3.960396,2024-03-28,910,seasoned,,,,1,1,,
data/markdown/star/2024-03-11_STAR_네패스아크.md,star,company,modern,2024-03-11,,2024-03-11,KR,네패스아크,330860,KOSDAQ,Buy,buy,네패스아크,,,39100.0,,,2024-03-11,39100.0,2026-09-07,24400.0,-37.595908,down,-20.588235,-28.772379,-67.161125,-70.818414,43.529412,-6.135193,-31.460714,63500.0,62.404092,,,,18.670077,2024-03-12,910,seasoned,,missing_target_price,target_price_suspect,1,1,,
data/markdown/star/2024-03-11_STAR_크라우드웍스.md,star,company,modern,2024-03-11,,2024-03-11,KR,크라우드웍스,355390,KOSDAQ,Buy,buy,크라우드웍스,64500.0,"64,500",17392.0,,270.8602,2024-03-11,17392.0,2026-09-07,1424.0,-91.812328,down,-27.4954,-45.394434,-67.393054,-64.932153,-57.807407,-6.135193,-85.677134,18370.0,5.623275,False,,,5.623275,2024-03-14,910,seasoned,,,,1,1,,
data/markdown/star/2024-03-11_STAR_오픈엣지테크놀로지.md,star,company,modern,2024-03-11,,2024-03-11,KR,오픈엣지테크놀로지,394280,KOSDAQ,Buy,buy,오픈엣지테크놀로지,31600.0,"31,600",31100.0,"23,700",1.6077,2024-03-11,31100.0,2026-09-07,8410.0,-72.958199,down,-14.469453,-20.73955,-60.996785,-57.073955,-41.393728,-6.135193,-66.823006,34200.0,9.967846,True,2024-03-12,1,9.967846,2024-03-13,910,seasoned,,,,1,1,,
data/markdown/star/2024-03-11_STAR_쏘카.md,star,company,modern,2024-03-11,,2024-03-11,KR,쏘카,403550,KOSPI,Buy,buy,쏘카,26300.0,"26,300",21150.0,"17,670",24.3499,2024-03-11,21150.0,2026-09-07,11150.0,-47.281324,down,4.255319,-7.8487,-10.165485,-32.340426,-2.789887,163.000406,-210.28173,22550.0,6.619385,False,,,6.619385,2024-03-25,910,seasoned,,,,1,1,,
data/markdown/star/2024-03-11_STAR_스튜디오미르.md,star,company,modern,2024-03-11,2024-01-11,2024-03-11,KR,스튜디오미르,408900,KOSDAQ,Buy,buy,스튜디오미르,8206.1538,"50,800",6090.0,"37,700",34.748,2024-03-11,6090.0,2026-09-07,1119.0,-81.625616,down,39.901478,-32.922824,-61.740558,-39.08046,-62.94702,-6.135193,-75.490422,12500.0,105.254516,True,2024-04-08,28,105.254516,2024-04-09,910,seasoned,,,target_split_adjusted,1,1,,
data/markdown/star/2024-03-11_STAR_레뷰코퍼레이션.md,star,company,modern,2024-03-11,,2024-03-11,KR,레뷰코퍼레이션,443250,KOSDAQ,Buy,buy,레뷰코퍼레이션,22200.0,"22,200",11600.0,,91.3793,2024-03-11,11600.0,2026-09-07,5890.0,-49.224138,down,-12.155172,-2.672414,-29.655172,17.586207,-43.851287,-6.135193,-43.088944,16200.0,39.655172,False,,,39.655172,2025-02-10,910,seasoned,,,,1,1,,
"data/markdown/voera/undated_[Buy] 어서 담으세요, POSCO hold+ings.md",voera,company,modern,2024-03-15,2024-03-15,,KR,POSCO홀딩스,005490,KRX,Buy,buy,POSCO홀딩스,572000.0,"572,000원",435000.0,,31.4943,2024-03-15,435000.0,2026-09-07,335500.0,-22.873563,down,-9.195402,-13.793103,-21.37931,-30.0,10.0,162.310075,-185.183638,542000.0,24.597701,False,,,1.494253,2024-03-15,906,seasoned,,,ocr_fallback;date_cover_only,1,1,,
"data/markdown/yig/2025-11-10_프로텍 (053610, KQ), 에코프로텍 (발간일 240315) YIG Research.md",yig,company,modern,2024-03-15,2024-03-15,2025-11-10,KR,프로텍,053610,KOSDAQ,Buy,buy,프로텍,95600.0,"95,600",50000.0,"50,000",91.2,2024-03-15,50000.0,2026-09-07,64800.0,29.6,up,-15.9,-34.4,-49.3,-51.5,89.751098,-6.618131,36.218131,101900.0,103.8,True,2026-05-18,794,25.0,2026-02-23,906,seasoned,,,,1,1,,
"data/markdown/yig/2025-11-10_넥스틴 (348210, KQ), 암 온 더 Nextin Level~ (발간일 240315) YIG Research.md",yig,company,modern,2024-03-15,2024-03-15,2025-11-10,KR,넥스틴,348210,KOSDAQ,,soft_buy,넥스틴,,,70800.0,,,2024-03-15,70800.0,2026-09-07,31200.0,-55.932203,down,-11.581921,-1.977401,-39.124294,-19.20904,-56.606398,-6.618131,-49.314072,100400.0,41.80791,,,,41.80791,2026-01-30,906,seasoned,,,,1,1,,
"data/markdown/yig/2025-11-10_솔브레인 (357789, KQ), 솔브레인 안 사면 노브레인 (발간일 240315) YIG Research.md",yig,company,modern,2024-03-16,2024-03-16,2025-11-10,KR,솔브레인,357780,KOSDAQ,Buy,buy,솔브레인,,,287500.0,,,2024-03-18,295000.0,2026-09-07,340500.0,15.423729,up,1.186441,3.389831,-25.084746,-28.813559,29.961832,-8.081791,23.505519,530000.0,79.661017,,,,79.661017,2026-01-30,905,seasoned,,missing_target_price,ocr_fallback,1,1,,
"data/markdown/voera/undated_[Buy] SK아이이테크놀로지, 분리막 대장 SK.md",voera,company,modern,2024-03-16,2024-03-16,,KR,SK아이이테크놀로지,361610,KRX,Buy,buy,SK아이이테크놀로지,88100.0,"88,100 원",72600.0,,21.3499,2024-03-18,75600.0,2026-09-07,16390.0,-78.320106,down,-17.063492,-40.873016,-55.753968,-66.005291,-34.570858,160.454457,-238.774563,77700.0,2.777778,False,,,2.777778,2024-03-26,905,seasoned,,,date_cover_only,1,1,,
data/markdown/kuvic/2024-04-05_뉴프렉스 - Meta's New Flex.md,kuvic,company,modern,2024-04-05,,2024-04-05,KR,뉴프렉스,085670,KRX,Buy,buy,뉴프렉스,11469.0,"11,469원",7280.0,"7,280원",57.5412,2024-04-05,7280.0,2026-09-07,3030.0,-58.379121,down,10.851648,-15.10989,-12.225275,-41.620879,-39.095477,157.732084,-216.111205,8400.0,15.384615,False,,,15.384615,2024-05-10,885,seasoned,,,ocr_fallback,1,1,,
data/markdown/kuvic/2024-04-05_하이비젼시스템 - 이 기업의 고점은 어디인가.md,kuvic,company,modern,2024-04-05,,2024-04-05,KR,하이비젼시스템,126700,KOSDAQ,Buy,buy,하이비젼시스템,,,21800.0,,96.0,2024-04-05,21800.0,2026-09-07,11340.0,-47.981651,down,8.944954,4.357798,-19.174312,-29.724771,-28.813559,-5.743503,-42.238149,29900.0,37.155963,,,,37.155963,2024-06-19,885,seasoned,,missing_target_price,ocr_fallback;ocr_inconsistent_prices,1,1,,
"data/markdown/yig/2025-11-10_클래시스 (214150, KQ), 클래스가 다르다. 클래시스 (발간일 240405) YIG Research.md",yig,company,modern,2024-04-05,2024-04-05,2025-11-10,KR,클래시스,214150,KOSDAQ,,soft_buy,클래시스,,,36700.0,,,2024-04-05,36700.0,2026-09-07,32000.0,-12.80654,down,4.495913,34.877384,48.773842,65.395095,-41.284404,-5.743503,-7.063037,77600.0,111.444142,,,,111.444142,2026-01-29,885,seasoned,,,,1,1,,
"data/markdown/yig/2025-11-10_인바디 (041830, KQ), 갖고 싶어 美 In Body (발간일 240405) YIG Research.md",yig,company,modern,2024-04-06,2024-04-06,2025-11-10,KR,인바디,041830,KOSDAQ,Buy,buy,인바디,40000.0,"40,000",28200.0,"30,000",41.844,2024-04-08,26850.0,2026-09-07,60000.0,123.463687,up,5.772812,-6.331471,-8.193669,-16.201117,83.206107,-4.459835,127.923522,73500.0,173.743017,True,2026-05-11,765,34.078212,2026-02-23,884,seasoned,,,ocr_fallback,1,1,,
data/markdown/ewha/2024-04-06_[240406] 하이비젼시스템(126700).md,ewha,company,modern,2024-04-06,2024-04-06,2024-04-06,KR,하이비젼시스템,126700,KRX,Buy,buy,하이비젼시스템,,,21800.0,,,2024-04-08,21750.0,2026-09-07,11340.0,-47.862069,down,9.195402,5.747126,-18.988506,-29.563218,-28.813559,157.405847,-205.267916,29900.0,37.471264,,,,37.471264,2024-06-19,884,seasoned,,missing_target_price,ocr_fallback;target_price_suspect,1,1,,
data/markdown/ewha/2024-04-06_[240406] AP위성(211270).md,ewha,company,modern,2024-04-06,2024-04-05,2024-04-06,KR,AP위성,211270,KRX,Buy,buy,AP위성,25880.0,"25,880원",17100.0,"17,100",51.345,2024-04-08,16700.0,2026-09-07,8280.0,-50.419162,down,9.101796,-17.48503,-34.550898,-32.095808,-34.648777,157.405847,-207.825009,22400.0,34.131737,False,,,34.131737,2026-02-03,884,seasoned,,,,1,1,,
data/markdown/ewha/2024-04-06_[240406] 덕산네오룩스(213420).md,ewha,company,modern,2024-04-06,2024-04-05,2024-04-06,KR,덕산네오룩스,213420,KRX,Buy,buy,덕산네오룩스,53200.0,"53,200원",38800.0,"38,800",37.1134,2024-04-08,37850.0,2026-09-07,33350.0,-11.889036,down,0.396301,0.528402,-20.211361,-30.250991,-8.630137,157.405847,-169.294883,57300.0,51.387054,True,2026-03-25,718,44.782034,2026-03-26,884,seasoned,,,,2,2,,
data/markdown/ewha/2024-04-06_[240406] 비올(335890).md,ewha,company,modern,2024-04-06,2024-04-05,2024-04-06,KR,비올,335890,KRX,Buy,buy,비올,14200.0,"14,200 원",10080.0,"10,080",40.873,2024-04-08,9830.0,2025-12-09,12500.0,27.16175,up,-0.610376,16.785351,-12.716175,-26.856562,0.0,52.468125,-25.306375,27500.0,179.755849,True,2025-09-19,531,179.755849,2025-09-24,884,seasoned,,,,1,1,,
data/markdown/kuvic/2024-04-07_에스앤에스텍 - 미세먼지엔 블랭크마스크(feat.펠리클).md,kuvic,company,modern,2024-04-07,,2024-04-07,KR,에스앤에스텍,101490,KRX,Buy,buy,에스앤에스텍,89200.0,"89,200원",44600.0,"44,600원",100.0,2024-04-08,41500.0,2026-09-07,41650.0,0.361446,up,7.349398,-13.975904,-37.710843,-30.60241,-13.768116,157.405847,-157.044401,108400.0,161.204819,True,2026-01-28,661,159.036145,2026-03-03,883,seasoned,,,ocr_fallback,1,1,,
"data/markdown/kuvic/2024-04-12_동진쎄미켐 - 동진이 일으킬 진동, 이름하여 동진동.md",kuvic,company,modern,2024-04-12,,2024-04-12,KR,동진쎄미켐,005290,KRX,Buy,buy,동진쎄미켐,85300.0,"85,300원",46950.0,"48,450원",81.6826,2024-04-12,46950.0,2026-09-07,41550.0,-11.501597,down,-0.638978,-17.784878,-38.551651,-40.255591,13.369714,160.844874,-172.346471,72200.0,53.780618,False,,,27.15655,2026-01-30,878,seasoned,,,ocr_fallback,1,1,,
data/markdown/2024-04-17_equity-research-현대차-2.md,smic,company,modern,2024-04-17,2024-04-12,2024-04-17,KR,현대차,005380,KRX,Buy,buy,현대차,314900.0,"314,900 원",233500.0,"238,000 원",34.8608,2024-04-17,233500.0,2026-09-07,393000.0,68.308351,up,4.496788,17.558887,6.423983,-22.184154,32.546374,170.70057,-102.392219,783000.0,235.331906,True,2025-12-05,597,194.218415,2026-02-27,873,seasoned,,,,2,2,,
data/markdown/2024-04-17_equity-research-한화오션.md,smic,company,modern,2024-04-17,2024-04-13,2024-04-17,KR,한화오션,042660,KRX,Buy,buy,한화오션,54500.0,"Bull Case: 54,500 원",29000.0,"28,500 원",87.931,2024-04-17,29000.0,2026-09-07,87300.0,201.034483,up,10.517241,5.172414,5.862069,168.62069,-23.151408,170.70057,30.333912,154800.0,433.793103,True,2025-01-21,279,433.793103,2026-03-03,873,seasoned,,,,1,1,,
data/markdown/2024-04-17_equity-research-한전기술-2.md,smic,company,modern,2024-04-17,2024-04-12,2024-04-17,KR,한전기술,052690,KRX,Buy,buy,한전기술,95000.0,"95,000 원",54400.0,"58,800 원",74.6324,2024-04-17,54400.0,2026-09-07,122300.0,124.816176,up,26.286765,43.382353,20.588235,5.330882,35.888889,170.70057,-45.884394,198000.0,263.970588,True,2024-07-18,92,263.970588,2026-04-16,873,seasoned,,,,2,2,,
data/markdown/2024-04-17_equity-research-한양디지텍.md,smic,company,modern,2024-04-17,2024-04-12,2024-04-17,KR,한양디지텍,078350,KRX,Buy,buy,한양디지텍,47800.0,"47,800 원",22500.0,"22,200 원",112.4444,2024-04-17,22500.0,2026-09-07,19400.0,-13.777778,down,16.0,-6.666667,-40.933333,-56.488889,-9.976798,170.70057,-184.478348,44300.0,96.888889,False,,,57.777778,2026-03-27,873,seasoned,,,,1,1,,
data/markdown/2024-04-17_equity-research-에스티팜-3.md,smic,company,modern,2024-04-17,2024-04-13,2024-04-17,KR,에스티팜,237690,KRX,Buy,buy,에스티팜,114301.0,"114,301원",80900.0,"83,300 원",41.2868,2024-04-17,80900.0,2026-09-07,91700.0,13.349815,up,25.834363,13.720643,34.116193,-5.933251,-23.07047,170.70057,-157.350756,172100.0,112.731768,True,2024-08-26,131,111.990111,2026-03-10,873,seasoned,,,,2,2,,
"data/markdown/yig/2025-11-10_케이에스피 (073010, KQ), 선박의 심장 (발간일 240503) YIG Research.md",yig,company,modern,2024-05-03,2024-05-03,2025-11-10,KR,케이에스피,073010,KOSDAQ,Hold,soft_buy,케이에스피,,,3805.0,,,2024-05-03,3805.0,2026-09-07,2795.0,-26.544021,down,6.30749,32.982917,1.708279,17.477004,-33.452381,-5.013921,-21.5301,8260.0,117.082786,,,,117.082786,2025-09-09,857,seasoned,,,ocr_fallback,1,1,,
"data/markdown/yig/2025-11-10_HD현대일렉트릭 (267260, KS), 미래를 밝히는 전력의 선두주자 (발간일 240503) YIG Research.md",yig,company,modern,2024-05-03,2024-05-03,2025-11-10,KR,HD현대일렉트릭,267260,KOSPI,,soft_buy,HD현대일렉트릭,,,230000.0,,,2024-05-03,230000.0,2026-09-07,763000.0,231.73913,up,30.869565,39.347826,49.130435,40.434783,-1.421189,161.350654,70.388477,1430000.0,521.73913,,,,486.956522,2026-04-28,857,seasoned,,,,1,1,,
"data/markdown/yig/2025-11-10_SK가스 (018670, KS), 당신의 포트폴리오를 지켜줄 든든한 수비수 (발간일 240503) YIG Research.md",yig,company,modern,2024-05-04,2024-05-04,2025-11-10,KR,SK가스,018670,KOSPI,Buy,buy,SK가스,,,160800.0,,,2024-05-07,162600.0,2026-09-07,239500.0,47.293973,up,17.158672,6.826568,22.816728,44.218942,6.444444,155.832809,-108.538836,302000.0,85.731857,,,,84.501845,2025-07-15,856,seasoned,,missing_target_price,,1,1,,
"data/markdown/yig/2025-11-10_동인기연 (111380, KS), 꽁꽁 얼어붙은 KOSPI 위로 동인기연이 날아다닙니다 (발간일 240503) YIG Res.md",yig,company,modern,2024-05-04,2024-05-04,2025-11-10,KR,동인기연,111380,KRX,Buy,buy,동인기연,37000.0,"37,000원",23650.0,"₩23,650",56.4482,2024-05-07,23850.0,2026-09-07,13200.0,-44.654088,down,8.385744,-17.400419,-21.174004,-30.062893,-3.86016,155.832809,-200.486897,27200.0,14.046122,False,,,14.046122,2024-05-14,856,seasoned,,,,1,1,,
data/markdown/star/2024-05-07_STAR_세방전지.md,star,company,modern,2024-05-07,2024-03-28,2024-05-07,KR,세방전지,004490,KOSPI,Buy,buy,세방전지,106000.0,"106,000",105900.0,"78,600",0.0944,2024-05-07,105900.0,2026-09-07,64300.0,-39.282342,down,2.738432,-27.101039,-34.560907,-35.78848,2.388535,155.832809,-195.115151,122500.0,15.675165,True,2024-05-08,1,15.675165,2024-05-13,853,seasoned,,,,1,1,,
data/markdown/star/2024-05-07_STAR_아프리카TV.md,star,company,modern,2024-05-07,,2024-05-07,KR,SOOP,067160,KOSDAQ,Sell,sell,SOOP,79600.0,"79,600",111700.0,,-28.7377,2024-05-07,111700.0,2026-09-07,38250.0,-65.756491,down,-3.043868,-19.785139,-15.398389,-25.425246,-43.584071,-5.632073,-60.124418,143800.0,28.73769,True,2024-05-08,1,28.73769,2024-07-11,853,seasoned,,,,1,1,,
data/markdown/star/2024-05-07_STAR_케이에스피.md,star,company,modern,2024-05-07,,2024-05-07,KR,케이에스피,073010,KOSDAQ,Buy,buy,케이에스피,5430.0,"5,430",4045.0,"3,570",34.2398,2024-05-07,4045.0,2026-09-07,2795.0,-30.902349,down,-3.955501,10.877627,-4.820766,13.226205,-33.452381,-5.632073,-25.270275,8260.0,104.202719,True,2024-05-13,6,104.202719,2025-09-09,853,seasoned,,,,1,1,,
data/markdown/star/2024-05-07_STAR_코리아에프티.md,star,company,modern,2024-05-07,,2024-05-07,KR,코리아에프티,123410,KOSDAQ,Buy,buy,코리아에프티,8880.0,"8,880",7370.0,"5,770",20.4885,2024-05-07,7370.0,2026-09-07,5920.0,-19.674355,down,-16.010855,-42.265943,-31.886024,-37.856174,-28.068044,-5.632073,-14.042282,9550.0,29.579376,True,2026-01-07,610,29.579376,2026-01-22,853,seasoned,,,,1,2,,
data/markdown/star/2024-05-07_STAR_지오엘리먼트.md,star,company,modern,2024-05-07,2024-03-28,2024-05-07,KR,지오엘리먼트,311320,KOSDAQ,Buy,buy,지오엘리먼트,17480.0,"17,480",12390.0,"12,780",41.0815,2024-05-07,12390.0,2026-09-07,8870.0,-28.410008,down,-17.756255,-39.467312,-42.534302,-44.874899,25.282486,-5.632073,-22.777935,12660.0,2.179177,False,,,2.179177,2024-05-08,853,seasoned,,,,1,1,,
data/markdown/star/2024-05-07_STAR_에이프릴바이오.md,star,company,modern,2024-05-07,2024-03-28,2024-05-07,KR,에이프릴바이오,397030,KOSDAQ,Buy,buy,에이프릴바이오,26750.0,"26,750",16400.0,"16,140",63.1098,2024-05-07,16400.0,2026-09-07,18180.0,10.853659,up,-9.02439,-5.182927,26.219512,-3.47561,-66.885246,-5.632073,16.485732,76700.0,367.682927,True,2025-09-10,491,351.219512,2026-02-24,853,seasoned,,,,1,1,,
data/markdown/2024-05-09_equity-research-율촌화학.md,smic,company,modern,2024-05-09,2024-05-02,2024-05-09,KR,율촌화학,008730,KRX,Buy,buy,율촌화학,69000.0,"69,000 원",32750.0,"32,350 원",110.687,2024-05-09,32750.0,2026-09-07,16110.0,-50.80916,down,20.610687,-32.061069,-13.129771,-18.473282,-37.55814,157.928794,-208.737955,42700.0,30.381679,False,,,30.381679,2024-06-13,851,seasoned,,,,1,1,,
data/markdown/2024-05-09_equity-research-롯데관광개발.md,smic,company,modern,2024-05-09,2024-05-03,2024-05-09,KR,롯데관광개발,032350,KRX,Buy,buy,롯데관광개발,19220.0,"19,220 원",9830.0,"10,150 원",95.5239,2024-05-09,9830.0,2026-09-07,12350.0,25.635809,up,0.508647,-10.681587,-5.08647,9.867752,-46.88172,157.928794,-132.292985,27700.0,181.790437,True,2025-09-18,497,181.790437,2026-02-06,851,seasoned,,,,1,1,,
data/markdown/kuvic/2024-05-09_코리아에프티 - 하이브리드 샘이솟아 리오레이비.md,kuvic,company,modern,2024-05-09,2024-05-09,2024-05-09,KR,코리아에프티,123410,KRX,Buy,buy,코리아에프티,10070.0,"10,070 원",7170.0,"7,170 원",40.4463,2024-05-09,7170.0,2026-09-07,5920.0,-17.433752,down,-15.899582,-35.843794,-26.638773,-35.564854,-28.068044,157.928794,-175.362546,9550.0,33.193863,False,,,33.193863,2026-01-22,851,seasoned,,,,1,1,,
data/markdown/2024-05-09_equity-research-데브시스터즈-2.md,smic,company,modern,2024-05-09,2024-05-03,2024-05-09,KR,데브시스터즈,194480,KRX,Buy,buy,데브시스터즈,87700.0,"87,700 원",50800.0,"47,100 원",72.6378,2024-05-09,50800.0,2026-09-07,16230.0,-68.051181,down,2.755906,-11.811024,-28.051181,-24.311024,-46.435644,157.928794,-225.979975,76300.0,50.19685,False,,,50.19685,2024-06-26,851,seasoned,,,,2,2,,
data/markdown/2024-05-09_equity-research-알테오젠.md,smic,company,modern,2024-05-09,2024-05-03,2024-05-09,KR,알테오젠,196170,KRX,Buy,buy,알테오젠,242200.0,"242,200 원",169900.0,"180,800 원",42.5544,2024-05-09,169900.0,2026-09-07,286000.0,68.334314,up,58.328428,67.157151,124.249559,103.060624,-36.373749,157.928794,-89.59448,569000.0,234.902884,True,2024-06-05,27,234.902884,2025-11-14,851,seasoned,,,,1,1,,
data/markdown/2024-05-09_equity-research-에이피알.md,smic,company,modern,2024-05-09,2024-05-03,2024-05-09,KR,에이피알,278470,KRX,Buy,buy,에이피알,89212.1212,"414,000 원",64000.0,"297,000 원",39.3939,2024-05-09,64000.0,2026-09-07,384000.0,500.0,up,1.40625,-31.5625,-24.140625,60.46875,66.233766,157.928794,342.071206,475000.0,642.1875,True,2025-05-08,364,633.59375,2026-04-29,851,seasoned,,,target_split_adjusted,1,1,,
data/markdown/kuvic/2024-05-13_하나투어 - 나에게로 떠나는 여행.md,kuvic,company,modern,2024-05-13,,2024-05-13,KR,하나투어,039130,KOSPI,Buy,buy,하나투어,87800.0,"87,800원",60200.0,"60,200원",45.8472,2024-05-13,60200.0,2026-09-07,32800.0,-45.51495,down,-4.48505,-25.249169,-13.953488,-15.780731,-32.717949,156.503533,-202.018483,61200.0,1.66113,False,,,1.66113,2024-05-20,847,seasoned,,,ocr_fallback,1,1,,
data/markdown/kuvic/2024-05-13_뷰노 - You know 뷰노 Why no.md,kuvic,company,modern,2024-05-13,2024-05-13,2024-05-13,KR,뷰노,338220,KOSDAQ,Buy,buy,뷰노,,,27450.0,,35.5,2024-05-13,27450.0,2026-09-07,5240.0,-80.910747,down,2.185792,17.304189,0.546448,-25.865209,-76.55481,-3.773276,-77.137471,39700.0,44.626594,,,,44.626594,2024-08-22,847,seasoned,,missing_target_price,ocr_fallback;ocr_inconsistent_prices,1,1,,
data/markdown/kuvic/2024-05-14_에이엘티 - ALT로 웨이퍼테스트 Alt+Tab.md,kuvic,company,modern,2024-05-14,,2024-05-14,KR,에이엘티,172670,KRX,Buy,buy,에이엘티,31300.0,"31,300원",21400.0,"20,450원",46.2617,2024-05-14,21400.0,2026-09-07,10130.0,-52.663551,down,-7.056075,-52.102804,-59.345794,-59.11215,-21.655066,156.209483,-208.873034,22200.0,3.738318,False,,,3.738318,2024-05-16,846,seasoned,,,ocr_fallback,1,1,,
"data/markdown/voera/undated_[BUY] CJ대한통운, 올해도 운수대통!.md",voera,company,modern,2024-05-17,2024-05-17,,KR,CJ대한통운,000120,KRX,Buy,buy,CJ대한통운,179500.0,"179,500원",113000.0,,58.8496,2024-05-17,113000.0,2026-09-07,73700.0,-34.778761,down,-12.123894,-15.044248,-29.557522,-29.646018,-22.093023,156.747363,-191.526124,154000.0,36.283186,False,,,36.283186,2026-02-11,843,seasoned,,,ocr_fallback;date_cover_only,1,1,,
"data/markdown/voera/undated_[Buy] Paradise, Lucky Dice.md",voera,company,modern,2024-05-17,2024-05-17,,KR,파라다이스,034230,KOSDAQ,Buy,buy,파라다이스,25300.0,"25,300원",14890.0,,69.9127,2024-05-17,14890.0,2026-09-07,10030.0,-32.639355,down,-2.484889,-26.59503,-38.415044,-11.417058,-39.39577,-3.844175,-28.795181,24000.0,61.182001,False,,,61.182001,2025-09-23,843,seasoned,,,ocr_fallback;date_cover_only,1,1,,
"data/markdown/yig/2025-11-10_잉글우드랩 (950140, KS), 아름다움의 '랩소디'를 쓰다 (발간일 240531) YIG Research.md",yig,company,modern,2024-05-17,2024-05-17,2025-11-10,KR,잉글우드랩,950140,KOSPI,Hold,soft_buy,잉글우드랩,31052.0,"31,052",17190.0,"23,500",80.6399,2024-05-17,17190.0,2026-09-07,8560.0,-50.203607,down,48.632926,-25.82897,-56.369983,-40.081443,-23.978686,156.747363,-206.95097,28300.0,64.630599,False,,,64.630599,2024-06-04,843,seasoned,,,ocr_fallback,1,1,,
data/markdown/kuvic/2024-05-18_서진시스템 - 서(희)진씨 ESS 밟으실 수 있쬬.md,kuvic,company,modern,2024-05-18,,2024-05-18,KR,서진시스템,178320,KRX,Buy,buy,서진시스템,43600.0,"43,600원",25200.0,"25,500원",73.0159,2024-05-20,24850.0,2026-09-07,36600.0,47.283702,up,16.700201,8.651911,15.895372,-7.042254,44.664032,155.10696,-107.823258,83300.0,235.211268,True,2026-02-27,650,203.420523,2026-05-18,842,seasoned,,,ocr_fallback,1,1,,
"data/markdown/yig/2025-11-10_쏘카 (403550, KS), BTS, 봉준호, SONNY 말고 SOCAR LET'S GO (발간일 240531) YIG R.md",yig,company,modern,2024-05-24,2024-05-24,2025-11-10,KR,쏘카,403550,KOSPI,Buy,buy,쏘카,,,19610.0,,,2024-05-24,19610.0,2026-09-07,11150.0,-43.141254,down,-4.18154,-4.742478,-11.932687,-32.534421,-2.789887,160.283896,-203.425151,22000.0,12.187659,,,,12.187659,2024-06-26,836,seasoned,,missing_target_price,,1,1,,
data/markdown/2024-05-24_equity-research-fluence-energy-inc.md,smic,company,modern,2024-05-24,2024-05-17,2024-05-24,US,Fluence Energy Inc,FLNC,NASDAQ,Buy,buy,FLNC,32.89,$32.89,23.25,,41.4624,2024-05-24,23.25,2026-09-04,10.22,-56.04301,down,-16.172044,-23.526879,-5.763442,-79.010752,-48.331649,45.904016,-101.947025,33.509998,44.129025,True,2026-01-30,616,44.129025,2026-01-30,836,seasoned,,,,1,1,,
data/markdown/2024-05-24_equity-research-intuitive-surgical.md,smic,company,modern,2024-05-24,2024-05-17,2024-05-24,US,"Intuitive Surgical, Inc.",ISRG,NASDAQ,Buy,buy,ISRG,523.8,$523.8,404.850006,$396.43,29.3813,2024-05-24,404.850006,2026-09-04,368.109985,-9.074971,down,6.844508,21.13869,33.832283,33.269105,-35.004238,45.904016,-54.978987,616.0,52.155117,True,2024-11-06,166,52.155117,2025-01-23,836,seasoned,,,,1,1,,
data/markdown/2024-05-24_equity-research-centrus-energy-corp.md,smic,company,modern,2024-05-24,2024-05-17,2024-05-24,US,Centrus Energy Corp,LEU,NYSE,Buy,buy,LEU,,,47.970001,$43.64,,2024-05-24,47.970001,2026-09-04,174.5,263.769013,up,-8.797167,-21.763607,56.639561,136.168435,-28.118305,45.904016,217.864998,464.25,867.792346,,,,867.792346,2025-10-16,836,seasoned,,missing_target_price,target_price_suspect,1,1,,
data/markdown/2024-05-24_equity-research-palantir-technologies-inc.md,smic,company,modern,2024-05-24,2024-05-17,2024-05-24,US,Palantir Technologies Inc.,PLTR,NYSE,Buy,buy,PLTR,40.89,$40.89,21.01,$21.65,94.6216,2024-05-24,21.01,2026-09-04,176.830505,741.649231,up,13.469776,51.927652,195.668721,486.910977,-0.517297,45.904016,695.745216,207.520004,887.720143,True,2024-10-08,137,887.720143,2025-11-03,836,seasoned,,,,1,1,,
"data/markdown/yig/2025-11-10_건강기능식품 산업, 건기식, 미워도 다시 한번 (발간일 240525) YIG Research.md",yig,company,modern,2024-05-25,2024-05-25,2025-11-10,KR,노바렉스,194700,KOSDAQ,Overweight,buy,노바렉스,13630.0,"13,630₩",8890.0,"₩8,890",53.3183,2024-05-27,8920.0,2026-09-07,10500.0,17.713004,up,24.55157,18.38565,-15.470852,76.90583,-25.0,-3.042489,20.755493,22100.0,147.757848,True,2025-05-14,354,147.757848,2025-07-15,835,seasoned,,,,1,1,,
"data/markdown/voera/undated_[BUY] 디어유, 팬 플랫폼 성장 열기에 디어유~.md",voera,company,modern,2024-05-25,2024-05-25,,KR,디어유,376300,KOSDAQ,Buy,buy,디어유,34500.0,"34,500원",26100.0,,32.1839,2024-05-27,26150.0,2026-09-07,18360.0,-29.789675,down,-12.045889,-20.076482,43.403442,103.441683,-54.214464,-3.042489,-26.747186,63200.0,141.6826,True,2024-11-01,160,141.6826,2025-06-27,835,seasoned,,,date_cover_only,1,1,,
data/markdown/ewha/2024-06-01_[240601] 비에이치아이(083650).md,ewha,company,modern,2024-06-01,2024-05-31,2024-06-01,KR,비에이치아이,083650,KRX,Buy,buy,비에이치아이,15150.0,"15,150 원",11290.0,"11,290",34.1895,2024-06-03,11410.0,2026-09-07,67700.0,493.339176,up,-14.198072,-28.483786,45.048203,202.366345,29.445507,160.776807,332.562369,114200.0,900.876424,True,2024-11-13,165,900.876424,2026-03-10,828,seasoned,,,,1,2,,
data/markdown/ewha/2024-06-01_[240601] 비나텍(126340).md,ewha,company,modern,2024-06-01,2024-06-01,2024-06-01,KR,비나텍,126340,KRX,Buy,buy,비나텍,80200.0,"80,200원",49810.0,"53,700",61.0118,2024-06-03,51201.0,2026-09-07,64200.0,25.388176,up,-9.238101,-26.720181,-51.631804,-46.958067,-10.709318,160.776807,-135.388631,204500.0,299.406262,True,2025-12-11,558,299.406262,2026-05-06,828,seasoned,,,,2,3,,
data/markdown/ewha/2024-06-01_[240601] 파이오링크(170790).md,ewha,company,modern,2024-06-01,2024-05-31,2024-06-01,KR,파이오링크,170790,KRX,Buy,buy,파이오링크,15210.0,"15,210 원",10830.0,"10,830",40.4432,2024-06-03,10850.0,2026-09-07,8250.0,-23.963134,down,-10.875576,-18.986175,-23.133641,-31.612903,-6.25,160.776807,-184.739941,14420.0,32.903226,False,,,32.903226,2026-04-16,828,seasoned,,,,1,1,,
"data/markdown/yig/2025-11-10_신재생 에너지, 신재생 에너지 붐은 온다 (발간일 240601) YIG Research.md",yig,company,modern,2024-06-01,2024-06-01,2025-11-10,US,Top Pick 플루언스 에너지,FLNC,US,Overweight,buy,FLNC,25.65,$25.65,25.129999,"$11,700",2.0692,2024-06-03,24.4,2026-09-04,10.22,-58.114752,down,-32.663932,-24.71311,-24.71311,-80.737705,-48.331649,46.492788,-104.60754,33.509998,37.336061,True,2024-06-03,2,37.336061,2026-01-30,828,seasoned,,,,1,1,,
data/markdown/ewha/2024-06-02_[240602] (KEYSS 대회 준우승) 세진중공업(075580).md,ewha,company,modern,2024-06-02,2024-05-29,2024-06-02,KR,세진중공업,075580,KRX,Buy,buy,세진중공업,10820.0,"10,820원",6990.0,"7,090원",54.7926,2024-06-03,7590.0,2026-09-07,10360.0,36.495389,up,37.022398,-4.743083,4.216074,47.167325,-40.45977,160.776807,-124.281418,27400.0,261.001318,True,2024-07-16,44,261.001318,2025-09-10,827,seasoned,,,,1,1,,
"data/markdown/yig/2025-11-10_덕산네오룩스 (213420, KQ), 떡상, 네오룩스 (발간일 240524) YIG Research.md",yig,company,modern,2024-06-02,2024-06-02,2025-11-10,KR,덕산네오룩스,213420,KOSDAQ,Strong Buy,buy,덕산네오룩스,58500.0,"₩58,500",45250.0,"₩41,100",29.2818,2024-06-03,44750.0,2026-09-07,33350.0,-25.47486,down,-11.731844,-24.692737,-44.469274,-16.648045,-8.630137,-2.667156,-22.807704,57300.0,28.044693,False,,,28.044693,2026-04-17,827,seasoned,,,,1,1,,
data/markdown/2024-06-07_equity-research-넥센.md,smic,company,modern,2024-06-07,2024-05-30,2024-06-07,KR,넥센,005720,KRX,Buy,buy,넥센,6080.0,"6,080 원",4595.0,"4,435 원",32.3177,2024-06-07,4595.0,2026-09-07,5910.0,28.618063,up,4.461371,-0.435256,-0.326442,30.576714,-2.475248,156.931248,-128.313185,8090.0,76.060936,True,2025-06-04,362,76.060936,2026-02-25,822,seasoned,,,,1,1,,
data/markdown/2024-06-07_equity-research-kg스틸.md,smic,company,modern,2024-06-07,2024-05-30,2024-06-07,KR,KG스틸,016380,KRX,Buy,buy,KG스틸,9600.0,"9,600 원",6790.0,"6,790 원",41.3844,2024-06-07,6790.0,2026-09-07,5650.0,-16.789396,down,-3.829161,-13.991163,-7.069219,-8.100147,5.607477,156.931248,-173.720644,7900.0,16.34757,False,,,16.34757,2026-05-15,822,seasoned,,,,1,1,,
data/markdown/2024-06-07_equity-research-케이씨.md,smic,company,modern,2024-06-07,2024-05-30,2024-06-07,KR,케이씨,029460,KRX,Buy,buy,케이씨,28100.0,"28,100 원",21300.0,"21,550 원",31.9249,2024-06-07,21300.0,2026-09-07,38750.0,81.924883,up,-6.150235,-18.638498,-23.615023,7.746479,51.960784,156.931248,-75.006365,43000.0,101.877934,True,2025-10-02,482,101.877934,2026-04-27,822,seasoned,,,,1,1,,
data/markdown/2024-06-07_equity-research-쿠쿠홀딩스.md,smic,company,modern,2024-06-07,2024-05-30,2024-06-07,KR,쿠쿠홀딩스,192400,KRX,Hold,soft_buy,쿠쿠홀딩스,28900.0,"28,900 원",21900.0,"21,350 원",31.9635,2024-06-07,21900.0,2026-09-07,27650.0,26.255708,up,0.0,13.926941,4.109589,40.182648,-4.655172,156.931248,-130.67554,35900.0,63.926941,True,2025-05-20,347,63.926941,2025-09-09,822,seasoned,,,,1,1,,
data/markdown/2024-06-07_equity-research-오리온-2.md,smic,company,modern,2024-06-07,2024-05-30,2024-06-07,KR,오리온,271560,KRX,Buy,buy,오리온,116200.0,"116,200 원",92400.0,"92,100 원",25.7576,2024-06-07,92400.0,2026-09-07,123000.0,33.116883,up,-1.082251,-4.004329,12.445887,21.536797,16.367077,156.931248,-123.814365,150100.0,62.445887,True,2025-03-19,285,62.445887,2026-04-29,822,seasoned,,,,1,1,,
data/markdown/kuvic/2024-06-27_한화솔루션 - 중국을 이겨낼 단 '한화'의 솔루션.md,kuvic,company,modern,2024-06-27,,2024-06-27,KR,한화솔루션,009830,KRX,Buy,buy,한화솔루션,49500.0,"49,500원",26599.0,"28,200원",86.0972,2024-06-27,26599.0,2026-09-07,29650.0,11.470356,up,-11.346291,-9.752246,-43.832475,16.842738,17.295672,151.265777,-139.795421,55934.0,110.286101,True,2026-02-19,602,110.286101,2026-02-19,802,seasoned,,,ocr_fallback,1,1,,
data/markdown/kuvic/2024-06-27_셀트리온 - K-바이오의 매운맛을 보여줄게.md,kuvic,company,modern,2024-06-27,,2024-06-27,KR,셀트리온,068270,KOSPI,Buy,buy,셀트리온,275200.0,"275,200원",152398.0,"173,800원",80.5798,2024-06-27,152398.0,2026-09-07,186300.0,22.245699,up,15.075657,15.075657,11.853174,0.00853,7.985602,151.265777,-129.020079,239244.0,56.986312,False,,,56.986312,2026-02-24,802,seasoned,,,ocr_fallback,1,1,,
"data/markdown/yig/2025-11-11_하이브 (352820, KS), “봄날은 온다” (발간일 250207) YIG Research.md",yig,company,modern,2024-06-28,2024-06-28,2025-11-11,KR,하이브,352820,KOSPI,Strong Buy,buy,하이브,400500.0,"₩400,500",202500.0,"₩234,500",97.7778,2024-06-28,202500.0,2026-09-07,180800.0,-10.716049,down,-15.209877,-16.098765,-3.45679,50.864198,-45.212121,150.030023,-160.746073,405500.0,100.246914,True,2026-02-13,595,100.246914,2026-02-13,801,seasoned,,,ocr_fallback,1,1,,
"data/markdown/kuvic/2024-06-28_First Solar - 해가 지지 않는 기업, FSLR.md",kuvic,company,modern,2024-06-28,,2024-06-28,US,EQUITY RESEARCH First SOlar,FSLR,NASDAQ,Buy,buy,FSLR,330.0,$330 $,225.460007,$330 $,46.3674,2024-06-28,225.460007,2026-09-04,205.800003,-8.719952,down,0.567728,13.394835,-17.408852,-32.520183,-21.218851,41.742115,-50.462067,320.950012,42.353412,False,,,42.353412,2026-06-03,801,seasoned,,,ocr_fallback,1,1,,
data/markdown/star/2024-06-30_STAR_미원상사.md,star,company,modern,2024-06-30,2023-05-29,2024-06-30,KR,미원상사,002840,KOSPI,Buy,buy,미원상사,348500.0,"348,500",203500.0,"199,200",71.2531,2024-07-01,210500.0,2026-09-07,131800.0,-37.387173,down,-1.187648,-5.083135,-10.688836,-22.137767,-12.308716,149.45138,-186.838554,214000.0,1.662708,False,,,1.662708,2024-07-01,799,seasoned,,,,1,1,,
data/markdown/star/2024-06-30_STAR_테크윙.md,star,company,modern,2024-06-30,2023-05-08,2024-06-30,KR,테크윙,089030,KOSDAQ,Buy,buy,테크윙,,,63800.0,"32,950",,2024-07-01,57700.0,2026-09-07,48100.0,-16.637782,down,-8.145581,-37.868284,-31.715771,-42.20104,5.021834,-2.94635,-13.691432,74000.0,28.249567,,,,28.249567,2026-03-10,799,seasoned,,missing_target_price,target_price_suspect,1,1,,
data/markdown/star/2024-06-30_STAR_ISC.md,star,company,modern,2024-06-30,,2024-06-30,KR,ISC,095340,KOSDAQ,Buy,buy,ISC,114800.0,"114,800",65500.0,"77,900",75.2672,2024-07-01,64400.0,2026-09-07,186000.0,188.819876,up,-24.068323,-8.695652,9.782609,-7.142857,67.416742,-2.94635,191.766225,292500.0,354.192547,True,2025-12-01,519,354.192547,2026-04-10,799,seasoned,,,,2,2,,
data/markdown/star/2024-06-30_STAR_데브시스터즈.md,star,company,modern,2024-06-30,2024-06-06,2024-06-30,KR,데브시스터즈,194480,KOSDAQ,Buy,buy,데브시스터즈,80500.0,"80,500",58700.0,"53,700",37.138,2024-07-01,62000.0,2026-09-07,16230.0,-73.822581,down,-18.709677,-36.693548,-55.403226,-29.83871,-46.435644,-2.94635,-70.876231,66000.0,6.451613,False,,,6.451613,2024-07-01,799,seasoned,,,,1,1,,
data/markdown/star/2024-06-30_STAR_에이피알.md,star,company,modern,2024-06-30,2024-05-16,2024-06-30,KR,에이피알,278470,KOSPI,Buy,buy,에이피알,134574.5127,"571,000원",78600.0,"333,500",71.2144,2024-07-01,76000.0,2026-09-07,384000.0,405.263158,up,-24.868421,-32.894737,-35.526316,102.894737,66.233766,149.45138,255.811778,475000.0,525.0,True,2025-06-11,346,522.368421,2026-05-11,799,seasoned,,,target_split_adjusted,1,2,,
data/markdown/star/2024-06-30_STAR_디케이티.md,star,company,modern,2024-06-30,2024-06-05,2024-06-30,KR,디케이티,290550,KOSDAQ,Buy,buy,디케이티,19640.0,"19,640",11350.0,,73.0396,2024-07-01,10690.0,2026-09-07,16040.0,50.046773,up,4.303087,-3.180543,-26.566885,-41.253508,133.819242,-2.94635,52.993122,34950.0,226.941066,True,2026-03-11,619,226.941066,2026-05-15,799,seasoned,,,,1,1,,
data/markdown/star/2024-06-30_STAR_HD현대중공업.md,star,company,modern,2024-06-30,,2024-06-30,KR,HD현대중공업,329180,KOSPI,Buy,buy,HD현대중공업,173400.0,"173,400",155700.0,"132,000",11.368,2024-07-01,155100.0,2026-09-07,449000.0,189.490651,up,31.850419,18.310767,86.653772,176.273372,-11.787819,149.45138,40.039271,765000.0,393.230174,True,2024-07-17,17,393.230174,2026-05-27,799,seasoned,,,,1,1,,
data/markdown/star/2024-06-30_STAR_파인엠텍.md,star,company,modern,2024-06-30,2024-05-09,2024-06-30,KR,파인엠텍,441270,KOSDAQ,Buy,buy,파인엠텍,11170.0,"11,170",9070.0,"8,700",23.1533,2024-07-01,9380.0,2026-09-07,9260.0,-1.279318,down,-14.925373,-32.409382,-43.390192,-29.957356,-5.798576,-2.94635,1.667032,14060.0,49.89339,True,2025-07-16,381,49.89339,2025-09-04,799,seasoned,,,,1,1,,
data/markdown/ewha/2024-07-25_[240725] 에스티아이(039440).md,ewha,company,modern,2024-07-25,2024-07-24,2024-07-25,KR,에스티아이,039440,KRX,Buy,buy,에스티아이,41450.0,"41,450 원",27350.0,"29,250",51.5539,2024-07-25,27350.0,2026-09-07,19800.0,-27.605119,down,-5.484461,-25.045704,-18.647166,-33.418647,-34.975369,158.070573,-185.675692,43200.0,57.952468,True,2026-02-26,581,57.952468,2026-02-26,774,seasoned,,,,1,1,,
data/markdown/ewha/2024-07-25_[240725] 오로스테크놀로지(322310).md,ewha,company,modern,2024-07-25,2024-07-24,2024-07-25,KR,오로스테크놀로지,322310,KRX,Buy,buy,오로스테크놀로지,37000.0,"37,000 원",22450.0,"23,800",64.8107,2024-07-25,22450.0,2026-09-07,12650.0,-43.652561,down,-9.799555,-27.037862,3.11804,-17.238307,-50.19685,158.070573,-201.723135,52000.0,131.625835,True,2026-04-14,628,131.625835,2026-05-06,774,seasoned,,,,1,1,,
"data/markdown/voera/undated_[BUY] 동방의 빛나는 별, 동성화인텍(+UIC 본선용).md",voera,company,modern,2024-07-26,2024-07-26,,KR,동성화인텍,033500,KRX,Buy,buy,동성화인텍,19730.0,"19,730원",13880.0,"13,510 KRW",42.147,2024-07-26,13880.0,2026-09-07,17120.0,23.342939,up,-9.149856,-20.74928,54.538905,77.59366,-32.465483,156.063179,-132.72024,34300.0,147.118156,True,2025-01-21,179,147.118156,2025-09-08,773,seasoned,,,date_cover_only,1,1,,
data/markdown/ewha/2024-07-26_[240726] 티씨케이(064760).md,ewha,company,modern,2024-07-26,2024-07-26,2024-07-26,KR,티씨케이,064760,KRX,Buy,buy,티씨케이,166600.0,"166,600 원",110700.0,"110,700",50.4968,2024-07-26,110700.0,2026-09-07,268500.0,142.547425,up,-2.710027,-19.331527,-33.152665,-16.892502,88.818565,156.063179,-13.515754,348500.0,214.814815,True,2025-09-29,430,214.814815,2026-05-14,773,seasoned,,,,1,1,,
data/markdown/ewha/2024-07-26_[240726] 세경하이테크(148150).md,ewha,company,modern,2024-07-26,2024-07-20,2024-07-26,KR,세경하이테크,148150,KRX,Buy,buy,세경하이테크,12230.0,"12,230 원",7480.0,9.840,63.5027,2024-07-26,7480.0,2026-09-07,4070.0,-45.588235,down,-11.631016,-11.898396,6.550802,-5.080214,-20.817121,156.063179,-201.651415,9950.0,33.02139,False,,,33.02139,2025-02-26,773,seasoned,,,,1,1,,
data/markdown/ewha/2024-07-26_[240726] 디아이티(110990).md,ewha,company,modern,2024-07-27,2024-07-27,2024-07-26,KR,디아이티,110990,KRX,Buy,buy,디아이티,28500.0,"28,500원",18730.0,"18,420",52.1623,2024-07-29,19070.0,2026-09-07,16050.0,-15.836392,down,-10.959622,-27.530152,-4.352386,-30.571578,10.157859,152.949344,-168.785736,29000.0,52.071316,True,2026-05-26,668,52.071316,2026-05-26,772,seasoned,,,ocr_fallback,1,1,,
"data/markdown/voera/undated_[BUY] SOCKET LIKE ROCKET, 리노공업.md",voera,company,modern,2024-07-30,2024-07-30,,KR,리노공업,058470,KRX,Buy,buy,리노공업,,,39465.0,,,2024-07-30,39465.0,2026-09-07,68400.0,73.31813,up,-1.520334,-8.524009,9.337388,19.472951,13.432836,155.474967,-82.156837,129000.0,226.871912,,,,226.871912,2026-04-23,769,seasoned,,missing_target_price,date_cover_only;target_price_suspect,1,1,,
data/markdown/kuvic/2024-08-15_알테오젠 - 낫고 싶지만 링겔은 맞기 싫어.md,kuvic,company,modern,2024-08-15,,2024-08-15,KR,알테오젠,196170,KOSDAQ,Buy,buy,알테오젠,,,292500.0,"13,048",,2024-08-16,301000.0,2026-09-07,286000.0,-4.983389,down,6.146179,40.033223,25.581395,45.182724,-36.373749,4.560426,-9.543815,569000.0,89.036545,,,,89.036545,2025-11-14,753,seasoned,,missing_target_price,ocr_fallback;target_price_suspect,1,1,,
data/markdown/kuvic/2024-08-16_HD현대미포 - 응답하라 2007 미포의 미친 (Positive) 포텐셜.md,kuvic,company,modern,2024-08-16,,2024-08-16,KR,HD현대미포,010620,KRX,Buy,buy,HD현대미포,193000.0,"193,000원",109100.0,"110,000원",76.9019,2024-08-16,109100.0,2025-12-12,223000.0,104.399633,up,-6.416132,1.741522,2.016499,74.152154,0.0,54.497763,49.901871,257000.0,135.563703,True,2025-05-26,283,135.563703,2025-11-03,752,seasoned,,,ocr_fallback;ocr_inconsistent_prices;target_manually_corrected,1,1,,
data/markdown/kuvic/2024-08-16_더존비즈온 - 이제는 DOU이상 ZONE버할 필요 없다.md,kuvic,company,modern,2024-08-16,,2024-08-16,KR,더존비즈온,012510,KRX,Buy,buy,더존비즈온,75900.0,"75,900원",57400.0,"27,100원",32.23,2024-08-16,57400.0,2026-07-14,120000.0,109.059233,up,-1.045296,15.853659,39.547038,18.989547,40.186916,154.217475,-45.158242,156000.0,171.777003,True,2025-02-05,173,171.777003,2026-06-01,752,seasoned,,,ocr_fallback,1,1,,
data/markdown/kuvic/2024-08-16_브랜드엑스코퍼레이션 - 1위 브랜드 엑스코퍼레이션.md,kuvic,company,modern,2024-08-16,,2024-08-16,KR,젝시믹스,337930,KRX,Buy,buy,젝시믹스,16700.0,"16,700원",10790.0,"10,290원",54.7729,2024-08-16,10790.0,2026-09-07,2610.0,-75.810936,down,-12.140871,-39.388323,-38.36886,-49.953661,-49.516441,159.354597,-235.165533,13380.0,24.003707,False,,,24.003707,2024-10-07,752,seasoned,,,ocr_fallback,1,1,,
data/markdown/ewha/2024-08-23_[240823] 서진시스템(178320).md,ewha,company,modern,2024-08-23,2024-08-23,2024-08-23,KR,서진시스템,178320,KRX,Buy,buy,서진시스템,38100.0,"38,100 원",26500.0,"26,500",43.7736,2024-08-23,26500.0,2026-09-07,36600.0,38.113208,up,1.132075,-0.566038,-6.981132,-29.622642,44.664032,158.92645,-120.813242,83300.0,214.339623,True,2026-01-29,524,214.339623,2026-05-28,745,seasoned,,,,1,1,,
data/markdown/ewha/2024-08-23_[240823] 슈프리마(236200).md,ewha,company,modern,2024-08-23,2024-08-23,2024-08-23,KR,슈프리마,236200,KRX,Buy,buy,슈프리마,38810.0,"38,810 원",29050.0,"29,050",33.5972,2024-08-23,29050.0,2026-09-07,50900.0,75.215146,up,-14.802065,-21.342513,-7.056799,8.089501,30.179028,158.92645,-83.711303,65000.0,123.752151,True,2025-12-30,494,123.752151,2026-08-10,745,seasoned,,,,1,1,,
data/markdown/ewha/2024-08-23_[240823] 티앤엘(340570).md,ewha,company,modern,2024-08-23,2024-08-23,2024-08-23,KR,티앤엘,340570,KRX,Buy,buy,티앤엘,113900.0,"113,900 원",74200.0,,53.504,2024-08-23,74200.0,2026-09-07,29000.0,-60.916442,down,-4.986523,-18.059299,3.09973,-28.571429,-40.876656,158.92645,-219.842892,85600.0,15.363881,False,,,15.363881,2025-02-07,745,seasoned,,,ocr_fallback,1,1,,
data/markdown/ewha/2024-08-23_[240823] 디케이티(290550).md,ewha,company,modern,2024-08-24,2024-08-24,2024-08-23,KR,디케이티,290550,KRX,Buy,buy,디케이티,17700.0,"17,700원",11840.0,,49.4932,2024-08-26,12000.0,2026-09-07,16040.0,33.666667,up,-15.75,-36.833333,-30.0,-37.333333,133.819242,159.279617,-125.612951,34950.0,191.25,True,2026-03-10,563,191.25,2026-05-15,744,seasoned,,,ocr_fallback,1,1,,
data/markdown/star/2024-09-11_STAR_한국공항.md,star,company,modern,2024-09-11,2024-08-16,2024-09-11,KR,한국공항,005430,KOSPI,Buy,buy,한국공항,94400.0,"94,400",48000.0,"56,100",96.6667,2024-09-11,48000.0,2026-09-07,79900.0,66.458333,up,8.541667,14.166667,6.875,47.5,22.923077,178.327107,-111.868773,95900.0,99.791667,True,2026-07-06,663,99.791667,2026-07-06,726,seasoned,,,,1,1,,
data/markdown/star/2024-09-11_STAR_삼성전기.md,star,company,modern,2024-09-11,2024-08-16,2024-09-11,KR,삼성전기,009150,KOSPI,Buy,buy,삼성전기,207500.0,"207,500",126400.0,"142,200",64.1614,2024-09-11,126400.0,2026-09-07,1454000.0,1050.316456,up,2.689873,-7.990506,5.142405,48.734177,470.196078,178.327107,871.989349,2417000.0,1812.183544,True,2025-09-22,376,1812.183544,2026-06-19,726,seasoned,,,,2,3,,
data/markdown/star/2024-09-11_STAR_한올바이오파마.md,star,company,modern,2024-09-11,2023-08-14,2024-09-11,KR,한올바이오파마,009420,KOSPI,Buy,buy,한올바이오파마,54250.0,"54,250",35000.0,"35,000",55.0,2024-09-11,35000.0,2026-09-07,55500.0,58.571429,up,23.857143,-3.0,1.428571,-4.571429,26.857143,178.327107,-119.755678,73000.0,108.571429,True,2025-12-01,446,108.571429,2026-05-27,726,seasoned,,,,1,1,,
data/markdown/star/2024-09-11_STAR_롯데에너지머티리얼즈.md,star,company,modern,2024-09-11,2023-07-05,2024-09-11,KR,롯데에너지머티리얼즈,020150,KOSPI,Buy,buy,롯데에너지머티리얼즈,77500.0,"77,500",40500.0,"52,900",91.358,2024-09-11,40500.0,2026-09-07,37850.0,-6.54321,down,5.061728,-44.938272,-30.987654,-41.234568,23.895254,178.327107,-184.870317,83100.0,105.185185,True,2026-05-04,600,105.185185,2026-05-04,726,seasoned,,,,1,1,,
data/markdown/star/2024-09-11_STAR_KT.md,star,company,modern,2024-09-11,2024-08-18,2024-09-11,KR,KT,030200,KOSPI,Buy,buy,KT,49600.0,"49,600",41250.0,"38,300",20.2424,2024-09-11,41250.0,2026-09-07,54900.0,33.090909,up,-2.545455,6.30303,16.969697,26.545455,4.372624,178.327107,-145.236198,69400.0,68.242424,True,2024-12-02,82,68.242424,2026-02-23,726,seasoned,,,,1,1,,
data/markdown/star/2024-09-11_STAR_피에스케이홀딩스.md,star,company,modern,2024-09-11,,2024-09-11,KR,피에스케이홀딩스,031980,KOSDAQ,Buy,buy,피에스케이홀딩스,89300.0,"89,300원",39050.0,,128.6812,2024-09-11,39050.0,2026-09-07,156000.0,299.487836,up,23.559539,-27.400768,0.768246,-1.024328,236.933045,15.896084,283.591752,173000.0,343.021767,True,2026-02-19,526,343.021767,2026-07-01,726,seasoned,,,,1,2,,
data/markdown/star/2024-09-11_STAR_티씨케이.md,star,company,modern,2024-09-11,2024-08-16,2024-09-11,KR,티씨케이,064760,KOSDAQ,Buy,buy,티씨케이,168100.0,"168,100",89800.0,"110,000",87.1938,2024-09-11,89800.0,2026-09-07,268500.0,198.997773,up,1.224944,-24.721604,-7.349666,33.63029,88.818565,15.896084,183.101689,348500.0,288.084633,True,2025-09-29,383,288.084633,2026-05-14,726,seasoned,,,,1,1,,
data/markdown/star/2024-09-11_STAR_지역난방공사.md,star,company,modern,2024-09-11,2024-08-16,2024-09-11,KR,지역난방공사,071320,KOSPI,Buy,buy,지역난방공사,67600.0,"67,600",48000.0,"41,500",40.8333,2024-09-11,48000.0,2026-09-07,75700.0,57.708333,up,-7.8125,-1.25,6.25,69.166667,-21.473029,178.327107,-120.618773,116700.0,143.125,True,2025-05-16,247,143.125,2026-02-10,726,seasoned,,,,1,1,,
data/markdown/star/2024-09-11_STAR_LIG넥스원.md,star,company,modern,2024-09-11,2024-07-04,2024-09-11,KR,LIG디펜스앤에어로스페이스,079550,KOSPI,Buy,buy,LIG디펜스앤에어로스페이스,267000.0,"267,000",200500.0,"197,600",33.1671,2024-09-11,200500.0,2026-09-07,659000.0,228.678304,up,20.947631,-8.977556,57.605985,150.872818,56.532067,178.327107,50.351198,1118000.0,457.605985,True,2024-11-06,56,457.605985,2026-04-22,726,seasoned,,,,1,1,,
data/markdown/star/2024-09-11_STAR_하이텍팜.md,star,company,modern,2024-09-11,2024-08-16,2024-09-11,KR,하이텍팜,106190,KOSDAQ,Buy,buy,하이텍팜,36730.0,"36,730",13640.0,"16,980",169.2815,2024-09-11,13640.0,2026-09-07,10440.0,-23.460411,down,0.366569,-5.791789,12.463343,1.319648,-13.144759,15.896084,-39.356495,25000.0,83.284457,False,,,83.284457,2026-03-27,726,seasoned,,,,1,1,,
data/markdown/star/2024-09-11_STAR_리가켐바이오.md,star,company,modern,2024-09-11,2023-07-03,2024-09-11,KR,리가켐바이오,141080,KOSDAQ,Buy,buy,리가켐바이오,126800.0,"126,800",83900.0,"72,400",51.1323,2024-09-11,83900.0,2026-09-07,92300.0,10.011919,up,47.079857,32.538737,27.532777,83.671037,-46.862406,15.896084,-5.884165,225000.0,168.1764,True,2024-10-15,34,168.1764,2026-03-17,726,seasoned,,,,1,1,,
data/markdown/star/2024-09-11_STAR_서진시스템.md,star,company,modern,2024-09-11,2023-08-14,2024-09-11,KR,서진시스템,178320,KOSDAQ,Buy,buy,서진시스템,46150.0,"46,150",24600.0,"27,450",87.6016,2024-09-11,24600.0,2026-09-07,36600.0,48.780488,up,20.121951,13.414634,-14.227642,-15.650407,44.664032,15.896084,32.884404,83300.0,238.617886,True,2026-02-27,534,238.617886,2026-05-28,726,seasoned,,,,1,2,,
data/markdown/star/2024-09-11_STAR_지노믹트리.md,star,company,modern,2024-09-11,2024-07-20,2024-09-11,KR,지노믹트리,228760,KOSDAQ,Buy,buy,지노믹트리,29200.0,"29,200",16200.0,"22,100",80.2469,2024-09-11,16200.0,2026-09-07,10550.0,-34.876543,down,-0.308642,21.851852,18.82716,36.419753,-61.566485,15.896084,-50.772627,33300.0,105.555556,True,2025-12-22,467,105.555556,2026-01-08,726,seasoned,,,,1,1,,
data/markdown/star/2024-09-11_STAR_에스티팜.md,star,company,modern,2024-09-11,2024-07-20,2024-09-11,KR,에스티팜,237690,KOSDAQ,Buy,buy,에스티팜,128500.0,"128,500",96800.0,"93,100",32.7479,2024-09-11,96800.0,2026-09-07,91700.0,-5.268595,down,12.396694,-16.115702,-22.107438,-5.578512,-23.07047,15.896084,-21.164679,172100.0,77.789256,True,2025-12-08,453,77.789256,2026-04-28,726,seasoned,,,,2,3,,
data/markdown/star/2024-09-11_STAR_피엔에이치테크.md,star,company,modern,2024-09-11,2024-08-03,2024-09-11,KR,피엔에이치테크,239890,KOSDAQ,Buy,buy,피엔에이치테크,19590.0,"19,590",9140.0,"13,900",114.3326,2024-09-11,9140.0,2026-09-07,3400.0,-62.800875,down,-8.205689,-26.914661,-25.820569,-34.354486,-29.240375,15.896084,-78.696959,10420.0,14.004376,False,,,14.004376,2024-09-26,726,seasoned,,,,1,1,,
data/markdown/star/2024-09-11_STAR_펄어비스.md,star,company,modern,2024-09-11,2024-08-03,2024-09-11,KR,펄어비스,263750,KOSDAQ,Buy,buy,펄어비스,55800.0,"55,800",33500.0,"42,400",66.5672,2024-09-11,33500.0,2026-09-07,33500.0,0.0,flat,14.328358,4.776119,-5.820896,0.597015,-10.427807,15.896084,-15.896084,77400.0,131.044776,True,2026-01-28,504,131.044776,2026-04-01,726,seasoned,,,,1,1,,
data/markdown/star/2024-09-11_STAR_HDC현대산업개발.md,star,company,modern,2024-09-11,2024-08-19,2024-09-11,KR,IPARK현대산업개발,294870,KOSPI,Buy,buy,IPARK현대산업개발,31200.0,"31,200",23900.0,"21,800",30.5439,2024-09-11,23900.0,2026-09-07,23150.0,-3.138075,down,-7.322176,-23.598326,-10.878661,-13.598326,5.707763,178.327107,-181.465182,27850.0,16.527197,False,,,16.527197,2025-06-12,726,seasoned,,,,1,1,,
data/markdown/star/2024-09-11_STAR_비올.md,star,company,modern,2024-09-11,2024-08-01,2024-09-11,KR,비올,335890,KOSDAQ,Buy,buy,비올,14300.0,"14,300",8010.0,"10,190",78.5268,2024-09-11,8010.0,2025-12-09,12500.0,56.054931,up,3.745318,-5.118602,2.247191,56.304619,0.0,31.283302,24.771629,27500.0,243.320849,True,2025-09-19,373,243.320849,2025-09-24,726,seasoned,,,,1,1,,
data/markdown/star/2024-09-11_STAR_브랜드엑스코퍼레이션.md,star,company,modern,2024-09-11,2024-08-18,2024-09-11,KR,젝시믹스,337930,KOSDAQ,Buy,buy,젝시믹스,16010.0,"16,010",9360.0,"10,290",71.047,2024-09-11,9360.0,2026-09-07,2610.0,-72.115385,down,12.179487,-35.363248,-32.371795,-42.094017,-49.516441,15.896084,-88.011469,13380.0,42.948718,False,,,42.948718,2024-10-07,726,seasoned,,,,1,1,,
data/markdown/star/2024-09-11_STAR_뷰노.md,star,company,modern,2024-09-11,2024-08-16,2024-09-11,KR,뷰노,338220,KOSDAQ,Buy,buy,뷰노,49510.0,"49,510",31900.0,"30,750",55.2038,2024-09-11,31900.0,2026-09-07,5240.0,-83.573668,down,-0.626959,-20.689655,-29.310345,-27.429467,-76.55481,15.896084,-99.469752,36100.0,13.166144,False,,,13.166144,2024-09-23,726,seasoned,,,,1,1,,
"data/markdown/yig/2025-11-10_주성엔지니어링 (036930, KQ), 주성엔지니어링, 어서 빨리 주성~ (발간일 240913) YIG Research.md",yig,company,modern,2024-09-13,2024-09-13,2025-11-10,KR,주성엔지니어링,036930,KOSDAQ,Buy,buy,주성엔지니어링,31350.0,"₩31,350",24850.0,"₩24,850",26.1569,2024-09-13,24850.0,2026-09-07,187200.0,653.31992,up,9.255533,19.315895,33.400402,15.291751,575.812274,12.137207,641.182713,283000.0,1038.832998,True,2024-10-31,48,1038.832998,2026-06-12,724,seasoned,,,ocr_fallback,1,1,,
"data/markdown/yig/2025-11-10_리노공업 (058470, KQ), 다가올 혁신, LEENOvation (발간일 240913) YIG Research.md",yig,company,modern,2024-09-13,2024-09-13,2025-11-10,KR,리노공업,058470,KOSDAQ,Buy,buy,리노공업,48195.1016,"240,700",35861.0,"₩ 179,100",34.3942,2024-09-13,35861.0,2026-09-07,68400.0,90.736455,up,10.607624,-4.57879,18.092078,36.778116,13.432836,12.137207,78.599248,129000.0,259.722261,True,2025-06-09,269,259.722261,2026-04-23,724,seasoned,,,ocr_fallback;target_split_adjusted,1,1,,
"data/markdown/yig/2025-11-10_피에스케이 (319660, KQ), Perfect Stock in Korea (발간일 240913) YIG Research.md",yig,company,modern,2024-09-13,2024-09-13,2025-11-10,KR,피에스케이,319660,KOSDAQ,Buy,buy,피에스케이,28400.0,"28,400₩",21700.0,,30.8756,2024-09-13,21700.0,2026-09-07,128200.0,490.78341,up,4.608295,-18.571429,-14.976959,24.654378,247.425474,12.137207,478.646203,219500.0,911.520737,True,2025-09-15,367,911.520737,2026-07-01,724,seasoned,,,ocr_fallback,1,2,,
"data/markdown/yig/2025-11-10_미용의료기기, 누구나 예뻐지고 싶은 마음 (발간일 240914) YIG Research.md",yig,company,modern,2024-09-14,2024-09-14,2025-11-10,KR,파마리서치,214450,KOSDAQ,Overweight,buy,파마리서치,245000.0,"₩245,000",188100.0,"₩188,100",30.2499,2024-09-19,193500.0,2026-09-07,376500.0,94.573643,up,11.111111,26.614987,67.700258,232.816537,-6.575682,11.180376,83.393267,713000.0,268.475452,True,2024-12-13,90,268.475452,2025-08-26,723,seasoned,,,ocr_fallback,1,1,,
"data/markdown/yig/2025-11-10_GLP-1, 지방아 내 몸에서 나가! (발간일 240928) YIG Research.md",yig,company,modern,2024-09-28,2024-09-28,2025-11-10,US,,LLY,NYSE,Overweight,buy,LLY,1390.0,"$1,390 $",866.908752,"$1,390 $",60.3398,2024-09-30,874.957886,2026-09-04,1149.709961,31.401749,up,1.089227,-11.453711,-6.940743,-17.592518,7.344627,34.313695,-2.911947,1292.650024,47.738542,False,,,47.738542,2026-08-19,709,seasoned,,,ocr_fallback,1,1,,
data/markdown/ewha/2024-10-04_[241004] 대한전선(001440).md,ewha,company,modern,2024-10-04,2024-10-04,2024-10-04,KR,대한전선,001440,KRX,Buy,buy,대한전선,18230.0,"18,230원",13280.0,"13,280",37.2741,2024-10-04,13280.0,2026-09-07,28650.0,115.737952,up,-14.006024,-12.048193,-16.490964,20.180723,25.10917,172.224881,-56.48693,75900.0,471.536145,True,2025-10-13,374,471.536145,2026-05-11,703,seasoned,,,,1,2,,
data/markdown/ewha/2024-10-04_[241004] 셀트리온(068270).md,ewha,company,modern,2024-10-04,2024-10-04,2024-10-04,KR,셀트리온,068270,KRX,Buy,buy,셀트리온,235600.0,"235,600원",168972.0,"192,700",39.4314,2024-10-04,168972.0,2026-09-07,186300.0,10.254953,up,-6.01934,-2.035248,-7.794783,-1.057572,7.985602,172.224881,-161.969928,239244.0,41.587955,True,2026-02-24,508,41.587955,2026-02-24,703,seasoned,,,,1,1,,
"data/markdown/yig/2025-11-10_휴젤 (145020, KQ), 휴~젤 좋다! (발간일 241004) YIG Research.md",yig,company,modern,2024-10-04,2024-10-04,2025-11-10,KR,휴젤,145020,KRX,Buy,buy,휴젤,318000.0,"318,000원",257000.0,"257,000원",23.7354,2024-10-04,257000.0,2026-09-07,243000.0,-5.447471,down,4.085603,2.140078,39.299611,11.089494,5.422993,172.224881,-177.672352,392000.0,52.529183,True,2024-11-06,33,52.529183,2025-07-01,703,seasoned,,,ocr_fallback;ocr_inconsistent_prices;target_manually_corrected,1,1,,
data/markdown/ewha/2024-10-04_[241004] HK이노엔(195940).md,ewha,company,modern,2024-10-04,2024-10-04,2024-10-04,KR,HK이노엔,195940,KRX,Buy,buy,HK이노엔,69200.0,"69,200원",50500.0,"50,500",37.0297,2024-10-04,50500.0,2026-09-07,40900.0,-19.009901,down,-6.831683,-28.811881,-27.920792,-9.405941,-17.03854,172.224881,-191.234782,58600.0,16.039604,False,,,16.039604,2026-01-30,703,seasoned,,,,2,2,,
"data/markdown/yig/2025-11-10_크래프톤 (259960, KS), 크래, 지금 사는거야! (발간일 241004) YIG Research.md",yig,company,modern,2024-10-04,2024-10-04,2025-11-10,KR,크래프톤,259960,KOSPI,Buy,buy,크래프톤,436500.0,"₩436,500",335500.0,"₩335,500",30.1043,2024-10-04,335500.0,2026-09-07,218000.0,-35.022355,down,-0.596125,-5.663189,3.42772,-10.879285,-11.382114,172.224881,-207.247236,393000.0,17.138599,False,,,17.138599,2025-05-07,703,seasoned,,,ocr_fallback,1,1,,
data/markdown/ewha/2024-10-04_[241004] SK오션플랜트(100090).md,ewha,company,modern,2024-10-05,2024-10-05,2024-10-04,KR,SK오션플랜트,100090,KRX,Buy,buy,SK오션플랜트,20090.0,"20,090원",14990.0,"14,990",34.0227,2024-10-07,14920.0,2026-09-07,13190.0,-11.595174,down,-9.383378,-8.512064,-14.276139,61.193029,-34.864198,167.983589,-179.578763,31600.0,111.796247,True,2025-05-14,221,111.796247,2026-04-03,702,seasoned,,,,2,2,,
data/markdown/ewha/2024-10-04_[241004] 코스메카코리아(241710).md,ewha,company,modern,2024-10-05,2024-10-05,2024-10-04,KR,코스메카코리아,241710,KRX,Buy,buy,코스메카코리아,116600.0,"116,600 원",82200.0,"82,200",41.8491,2024-10-07,82300.0,2026-09-07,129100.0,56.865128,up,-4.738761,-33.900365,-41.130012,-12.272175,93.843844,167.983589,-111.118461,155500.0,88.942892,True,2026-08-11,675,88.942892,2026-08-31,702,seasoned,,,,1,1,,
"data/markdown/yig/2025-11-10_2차 전지, 겨울을 지나는 중 (발간일 241005) YIG Research.md",yig,company,modern,2024-10-05,2024-10-05,2025-11-10,KR,LG에너지솔루션,373220,KOSPI,,soft_buy,LG에너지솔루션,500000.0,"₩500,000",403500.0,"₩403,500",23.9157,2024-10-07,420000.0,2026-09-07,362500.0,-13.690476,down,1.428571,-15.238095,-25.0,-5.0,-1.628223,167.983589,-181.674065,527000.0,25.47619,True,2025-10-28,388,25.47619,2025-10-29,702,seasoned,,,ocr_fallback,1,1,,
"data/markdown/yig/2025-11-10_리츠 (REITs), 리츠 투자로 리치해지자 (발간일 241005) YIG Research.md",yig,company,modern,2024-10-05,2024-10-05,2025-11-10,KR,SK리츠,395400,KOSPI,Overweight,buy,SK리츠,6070.0,"₩6,070",4910.0,"₩4,910",23.6253,2024-10-07,5010.0,2026-09-07,5200.0,3.792415,up,-7.884232,-8.782435,-1.696607,0.598802,-10.189983,167.983589,-164.191173,7200.0,43.712575,True,2026-03-13,524,43.712575,2026-04-27,702,seasoned,,,ocr_fallback,1,1,,
data/markdown/kuvic/2024-10-07_삼영 - 필름 얇기의 정도를 중요시하거든요.md,kuvic,company,modern,2024-10-07,,2024-10-07,KR,삼영,003720,KRX,Buy,buy,삼영,7900.0,"7,900원",5410.0,"5,410원",46.0259,2024-10-07,5410.0,2026-09-07,6180.0,14.232902,up,-23.290203,-30.314233,-28.003697,-11.367837,0.324675,167.983589,-153.750687,13980.0,158.410351,True,2026-02-11,492,158.410351,2026-05-11,700,seasoned,,,ocr_fallback,1,1,,
data/markdown/kuvic/2024-10-07_경동나비엔 - Even하게 데웠어요.md,kuvic,company,modern,2024-10-07,,2024-10-07,KR,경동나비엔,009450,KRX,Buy,buy,경동나비엔,146700.0,"146,700원",70600.0,"70,600원",107.7904,2024-10-07,70600.0,2026-09-07,61300.0,-13.172805,down,24.787535,26.062323,-4.390935,3.116147,10.45045,167.983589,-181.156393,107700.0,52.549575,False,,,52.549575,2025-01-21,700,seasoned,,,ocr_fallback,1,1,,
"data/markdown/kuvic/2024-10-08_씨에스윈드 - 해상 풍력, 늦바람 났어♬.md",kuvic,company,modern,2024-10-08,,2024-10-08,KR,씨에스윈드,112610,KRX,Buy,buy,씨에스윈드,96684.0,"96,684원",66300.0,"66,300원",45.8281,2024-10-08,66300.0,2026-09-07,49000.0,-26.093514,down,-20.211161,-32.352941,-45.173454,-35.520362,17.788462,169.638369,-195.731884,79400.0,19.758673,False,,,19.758673,2026-04-03,699,seasoned,,,ocr_fallback,2,2,,
data/markdown/kuvic/2024-10-10_토비스 - 전장으로 777 잭팟.md,kuvic,company,modern,2024-10-10,2024-10-10,2024-10-10,KR,토비스,051360,KRX,Buy,buy,토비스,31400.0,"31,400원",18850.0,"18,640원",66.5782,2024-10-10,18850.0,2026-09-07,11730.0,-37.771883,down,0.265252,14.323607,-18.355438,-17.400531,-25.047923,169.140415,-206.912298,22100.0,17.241379,False,,,17.241379,2025-01-06,697,seasoned,,,ocr_fallback,1,1,,
data/markdown/2024-10-17_equity-research-soop.md,smic,company,modern,2024-10-17,2024-10-11,2024-10-17,KR,SOOP,067160,KRX,Buy,buy,SOOP,182500.0,"182,500 원",93700.0,"96,200 원",94.7705,2024-10-17,93700.0,2026-09-07,38250.0,-59.178228,down,4.695838,-1.280683,-14.087513,-22.091782,-43.584071,168.094508,-227.272736,135900.0,45.037353,False,,,45.037353,2025-02-06,690,seasoned,,,,3,3,,
data/markdown/2024-10-17_equity-research-씨에스윈드.md,smic,company,modern,2024-10-17,2024-10-11,2024-10-17,KR,씨에스윈드,112610,KRX,Buy,buy,씨에스윈드,134400.0,"134,400 원",61600.0,"61,500 원",118.1818,2024-10-17,61600.0,2026-09-07,49000.0,-20.454545,down,-35.308442,-34.983766,-42.613636,-28.571429,17.788462,168.094508,-188.549054,79400.0,28.896104,False,,,28.896104,2026-04-03,690,seasoned,,,,1,1,,
data/markdown/2024-10-17_equity-research-인카금융서비스.md,smic,company,modern,2024-10-17,2024-10-11,2024-10-17,KR,인카금융서비스,211050,KRX,Buy,buy,인카금융서비스,8100.0,"8,100원",5210.0,,55.4702,2024-10-17,5210.0,2026-09-07,11050.0,112.092131,up,22.840691,3.071017,44.145873,143.761996,-13.739266,168.094508,-56.002378,17330.0,232.629559,True,2025-04-29,194,232.629559,2026-01-30,690,seasoned,,,,1,1,,
data/markdown/2024-10-17_equity-research-크래프톤.md,smic,company,modern,2024-10-17,2024-10-11,2024-10-17,KR,크래프톤,259960,KRX,Buy,buy,크래프톤,600500.0,"600,500원",334500.0,"331,500 원",79.5217,2024-10-17,334500.0,2026-09-07,218000.0,-34.828102,down,-13.452915,0.44843,10.313901,-14.798206,-11.382114,168.094508,-202.92261,393000.0,17.488789,False,,,17.488789,2025-05-07,690,seasoned,,,,1,1,,
data/markdown/2024-10-17_equity-research-hdc현대산업개발.md,smic,company,modern,2024-10-17,2024-10-12,2024-10-17,KR,IPARK현대산업개발,294870,KRX,Buy,buy,IPARK현대산업개발,35600.0,"35,600 원",22400.0,"22,150 원",58.9286,2024-10-17,22400.0,2026-09-07,23150.0,3.348214,up,-15.892857,-26.875,-0.223214,-15.178571,5.707763,168.094508,-164.746294,27850.0,24.330357,False,,,24.330357,2025-06-12,690,seasoned,,,,1,1,,
"data/markdown/yig/2025-11-10_해상풍력, 결국 다가올 미래 (발간일 241105) YIG Research.md",yig,company,modern,2024-11-05,2024-11-05,2025-11-10,KR,씨에스윈드,112610,KOSPI,Buy,buy,씨에스윈드,73853.7794,"₩500,000",59600.0,"₩403,500",23.9157,2024-11-05,59600.0,2026-09-07,49000.0,-17.785235,down,-34.144295,-34.312081,-35.738255,-27.013423,17.788462,171.467433,-189.252668,79400.0,33.221477,True,2026-04-03,514,33.221477,2026-04-03,671,seasoned,,,ocr_fallback;target_split_adjusted,2,3,,
"data/markdown/yig/2025-11-10_삼양식품 (003230, KS), 닭치고 삼양 (발간일 241129) YIG Research.md",yig,company,modern,2024-11-07,2024-11-07,2025-11-10,KR,삼양식품,003230,KOSPI,Buy,buy,삼양식품,909000.0,"₩909,000",593000.0,"₩593,000",53.2884,2024-11-07,593000.0,2026-09-07,1330000.0,124.283305,up,2.192243,18.718381,66.610455,118.549747,8.042242,172.764102,-48.480797,1665000.0,180.775717,True,2025-02-17,102,180.775717,2025-09-11,669,seasoned,,,ocr_fallback,1,1,,
data/markdown/2024-11-07_equity-research-현대모비스-2.md,smic,company,modern,2024-11-07,2024-11-01,2024-11-07,KR,현대모비스,012330,KRX,Buy,buy,현대모비스,386100.0,"386,100 원",239500.0,"248,500 원",61.2109,2024-11-07,239500.0,2026-09-07,432000.0,80.375783,up,-1.043841,5.010438,7.098121,21.085595,15.817694,172.764102,-92.38832,822000.0,243.215031,True,2026-01-06,425,243.215031,2026-06-01,669,seasoned,,,,2,2,,
data/markdown/2024-11-07_equity-research-한국전력-2.md,smic,company,modern,2024-11-07,2024-11-01,2024-11-07,KR,한국전력,015760,KRX,Buy,buy,한국전력,37630.0,"37,630 원",22800.0,"23,050 원",65.0439,2024-11-07,22800.0,2026-09-07,32750.0,43.640351,up,-6.798246,-7.675439,12.280702,93.421053,-30.614407,172.764102,-129.123752,69500.0,204.824561,True,2025-06-25,230,204.824561,2026-01-21,669,seasoned,,,,2,2,,
data/markdown/2024-11-07_equity-research-브이티.md,smic,company,modern,2024-11-07,2024-11-01,2024-11-07,KR,브이티,018290,KRX,Buy,buy,브이티,55700.0,"55,700 원",33000.0,"32,500 원",68.7879,2024-11-07,33000.0,2026-09-07,12350.0,-62.575758,down,11.363636,3.030303,16.212121,-29.242424,-29.468875,172.764102,-235.33986,45550.0,38.030303,False,,,38.030303,2025-06-05,669,seasoned,,,,1,1,,
data/markdown/2024-11-07_equity-research-에스트래픽.md,smic,company,modern,2024-11-07,2024-11-02,2024-11-07,KR,에스트래픽,234300,KRX,Buy,buy,에스트래픽,6900.0,"6,900 원",4195.0,"4,150 원",64.4815,2024-11-07,4195.0,2026-09-07,3300.0,-21.334923,down,-15.733015,-2.50298,-4.648391,-13.468415,-5.714286,172.764102,-194.099025,4440.0,5.840286,False,,,5.840286,2025-06-13,669,seasoned,,,,1,1,,
"data/markdown/yig/2025-11-10_에스티팜 (237690, KQ), 에스티팜 한 번 '올리고' 볼까 (발간일 241107) YIG Research.md",yig,company,modern,2024-11-07,2024-11-07,2025-11-10,KR,에스티팜,237690,KOSDAQ,Buy,buy,에스티팜,160000.0,"160,000",94200.0,"140,000",69.8514,2024-11-07,94200.0,2026-09-07,91700.0,-2.653928,down,-11.146497,-12.101911,-16.242038,1.698514,-23.07047,12.088287,-14.742214,172100.0,82.696391,True,2026-01-30,449,82.696391,2026-04-28,669,seasoned,,,ocr_fallback,1,1,,
data/markdown/2024-11-07_equity-research-티엘비.md,smic,company,modern,2024-11-07,2024-11-06,2024-11-07,KR,티엘비,356860,KRX,Buy,buy,티엘비,,,13131.0,"13,550 원",,2024-11-07,13131.0,2026-09-07,37150.0,182.918285,up,-16.601934,-4.112406,26.646866,357.786916,-34.478562,172.764102,10.154183,134448.0,923.897647,,,,923.897647,2026-05-27,669,seasoned,,missing_target_price,target_price_suspect,1,1,,
"data/markdown/voera/undated_[BUY] 오리온, 지금 올인하세요!.md",voera,company,modern,2024-11-08,2024-11-08,,KR,오리온,271560,KRX,Buy,buy,오리온,141900.0,"141,900원",100800.0,"100,800 KRW",40.7738,2024-11-08,100800.0,2026-09-07,123000.0,22.02381,up,2.97619,2.083333,21.72619,2.777778,16.367077,173.134725,-151.110915,150100.0,48.90873,True,2026-02-12,461,48.90873,2026-04-29,668,seasoned,,,date_cover_only,1,1,,
"data/markdown/yig/2025-11-10_E-Commerce, '이'커머스 '커'지면 '머'지않아 '스'펙타클해짐 (발간일 241109) YIG Research.md",yig,company,modern,2024-11-09,2024-11-09,2025-11-10,US,,SE,NYSE,Overweight,buy,SE,148.05,$148.05 $,93.559998,$148.05 $,58.2407,2024-11-11,97.459999,2026-09-04,113.849998,16.817155,up,17.124977,26.205624,49.620366,53.847736,-10.754881,28.967644,-12.150488,199.300003,104.494156,True,2025-05-13,185,104.494156,2025-09-11,667,seasoned,,,ocr_fallback,1,1,,
data/markdown/kuvic/2024-11-11_대한항공 - 국가권력급 인수합병.md,kuvic,company,modern,2024-11-11,2024-11-11,2024-11-11,KR,대한항공,003490,KRX,Buy,buy,대한항공,24500.0,"24,500원",23800.0,"19,400원",2.9412,2024-11-11,23800.0,2026-09-07,30350.0,27.521008,up,1.890756,-0.840336,-7.352941,-8.403361,34.5898,176.31633,-148.795322,31200.0,31.092437,True,2024-11-19,8,31.092437,2026-06-15,665,seasoned,,,ocr_fallback,1,1,,
data/markdown/kuvic/2024-11-11_유진테크 - 반도체가 여름이래'유~진'짜라니께.md,kuvic,company,modern,2024-11-11,2024-11-11,2024-11-11,KR,유진테크,084370,KOSDAQ,Buy,buy,유진테크,,,35950.0,,,2024-11-11,35950.0,2026-09-07,143200.0,298.331015,up,-6.258693,7.093185,-6.258693,173.157163,90.933333,12.808024,285.522992,231500.0,543.94993,,,,543.94993,2026-07-01,665,seasoned,,missing_target_price,ocr_fallback;target_price_suspect,1,1,,
data/markdown/kuvic/2024-11-11_휴젤 - I'm so TOXIN.md,kuvic,company,modern,2024-11-11,2024-11-11,2024-11-11,KR,휴젤,145020,KRX,Buy,buy,휴젤,443520.0,"443,520원",281000.0,"281,000원",57.8363,2024-11-11,281000.0,2026-09-07,243000.0,-13.523132,down,-4.626335,-10.676157,27.224199,-20.818505,5.422993,176.31633,-189.839462,392000.0,39.501779,False,,,39.501779,2025-07-01,665,seasoned,,,ocr_fallback,1,1,,
data/markdown/voera/undated_[BUY] 리쥬란 맞으면 내 미모도 팜하니. 파마리서치.md,voera,company,modern,2024-11-11,2024-11-11,,KR,파마리서치,214450,KRX,Buy,buy,파마리서치,250000.0,"250,000",221500.0,"200,000",12.8668,2024-11-11,221500.0,2026-09-07,376500.0,69.977427,up,4.740406,20.090293,81.264108,98.645598,-6.575682,176.31633,-106.338903,713000.0,221.896163,True,2024-12-16,35,221.896163,2025-08-26,665,seasoned,,,ocr_fallback;date_cover_only,1,1,,
data/markdown/kuvic/2024-11-11_화승엔터프라이즈 - GAZELLE 가질래.md,kuvic,company,modern,2024-11-11,2024-11-11,2024-11-11,KR,화승엔터프라이즈,241590,KRX,Buy,buy,화승엔터프라이즈,13600.0,"13,600 원",9600.0,"9,600 원",41.6667,2024-11-11,9600.0,2026-09-07,2875.0,-70.052083,down,-5.104167,8.75,-19.0625,-49.947917,-41.565041,176.31633,-246.368413,12000.0,25.0,False,,,25.0,2025-02-14,665,seasoned,,,,1,1,,
data/markdown/kuvic/2024-11-14_비에이치아이 - Make BHI Great Again.md,kuvic,company,modern,2024-11-14,,2024-11-14,KR,비에이치아이,083650,KRX,Buy,buy,비에이치아이,16190.0,"16,190원",15800.0,"6,340원",2.4684,2024-11-14,15800.0,2026-09-07,67700.0,328.481013,up,-16.202532,38.924051,92.405063,164.556962,29.445507,189.201938,139.279075,114200.0,622.78481,True,2024-11-18,4,622.78481,2026-03-10,662,seasoned,,,ocr_fallback,1,1,,
"data/markdown/yig/2025-11-10_일진전기 (103590, KS), 두 개의 심장으로 전력질주 (발간일 241114) YIG Research.md",yig,company,modern,2024-11-14,2024-11-14,2025-11-10,KR,일진전기,103590,KOSPI,Buy,buy,일진전기,36900.0,"₩36,900",25650.0,"₩25,650",43.8596,2024-11-14,25650.0,2026-09-07,70600.0,175.243665,up,0.389864,29.434698,11.500975,131.578947,29.779412,189.201938,-13.958273,147900.0,476.608187,True,2025-01-24,71,476.608187,2026-05-04,662,seasoned,,,ocr_fallback,1,1,,
"data/markdown/kuvic/2024-11-15_에코프로머티 - 전구체, 머티 중헌디!.md",kuvic,company,modern,2024-11-15,2024-11-15,2024-11-15,KR,에코프로머티,450080,KRX,Buy,buy,에코프로머티,119364.0,"119,364원",89700.0,"89,700원",33.0702,2024-11-15,89700.0,2026-09-07,36500.0,-59.308807,down,-10.144928,-17.279822,-44.035674,-29.877369,-29.942418,189.441258,-248.750066,102800.0,14.604236,False,,,14.604236,2025-02-24,661,seasoned,,,ocr_fallback,1,1,,
"data/markdown/yig/2025-11-10_실리콘투 (257720, KQ), 실리콘 투 the SKY! (발간일 241120) YIG Research.md",yig,company,modern,2024-11-20,2024-11-20,2025-11-10,KR,실리콘투,257720,KOSDAQ,Strong Buy,buy,실리콘투,60000.0,"60,000",27400.0,"50,000",118.9781,2024-11-20,27400.0,2026-09-07,47150.0,72.080292,up,15.875912,15.510949,34.671533,70.437956,21.992238,20.395074,51.685218,63400.0,131.386861,True,2025-06-11,203,131.386861,2025-06-30,656,seasoned,,,ocr_fallback,1,1,,
data/markdown/2024-11-21_equity-research-funko-inc.md,smic,company,modern,2024-11-21,2024-11-16,2024-11-21,US,Funko Inc.,FNKO,NASDAQ,Buy,buy,FNKO,16.1,$16.1,10.33,$10.29,55.8567,2024-11-21,10.33,2026-09-04,5.626,-45.53727,down,20.90997,29.670867,-60.116167,-72.797677,65.470581,30.108878,-75.646149,14.65,41.819939,False,,,41.819939,2025-01-08,655,seasoned,,,,1,1,,
data/markdown/2024-11-21_equity-research-grindr-inc.md,smic,company,modern,2024-11-21,2024-11-15,2024-11-21,US,Grindr,GRND,NYSE,Buy,buy,GRND,24.34,24.34 달러,14.93,,63.0275,2024-11-21,14.93,2026-09-04,15.215,1.908907,up,15.941052,21.165437,62.826517,-7.300738,12.370755,30.108878,-28.199971,25.129999,68.318812,True,2025-05-08,168,68.318812,2025-06-02,655,seasoned,,,,1,1,,
data/markdown/2024-11-21_equity-research-levi-strauss-co.md,smic,company,modern,2024-11-21,2024-11-15,2024-11-21,US,Levi Strauss & Co.,LEVI,NYSE,Buy,buy,LEVI,26.33,$ 26.33,15.318635,$ 16.76,71.8822,2024-11-21,15.318635,2026-09-04,20.785,35.684412,up,8.89167,14.928755,13.471956,33.824856,1.487322,30.108878,5.575534,25.700001,67.769522,False,,,67.769522,2026-07-28,655,seasoned,,,,1,1,,
data/markdown/ewha/2024-11-22_[241122] 삼영(003720).md,ewha,company,modern,2024-11-22,2024-11-22,2024-11-22,KR,삼영,003720,KRX,Buy,buy,삼영,,,3740.0,,42.4,2024-11-22,3740.0,2026-09-07,6180.0,65.240642,up,-2.139037,26.203209,8.55615,62.299465,0.324675,179.67688,-114.436239,13980.0,273.796791,,,,273.796791,2026-05-11,654,seasoned,,missing_target_price,ocr_fallback;ocr_inconsistent_prices,1,1,,
data/markdown/ewha/2024-11-22_[241122] 삼화콘덴서(001820).md,ewha,company,modern,2024-11-23,2024-11-23,2024-11-22,KR,삼화콘덴서,001820,KRX,Buy,buy,삼화콘덴서,42200.0,"42,200원",26950.0,"26,950",56.5863,2024-11-25,27700.0,2026-09-07,116700.0,321.299639,up,-0.541516,9.025271,-13.537906,2.166065,298.974359,176.024133,145.275506,196800.0,610.469314,True,2026-02-20,454,610.469314,2026-06-18,653,seasoned,,,,1,1,,
data/markdown/ewha/2024-11-22_[241122] 우진(105840).md,ewha,company,modern,2024-11-23,2024-11-23,2024-11-22,KR,우진,105840,KRX,Buy,buy,우진,12910.0,"12,910원",8180.0,"8,180",57.824,2024-11-25,8270.0,2026-09-07,13770.0,66.505441,up,-19.709794,-1.330109,6.650544,70.25393,-19.332162,176.024133,-109.518691,31700.0,283.31318,True,2025-06-19,208,283.31318,2026-03-20,653,seasoned,,,,1,1,,
data/markdown/ewha/2024-11-22_[241122] 아이쓰리시스템(214430).md,ewha,company,modern,2024-11-23,2024-11-23,2024-11-22,KR,아이쓰리시스템,214430,KRX,Buy,buy,아이쓰리시스템,58360.0,"58,360원",42700.0,"42,700",36.6745,2024-11-25,41000.0,2026-09-07,59700.0,45.609756,up,6.95122,55.121951,74.634146,64.634146,-21.960784,176.024133,-130.414376,137900.0,236.341463,True,2025-02-12,81,236.341463,2026-01-30,653,seasoned,,,,1,1,,
data/markdown/ewha/2024-11-24_[241124] (KEYSS 대회 우승) 일진전기(103590).md,ewha,company,modern,2024-11-24,2024-11-20,2024-11-24,KR,일진전기,103590,KRX,Buy,buy,일진전기,42450.0,"42,450원",21850.0,"22,900원",94.2792,2024-11-25,22500.0,2026-09-07,70600.0,213.777778,up,24.222222,36.0,34.888889,137.777778,29.779412,176.024133,37.753645,147900.0,557.333333,True,2025-07-28,246,557.333333,2026-05-04,652,seasoned,,,,1,1,,
"data/markdown/yig/2025-11-10_롯데관광개발 (032350, KS), 롯데관광대박 (발간일 241129) YIG Research.md",yig,company,modern,2024-11-29,2024-11-29,2025-11-10,KR,롯데관광개발,032350,KRX,Buy,buy,롯데관광개발,16780.0,"₩16,780",8790.0,"₩8,790",90.8987,2024-11-29,8790.0,2026-09-07,12350.0,40.500569,up,-11.717861,-5.005688,33.105802,119.226394,-46.88172,184.839021,-144.338452,27700.0,215.13083,True,2025-06-19,202,215.13083,2026-02-06,647,seasoned,,,ocr_fallback,1,1,,
data/markdown/2024-12-05_equity-research-동성화인텍.md,smic,company,modern,2024-12-05,2024-11-29,2024-12-05,KR,동성화인텍,033500,KRX,Buy,buy,동성화인텍,20600.0,"20,600 원",13900.0,"14,310 원",48.2014,2024-12-05,13900.0,2026-09-07,17120.0,23.165468,up,8.992806,69.064748,85.611511,79.856115,-32.465483,186.479104,-163.313636,34300.0,146.76259,True,2025-01-22,48,146.76259,2025-09-08,641,seasoned,,,,1,1,,
data/markdown/2024-12-05_equity-research-jyp-ent-2.md,smic,company,modern,2024-12-05,2024-11-30,2024-12-05,KR,JYP Ent.,035900,KRX,Buy,buy,JYP Ent.,116604.0,"116,604 원",72500.0,"76,400 원",60.8331,2024-12-05,72500.0,2026-09-07,39500.0,-45.517241,down,-6.482759,11.586207,6.206897,-5.655172,-45.592287,186.479104,-231.996345,88500.0,22.068966,False,,,22.068966,2025-11-03,641,seasoned,,,,2,2,,
data/markdown/2024-12-05_equity-research-한화엔진.md,smic,company,modern,2024-12-05,2024-11-29,2024-12-05,KR,한화엔진,082740,KRX,Buy,buy,한화엔진,24352.0,"24,352 원",15140.0,"16,110 원",60.8454,2024-12-05,15140.0,2026-09-07,45900.0,203.17041,up,21.070013,54.557464,87.252312,184.676354,6.868452,186.479104,16.691306,94400.0,523.513871,True,2025-01-14,40,523.513871,2026-04-27,641,seasoned,,,,1,1,,
data/markdown/kuvic/2024-12-05_아이티센 - D.O.G.E(Digital. Online. Gold. Enterprise).md,kuvic,company,modern,2024-12-05,2024-12-05,2024-12-05,KR,아이티센글로벌,124500,KRX,Buy,buy,아이티센글로벌,8320.0,"8,320원",5450.0,"5,450원",52.6606,2024-12-05,5450.0,2026-09-07,34100.0,525.688073,up,1.284404,11.743119,102.385321,277.06422,12.541254,186.479104,339.208969,75500.0,1285.321101,True,2025-05-15,161,1285.321101,2026-03-13,641,seasoned,,,,1,1,,
data/markdown/2024-12-05_equity-research-rfhic.md,smic,company,modern,2024-12-05,2024-11-29,2024-12-05,KR,RFHIC,218410,KRX,Buy,buy,RFHIC,17650.0,"17,650 원",11900.0,"12,240 원",48.3193,2024-12-05,11900.0,2026-09-07,48450.0,307.142857,up,9.327731,47.058824,75.630252,156.722689,48.392037,186.479104,120.663753,126900.0,966.386555,True,2025-02-04,61,966.386555,2026-05-12,641,seasoned,,,,1,1,,
data/markdown/kuvic/2024-12-06_리가켐바이오 - 수류탄의 핵심은 안전핀!.md,kuvic,company,modern,2024-12-06,,2024-12-06,KR,리가켐바이오,141080,KRX,Buy,buy,리가켐바이오,165000.0,"165,000원",104700.0,"104,700원",57.5931,2024-12-06,104700.0,2026-09-07,92300.0,-11.843362,down,12.798472,6.590258,6.590258,77.172875,-46.862406,188.094277,-199.937639,225000.0,114.899713,True,2025-09-23,291,114.899713,2026-03-17,640,seasoned,,,ocr_fallback,1,1,,
data/markdown/star/2025-01-09_STAR_삼양식품.md,star,company,modern,2025-01-09,2024-11-14,2025-01-09,KR,삼양식품,003230,KOSPI,Buy,buy,삼양식품,784000.0,"784,000",740000.0,"542,000",5.9459,2025-01-09,740000.0,2026-09-07,1330000.0,79.72973,up,9.459459,7.297297,94.054054,62.972973,8.042242,177.385701,-97.655972,1665000.0,125.0,True,2025-01-17,8,125.0,2025-09-11,606,seasoned,,,,1,1,,
data/markdown/star/2025-01-09_STAR_이수페타시스.md,star,company,modern,2025-01-09,2024-09-26,2025-01-09,KR,이수페타시스,007660,KOSPI,Buy,buy,이수페타시스,51600.0,"51,600",28397.0,"37,400",81.7093,2025-01-09,28397.0,2026-09-07,111900.0,294.05571,up,30.651125,2.475614,107.064126,285.251963,-6.124161,177.385701,116.670009,164400.0,478.934394,True,2025-06-26,168,478.934394,2026-04-22,606,seasoned,,,,1,2,,
data/markdown/star/2025-01-09_STAR_성광벤드.md,star,company,modern,2025-01-09,2023-11-27,2025-01-09,KR,성광벤드,014620,KOSDAQ,Buy,buy,성광벤드,35650.0,"35,650",24850.0,"20,950",43.4608,2025-01-09,24850.0,2026-09-07,31300.0,25.955734,up,9.657948,-3.219316,21.126761,13.8833,21.553398,13.637494,12.31824,53300.0,114.486922,True,2025-06-12,154,114.486922,2026-05-06,606,seasoned,,,,1,1,,
data/markdown/star/2025-01-09_STAR_한국카본.md,star,company,modern,2025-01-09,2024-09-26,2025-01-09,KR,한국카본,017960,KOSPI,Buy,buy,한국카본,18100.0,"18,100",12270.0,"11,320",47.5143,2025-01-09,12270.0,2026-09-07,22600.0,84.189079,up,11.165444,42.135289,90.301548,212.958435,-24.288107,177.385701,-93.196622,54100.0,340.912795,True,2025-04-09,90,340.912795,2026-04-28,606,seasoned,,,,1,1,,
data/markdown/star/2025-01-09_STAR_하나투어.md,star,company,modern,2025-01-09,2024-12-05,2025-01-09,KR,하나투어,039130,KOSPI,Buy,buy,하나투어,96700.0,"96,700",54300.0,"57,100",78.0847,2025-01-09,54300.0,2026-09-07,32800.0,-39.594843,down,3.499079,-12.52302,5.3407,-15.561694,-32.717949,177.385701,-216.980545,58600.0,7.918969,False,,,7.918969,2025-02-12,606,seasoned,,,,1,1,,
data/markdown/star/2025-01-09_STAR_쎄트렉아이.md,star,company,modern,2025-01-09,2024-11-07,2025-01-09,KR,쎄트렉아이,099320,KOSDAQ,Buy,buy,쎄트렉아이,71400.0,"71,400",43250.0,"46,200",65.0867,2025-01-09,43250.0,2026-09-07,69800.0,61.387283,up,9.942197,-10.520231,3.930636,159.653179,1.749271,13.637494,47.749789,224000.0,417.919075,True,2025-09-19,253,417.919075,2026-02-03,606,seasoned,,,,1,1,,
data/markdown/star/2025-01-09_STAR_와이지엔터테인먼트.md,star,company,modern,2025-01-09,2024-12-05,2025-01-09,KR,와이지엔터테인먼트,122870,KOSDAQ,Buy,buy,와이지엔터테인먼트,62900.0,"62,900원",44400.0,"47,950",41.6667,2025-01-09,44400.0,2026-09-07,43600.0,-1.801802,down,18.018018,30.630631,93.693694,51.351351,-37.175793,13.637494,-15.439296,109800.0,147.297297,True,2025-02-28,50,147.297297,2025-08-21,606,seasoned,,,,1,1,,
data/markdown/star/2025-01-09_STAR_휴젤.md,star,company,modern,2025-01-09,2024-09-26,2025-01-09,KR,휴젤,145020,KOSDAQ,Buy,buy,휴젤,317500.0,"317,500",264000.0,"244,500",20.2652,2025-01-09,264000.0,2026-09-07,243000.0,-7.954545,down,-4.924242,17.234848,35.606061,-8.143939,5.422993,13.637494,-21.59204,392000.0,48.484848,True,2025-02-25,47,48.484848,2025-07-01,606,seasoned,,,,2,2,,
data/markdown/star/2025-01-09_STAR_엠아이텍.md,star,company,modern,2025-01-09,2023-11-06,2025-01-09,KR,엠아이텍,179290,KOSDAQ,Buy,buy,엠아이텍,14330.0,"14,330",8270.0,"8,820",73.2769,2025-01-09,8270.0,2026-09-07,5110.0,-38.210399,down,2.41838,-12.212817,-3.748489,-13.905683,-24.519941,13.637494,-51.847894,9520.0,15.114873,False,,,15.114873,2025-04-16,606,seasoned,,,,1,1,,
data/markdown/star/2025-01-09_STAR_HK이노엔.md,star,company,modern,2025-01-09,2023-09-25,2025-01-09,KR,HK이노엔,195940,KOSDAQ,Buy,buy,HK이노엔,63900.0,"63,900",38850.0,"48,250",64.4788,2025-01-09,38850.0,2026-09-07,40900.0,5.276705,up,-4.890605,-17.503218,9.78121,38.738739,-17.03854,13.637494,-8.360789,58600.0,50.836551,False,,,50.836551,2026-01-30,606,seasoned,,,,1,1,,
data/markdown/star/2025-01-09_STAR_HL만도.md,star,company,modern,2025-01-09,2024-11-28,2025-01-09,KR,HL만도,204320,KOSPI,Buy,buy,HL만도,57500.0,"57,500",41350.0,"37,450",39.0568,2025-01-09,41350.0,2026-09-07,50200.0,21.40266,up,7.255139,-19.830713,-17.291415,37.605804,-14.480409,177.385701,-155.983041,79100.0,91.293833,True,2025-12-04,329,91.293833,2026-06-17,606,seasoned,,,,1,1,,
data/markdown/star/2025-01-09_STAR_파마리서치.md,star,company,modern,2025-01-09,2024-09-26,2025-01-09,KR,파마리서치,214450,KOSDAQ,Buy,buy,파마리서치,,,251500.0,"194,600",,2025-01-09,251500.0,2026-09-07,376500.0,49.701789,up,5.765408,27.634195,133.797217,93.439364,-6.575682,13.637494,36.064295,713000.0,183.499006,,,,183.499006,2025-08-26,606,seasoned,,missing_target_price,target_price_suspect,1,1,,
data/markdown/star/2025-01-09_STAR_KEYSS_SK바이오팜.md,star,company,modern,2025-01-09,2023-11-20,2025-01-09,KR,SK바이오팜,326030,KOSPI,Buy,buy,SK바이오팜,161500.0,"161,500",117100.0,"97,900",37.9163,2025-01-09,117100.0,2026-09-07,85000.0,-27.412468,down,9.222886,-18.53117,-20.836892,6.831768,-31.781701,177.385701,-204.798169,144100.0,23.057216,False,,,23.057216,2025-11-28,606,seasoned,,,,1,1,,
data/markdown/star/2025-01-09_STAR_하이브.md,star,company,modern,2025-01-09,2024-11-14,2025-01-09,KR,하이브,352820,KOSPI,Buy,buy,하이브,310300.0,"310,300",201500.0,"198,600",53.995,2025-01-09,201500.0,2026-09-07,180800.0,-10.272953,down,16.377171,6.699752,39.702233,64.26799,-45.212121,177.385701,-187.658654,405500.0,101.240695,True,2025-06-11,153,101.240695,2026-02-13,606,seasoned,,,,2,2,,
data/markdown/star/2025-01-09_STAR_Astera Labs.md,star,company,modern,2025-01-09,2024-03-21,2025-01-09,US,Astera Labs,ALAB,US,Buy,buy,ALAB,168.37,$168.37,130.770004,$114.68,28.7528,2025-01-10,129.699997,2026-09-04,319.295013,146.179661,up,-21.904392,-50.400923,-28.835771,25.373943,91.930159,32.825581,113.35408,499.476013,285.101022,True,2025-08-06,209,285.101022,2026-06-30,606,seasoned,,,,1,1,,
data/markdown/ewha/2025-01-24_[250124] 동성화인텍(033500).md,ewha,company,modern,2025-01-24,2025-01-24,2025-01-24,KR,동성화인텍,033500,KRX,Buy,buy,동성화인텍,29730.0,"29,730원",21500.0,"21,500",38.2791,2025-01-24,21500.0,2026-09-07,17120.0,-20.372093,down,-2.093023,21.627907,9.767442,25.348837,-32.465483,175.756465,-196.128558,34300.0,59.534884,True,2025-07-31,188,59.534884,2025-09-08,591,seasoned,,,,1,1,,
data/markdown/ewha/2025-01-24_[250124] 대웅제약(069620).md,ewha,company,modern,2025-01-24,2025-01-24,2025-01-24,KR,대웅제약,069620,KRX,Buy,buy,대웅제약,,,135500.0,,39.04,2025-01-24,135500.0,2026-09-07,116600.0,-13.948339,down,-2.287823,-4.206642,21.03321,23.321033,-32.327336,175.756465,-189.704804,199400.0,47.158672,,,,47.158672,2025-12-11,591,seasoned,,missing_target_price,ocr_fallback;ocr_inconsistent_prices,2,2,,
data/markdown/ewha/2025-01-24_[250124] 한미약품(128940).md,ewha,company,modern,2025-01-24,2025-01-24,2025-01-24,KR,한미약품,128940,KRX,Buy,buy,한미약품,360500.0,"360,500원",245000.0,"245,000",47.1429,2025-01-24,245000.0,2026-09-07,475500.0,94.081633,up,9.591837,-1.836735,17.346939,90.0,5.199115,175.756465,-81.674832,647000.0,164.081633,True,2025-09-19,238,164.081633,2026-02-24,591,seasoned,,,,2,2,,
data/markdown/ewha/2025-01-24_[250124] 넥스틴(348210).md,ewha,company,modern,2025-01-24,2025-01-24,2025-01-24,KR,넥스틴,348210,KRX,Buy,buy,넥스틴,90750.0,"90,750원",63100.0,"63,100",43.8193,2025-01-24,63100.0,2026-09-07,31200.0,-50.554675,down,-12.51981,-12.678288,-26.703645,15.689382,-56.606398,175.756465,-226.31114,100400.0,59.11252,True,2026-01-28,369,59.11252,2026-01-30,591,seasoned,,,,1,1,,
"data/markdown/yig/2025-11-11_오스테오닉 (226400, KQ), 내수, 수출, 실적, 삼박자가 맞는 기업 (발간일 250207) YIG Research.md",yig,company,modern,2025-02-07,2025-02-07,2025-11-11,KR,오스테오닉,226400,KOSDAQ,Buy,buy,오스테오닉,12560.0,"₩12,560",8390.0,"₩8,390",49.702,2025-02-07,8390.0,2026-09-07,4235.0,-49.523242,down,-12.514899,-16.448153,-20.381406,-28.486293,-31.913183,10.673038,-60.19628,8880.0,5.840286,False,,,5.840286,2025-02-10,577,seasoned,,,ocr_fallback,1,1,,
"data/markdown/yig/2025-11-11_에이피알 (278470, KS), “이제는 화장품도 장비발” (발간일 250207) YIG Research.md",yig,company,modern,2025-02-07,2025-02-07,2025-11-11,KR,에이피알,278470,KOSPI,Buy,buy,에이피알,68800.0,"₩68,800",49500.0,"₩49,500",38.9899,2025-02-07,49500.0,2026-09-07,384000.0,675.757576,up,28.888889,98.787879,321.212121,418.181818,66.233766,177.383501,498.374074,475000.0,859.59596,True,2025-03-12,33,859.59596,2026-09-01,577,seasoned,,,ocr_fallback,1,1,,
"data/markdown/yig/2025-11-11_한미글로벌 (053690, KS), 대한민국 CM의 대명사 (발간일 250207) YIG Research.md",yig,company,modern,2025-02-20,2025-02-20,2025-11-11,KR,한미글로벌,053690,KOSPI,Buy,buy,한미글로벌,31400.0,"₩31,400",17950.0,"₩18,240",74.9304,2025-02-20,17950.0,2026-09-07,24200.0,34.818942,up,-10.139276,-10.640669,10.97493,16.43454,34.743875,163.573167,-128.754226,34750.0,93.593315,True,2026-03-30,403,93.593315,2026-04-15,564,seasoned,,,ocr_fallback,1,1,,
data/markdown/ewha/2025-02-21_[250221] 브이티(018290).md,ewha,company,modern,2025-02-21,2025-02-21,2025-02-21,KR,브이티,018290,KRX,Buy,buy,브이티,53500.0,"53,500원",37050.0,"37,050",44.3995,2025-02-21,37050.0,2026-09-07,12350.0,-66.666667,down,-7.287449,9.986505,0.269906,-48.043185,-29.468875,163.521536,-230.188203,45550.0,22.94197,False,,,22.94197,2025-06-05,563,seasoned,,,,1,1,,
data/markdown/ewha/2025-02-21_[250221] 쎄트렉아이(099320).md,ewha,company,modern,2025-02-21,2025-02-21,2025-02-21,KR,쎄트렉아이,099320,KRX,Buy,buy,쎄트렉아이,76400.0,"76,400원",53200.0,"53,200",43.609,2025-02-21,53200.0,2026-09-07,69800.0,31.203008,up,-6.015038,-2.255639,-12.969925,235.526316,1.749271,163.521536,-132.318529,224000.0,321.052632,True,2026-01-02,315,321.052632,2026-02-03,563,seasoned,,,,1,1,,
"data/markdown/yig/2025-11-11_영원무역 (111770, KS), The Young Ones Shouldn't Be Afraid YIG Research.md",yig,company,modern,2025-02-21,2025-02-21,2025-11-11,KR,영원무역,111770,KOSPI,Buy,buy,영원무역,63250.0,"₩63,250",44100.0,"₩44,110",43.424,2025-02-21,44100.0,2026-09-07,75100.0,70.294785,up,19.501134,31.292517,30.839002,96.825397,-8.190709,163.521536,-93.226752,103200.0,134.013605,True,2025-06-26,125,134.013605,2026-03-03,563,seasoned,,,ocr_fallback,1,1,,
data/markdown/ewha/2025-02-21_[250221] HL만도(204320).md,ewha,company,modern,2025-02-21,2025-02-21,2025-02-21,KR,HL만도,204320,KRX,Buy,buy,HL만도,57950.0,"57,950원",44350.0,"44,350",30.6652,2025-02-21,44350.0,2026-09-07,50200.0,13.19053,up,-9.131905,-25.028185,-21.645998,34.836528,-14.480409,163.521536,-150.331006,79100.0,78.354002,True,2025-12-04,286,78.354002,2026-06-17,563,seasoned,,,,3,3,,
"data/markdown/yig/2025-11-11_글로벌텍스프리 (204620, KQ), Goodbye Tax, Feel me free~ (발간일 250221) YIG Res.md",yig,company,modern,2025-02-21,2025-02-21,2025-11-11,KR,글로벌텍스프리,204620,KOSDAQ,Buy,buy,글로벌텍스프리,5830.0,"₩5,830",4155.0,"₩4,155",40.3129,2025-02-21,4155.0,2026-09-07,5300.0,27.55716,up,10.709988,27.797834,5.054152,27.075812,18.303571,6.136965,21.420195,7830.0,88.447653,True,2025-05-07,75,88.447653,2025-07-22,563,seasoned,,,ocr_fallback,2,2,,
data/markdown/ewha/2025-02-21_[250221] 에이치브이엠(295310).md,ewha,company,modern,2025-02-21,2025-02-21,2025-02-21,KR,에이치브이엠,295310,KRX,Buy,buy,에이치브이엠,38050.0,"38,050원",28500.0,,33.5088,2025-02-21,28500.0,2026-09-07,47200.0,65.614035,up,-26.842105,-9.473684,0.877193,191.22807,-19.864177,163.521536,-97.907501,144000.0,405.263158,True,2025-12-15,297,405.263158,2026-05-26,563,seasoned,,,ocr_fallback,1,1,,
"data/markdown/kuvic/2025-02-24_SK바이오팜 - 바이오팜, 꿈과 미래를 팜.md",kuvic,company,modern,2025-02-24,,2025-02-24,KR,SK바이오팜,326030,KOSPI,Buy,buy,SK바이오팜,204500.0,"204,500",115200.0,"115,100",77.5174,2025-02-24,115200.0,2026-09-07,85000.0,-26.215278,down,-9.635417,-22.048611,-14.149306,2.864583,-31.781701,164.448998,-190.664275,144100.0,25.086806,False,,,25.086806,2025-11-28,560,seasoned,,,ocr_fallback,1,1,,
data/markdown/kuvic/2025-02-24_하이브 - 하이브'리드' 엔터.md,kuvic,company,modern,2025-02-24,,2025-02-24,KR,하이브,352820,KRX,Buy,buy,하이브,369600.0,"369,600",246000.0,"245,500",50.2439,2025-02-24,246000.0,2026-09-07,180800.0,-26.504065,down,-1.626016,16.056911,16.056911,62.195122,-45.212121,164.448998,-190.953063,405500.0,64.837398,True,2026-01-20,330,64.837398,2026-02-13,560,seasoned,,,ocr_fallback,1,1,,
data/markdown/kuvic/2025-02-24_SK가스 - LNG도 ESS도 사로잡GAS!.md,kuvic,company,modern,2025-02-25,2025-02-25,2025-02-24,KR,SK가스,018670,KRX,Buy,buy,SK가스,320000.0,"320,000",240500.0,"248,000",33.0561,2025-02-25,240500.0,2026-09-07,239500.0,-0.4158,down,-1.663202,-10.602911,0.2079,-0.623701,6.444444,165.955085,-166.370885,302000.0,25.571726,False,,,25.571726,2026-05-15,559,seasoned,,,,1,1,,
data/markdown/voera/undated_[BUY] League of No.1 LIG 넥스원.md,voera,company,modern,2025-02-26,2025-02-26,,KR,LIG디펜스앤에어로스페이스,079550,KRX,Buy,buy,LIG디펜스앤에어로스페이스,350000.0,"350,000원",294000.0,"294,000원",19.0476,2025-02-26,294000.0,2026-09-07,659000.0,124.14966,up,-17.346939,51.530612,77.210884,71.088435,56.532067,164.867536,-40.717876,1118000.0,280.272109,True,2025-05-08,71,280.272109,2026-04-22,558,seasoned,,,date_cover_only,1,1,,
data/markdown/voera/undated_[BUY] Robot is... 로보티즈!.md,voera,company,modern,2025-03-01,2025-03-01,,KR,로보티즈,108490,KRX,Buy,buy,로보티즈,45700.0,"45,700원",29652.0,"30,450 KRW",54.1211,2025-03-04,31308.0,2026-09-07,301500.0,863.012649,up,-1.712022,86.003577,191.139645,821.489715,15.517241,176.615709,686.396939,464000.0,1382.049316,True,2025-05-14,74,1382.049316,2026-06-02,555,seasoned,,,date_cover_only,1,1,,
data/markdown/voera/undated_[BUY] 코스메틱 성공 코스 ODM 여기엠! 코스맥스.md,voera,company,modern,2025-03-08,2025-03-08,,KR,코스맥스,192820,KRX,Buy,buy,코스맥스,222100.0,"222,100원",184300.0,"184,300원",20.51,2025-03-10,172000.0,2026-09-07,274000.0,59.302326,up,-5.523256,30.523256,25.290698,-1.802326,68.09816,172.152864,-112.850538,306500.0,78.197674,True,2025-06-04,88,78.197674,2026-09-01,548,seasoned,,,date_cover_only,1,1,,
data/markdown/star/2025-03-10_STAR_삼성중공업.md,star,company,modern,2025-03-10,2025-02-06,2025-03-10,KR,삼성중공업,010140,KOSPI,Buy,buy,삼성중공업,19330.0,"19,330원",14530.0,"13,400",33.0351,2025-03-10,14530.0,2026-09-07,21400.0,47.281487,up,-10.254646,15.278734,45.216793,91.672402,-11.20332,172.152864,-124.871377,35350.0,143.289745,True,2025-07-21,133,143.289745,2026-04-23,546,seasoned,,,,1,1,,
data/markdown/star/2025-03-10_STAR_더존비즈온.md,star,company,modern,2025-03-10,2025-02-20,2025-03-10,KR,더존비즈온,012510,KOSPI,Buy,buy,더존비즈온,102100.0,"102,100",70000.0,"77,900",45.8571,2025-03-10,70000.0,2026-07-14,120000.0,71.428571,up,-27.857143,-14.285714,20.142857,70.0,40.186916,166.762242,-95.333671,156000.0,122.857143,True,2026-02-23,350,122.857143,2026-06-01,546,seasoned,,,,2,2,,
data/markdown/star/2025-03-10_STAR_JYP Ent_.md,star,company,modern,2025-03-10,2025-01-16,2025-03-10,KR,JYP Ent.,035900,KOSDAQ,Buy,buy,JYP Ent.,114500.0,"114,500",73100.0,"76,000",56.6347,2025-03-10,73100.0,2026-09-07,39500.0,-45.964432,down,-21.477428,6.29275,2.872777,-14.363885,-45.592287,13.277397,-59.241829,88500.0,21.067031,False,,,21.067031,2025-11-03,546,seasoned,,,,1,1,,
data/markdown/star/2025-03-10_STAR_에스티아이.md,star,company,modern,2025-03-10,2025-01-02,2025-03-10,KR,에스티아이,039440,KOSDAQ,Buy,buy,에스티아이,22000.0,"22,000",19080.0,"17,450",15.304,2025-03-10,19080.0,2026-09-07,19800.0,3.773585,up,-9.224319,9.800839,-3.930818,78.197065,-34.975369,13.277397,-9.503812,43200.0,126.415094,True,2025-03-17,7,126.415094,2026-02-26,546,seasoned,,,,1,1,,
data/markdown/star/2025-03-10_STAR_아모레퍼시픽.md,star,company,modern,2025-03-10,2025-02-20,2025-03-10,KR,아모레퍼시픽,090430,KOSPI,Buy,buy,아모레퍼시픽,159700.0,"159,700",114400.0,"117,900",39.5979,2025-03-10,114400.0,2026-09-07,140800.0,23.076923,up,-11.538462,20.017483,3.321678,12.937063,17.824268,172.152864,-149.075941,169000.0,47.727273,True,2026-02-09,336,47.727273,2026-02-09,546,seasoned,,,,1,1,,
data/markdown/star/2025-03-10_STAR_케이아이엔엑스.md,star,company,modern,2025-03-10,2025-02-20,2025-03-10,KR,케이아이엔엑스,093320,KOSDAQ,Buy,buy,케이아이엔엑스,151400.0,"151,400",72700.0,"151,400원",108.2531,2025-03-10,72700.0,2026-09-07,144600.0,98.899587,up,0.412655,15.268226,19.11967,51.994498,19.40545,13.277397,85.622191,163700.0,125.171939,True,2026-08-11,519,125.171939,2026-08-12,546,seasoned,,,,3,3,,
data/markdown/star/2025-03-10_STAR_지엔씨에너지.md,star,company,modern,2025-03-10,2025-02-20,2025-03-10,KR,지엔씨에너지,119850,KOSDAQ,Buy,buy,지엔씨에너지,32000.0,"32,000",16030.0,"17,340",99.6257,2025-03-10,16030.0,2026-09-07,44500.0,177.604492,up,-11.915159,77.791641,87.461011,129.569557,44.012945,13.277397,164.327095,58000.0,261.821585,True,2025-06-16,98,261.821585,2026-08-07,546,seasoned,,,,1,1,,
data/markdown/star/2025-03-10_STAR_파크시스템스.md,star,company,modern,2025-03-10,2025-02-06,2025-03-10,KR,파크시스템스,140860,KOSDAQ,Buy,buy,파크시스템스,303000.0,"303,000",188900.0,"303,000원",60.4023,2025-03-10,188900.0,2026-09-07,266500.0,41.079936,up,-2.329275,42.138698,37.374272,51.667549,27.511962,13.277397,27.80254,350500.0,85.547909,True,2025-07-09,121,85.547909,2026-05-12,546,seasoned,,,,1,1,,
data/markdown/star/2025-03-10_STAR_덕산네오룩스.md,star,company,modern,2025-03-10,2025-01-02,2025-03-10,KR,덕산네오룩스,213420,KOSDAQ,Buy,buy,덕산네오룩스,48200.0,"48,200",31850.0,"27,750",51.3344,2025-03-10,31850.0,2026-09-07,33350.0,4.709576,up,-25.745683,11.616954,41.44427,28.571429,-8.630137,13.277397,-8.56782,57300.0,79.905808,True,2025-08-27,170,79.905808,2026-04-17,546,seasoned,,,,2,2,,
data/markdown/star/2025-03-10_STAR_클래시스.md,star,company,modern,2025-03-10,2025-02-20,2025-03-10,KR,클래시스,214150,KOSDAQ,Buy,buy,클래시스,71100.0,"71,100",60300.0,"55,800",17.9104,2025-03-10,60300.0,2026-09-07,32000.0,-46.932007,down,-11.774461,-2.985075,-11.276949,-9.618574,-41.284404,13.277397,-60.209403,77600.0,28.689884,True,2025-05-08,59,28.689884,2026-01-29,546,seasoned,,,,2,2,,
data/markdown/star/2025-03-10_STAR_펌텍코리아.md,star,company,modern,2025-03-10,2025-01-16,2025-03-10,KR,펌텍코리아,251970,KOSDAQ,Buy,buy,펌텍코리아,68500.0,"68,500",41300.0,"45,000",65.8596,2025-03-10,41300.0,2026-09-07,53700.0,30.024213,up,19.491525,38.256659,49.878935,11.743341,3.071017,13.277397,16.746816,77000.0,86.440678,True,2025-08-06,149,86.440678,2025-08-08,546,seasoned,,,,2,2,,
data/markdown/star/2025-03-10_STAR_스튜디오드래곤.md,star,company,modern,2025-03-10,2025-02-20,2025-03-10,KR,스튜디오드래곤,253450,KOSDAQ,Buy,buy,스튜디오드래곤,65700.0,"65,700",49100.0,"41,750",33.8086,2025-03-10,49100.0,2026-09-07,21700.0,-55.804481,down,-8.553971,0.610998,-8.553971,-18.533605,-49.239766,13.277397,-69.081877,57000.0,16.089613,False,,,16.089613,2025-06-10,546,seasoned,,,,2,2,,
data/markdown/star/2025-03-10_STAR_신한알파리츠.md,star,company,modern,2025-03-10,2025-02-06,2025-03-10,KR,신한알파리츠,293940,KOSPI,Buy,buy,신한알파리츠,7700.0,"7,700",6030.0,"5,710",27.6949,2025-03-10,6030.0,2026-09-07,5340.0,-11.442786,down,-10.945274,-5.804312,-7.296849,-5.804312,-4.472272,172.152864,-183.59565,6270.0,3.9801,False,,,3.9801,2026-04-24,546,seasoned,,,,1,1,,
data/markdown/star/2025-03-10_STAR_에이비엘바이오.md,star,company,modern,2025-03-10,2025-01-16,2025-03-10,KR,에이비엘바이오,298380,KOSDAQ,Buy,buy,에이비엘바이오,44100.0,"44,100",39500.0,"29,700",11.6456,2025-03-10,39500.0,2026-09-07,71100.0,80.0,up,33.164557,91.898734,160.759494,368.860759,-64.45,13.277397,66.722603,257500.0,551.898734,True,2025-03-19,9,551.898734,2026-01-28,546,seasoned,,,,1,1,,
data/markdown/star/2025-03-10_STAR_티앤엘.md,star,company,modern,2025-03-10,2025-02-20,2025-03-10,KR,티앤엘,340570,KOSDAQ,Buy,buy,티앤엘,114600.0,"114,600",80000.0,"76,500",43.25,2025-03-10,80000.0,2026-09-07,29000.0,-63.75,down,-17.875,-21.5,-33.875,-36.625,-40.876656,13.277397,-77.027397,84600.0,5.75,False,,,5.75,2025-03-18,546,seasoned,,,,2,2,,
data/markdown/star/2025-03-10_STAR_넥스트바이오메디컬.md,star,company,modern,2025-03-10,2025-02-20,2025-03-10,KR,넥스트바이오메디컬,389650,KOSDAQ,Buy,buy,넥스트바이오메디컬,70400.0,"70,400",45450.0,"54,000",54.8955,2025-03-10,45450.0,2026-09-07,31050.0,-31.683168,down,-19.80198,-3.630363,59.29593,55.555556,-65.268456,13.277397,-44.960565,101000.0,122.222222,True,2025-09-04,178,122.222222,2025-12-04,546,seasoned,,,,1,1,,
data/markdown/star/2025-03-10_STAR_시프트업.md,star,company,modern,2025-03-10,2025-01-02,2025-03-10,KR,시프트업,462870,KOSPI,Buy,buy,시프트업,89100.0,"89,100",57200.0,"63,400",55.7692,2025-03-10,57200.0,2026-09-07,31550.0,-44.842657,down,-24.213287,-11.713287,-25.961538,-46.416084,-11.126761,172.152864,-216.995521,62200.0,8.741259,False,,,8.741259,2025-03-10,546,seasoned,,,,1,1,,
"data/markdown/yig/2025-11-11_유진테크 (084730, KQ), 원영 말고 유진테크~ (발간일 250314) YIG Research.md",yig,company,modern,2025-03-14,2025-03-14,2025-11-11,KR,팅크웨어,084730,KOSDAQ,Buy,buy,팅크웨어,14639.0665,"60,200원",10420.0,"42,850₩",40.4901,2025-03-14,10420.0,2026-09-07,6410.0,-38.483685,down,-7.485605,-9.40499,-21.017274,-17.658349,-17.503218,11.975322,-50.459007,11180.0,7.293666,False,,,7.293666,2025-03-19,542,seasoned,,,target_split_adjusted,1,1,,
"data/markdown/yig/2025-11-11_파크시스템스 (140860, KQ), 반도체 테마 PARK, 롤러코스터 타고 올라가요~ (발간일 250314) YIG Res.md",yig,company,modern,2025-03-14,2025-03-14,2025-11-11,KR,파크시스템스,140860,KOSDAQ,Buy,buy,파크시스템스,283500.0,"₩283,500 ₩",200500.0,"₩283,500 ₩",41.3965,2025-03-14,200500.0,2026-09-07,266500.0,32.917706,up,-1.496259,33.665835,29.925187,32.668329,27.511962,11.975322,20.942384,350500.0,74.812968,True,2025-06-19,97,74.812968,2026-05-12,542,seasoned,,,ocr_fallback,1,1,,
"data/markdown/yig/2025-11-11_HPSP (403870, KQ), HPSP의 역습이 시작된다 (발간일 250314) YIG Research.md",yig,company,modern,2025-03-14,2025-03-14,2025-11-11,KR,HPSP,403870,KOSDAQ,Buy,buy,HPSP,37760.0,"37,760원",27950.0,"27,950원",35.0984,2025-03-14,27950.0,2026-09-07,53300.0,90.697674,up,-14.132379,1.9678,-0.536673,52.593918,59.104478,11.975322,78.722352,92000.0,229.159213,True,2025-10-14,214,229.159213,2026-06-15,542,seasoned,,,ocr_fallback,1,1,,
data/markdown/ewha/2025-04-04_[250404] 삼성전기(009150).md,ewha,company,modern,2025-04-04,2025-04-04,2025-04-04,KR,삼성전기,009150,KRX,Buy,buy,삼성전기,187900.0,"187,900원",121200.0,"121,200",55.033,2025-04-04,121200.0,2026-09-07,1454000.0,1099.669967,up,-2.970297,17.409241,59.488449,276.237624,470.196078,183.740296,915.929671,2417000.0,1894.224422,True,2025-09-11,160,1894.224422,2026-06-19,521,seasoned,,,,2,2,,
"data/markdown/yig/2025-11-11_경동나비엔 (009450, KS), 연애는 식어도 경동은 안 식어요. (발간일 250404) YIG Research.md",yig,company,modern,2025-04-04,2025-04-04,2025-11-11,KR,경동나비엔,009450,KOSPI,Buy,buy,경동나비엔,98800.0,"₩98,800",67500.0,"₩67,500",46.3704,2025-04-04,67500.0,2026-09-07,61300.0,-9.185185,down,13.037037,11.407407,7.703704,-6.962963,10.45045,183.740296,-192.925481,95100.0,40.888889,False,,,40.888889,2025-08-05,521,seasoned,,,ocr_fallback,1,1,,
data/markdown/ewha/2025-04-04_[250404] LS마린솔루션(060370).md,ewha,company,modern,2025-04-04,2025-04-04,2025-04-04,KR,LS마린솔루션,060370,KRX,Buy,buy,LS마린솔루션,21130.0,"21,130원",12620.0,"14,380",67.4326,2025-04-04,12620.0,2026-09-07,31250.0,147.622821,up,22.535658,137.717908,78.288431,137.717908,4.340568,183.740296,-36.117475,51600.0,308.874802,True,2025-06-09,66,308.874802,2026-05-06,521,seasoned,,,,1,1,,
data/markdown/ewha/2025-04-04_[250404] HD현대마린엔진(071970).md,ewha,company,modern,2025-04-04,2025-04-04,2025-04-04,KR,HD현대마린엔진,071970,KRX,Buy,buy,HD현대마린엔진,40400.0,"40,400원",27900.0,"27,900",44.8029,2025-04-04,27900.0,2026-09-07,51200.0,83.512545,up,34.946237,59.677419,216.845878,171.684588,-42.793296,183.740296,-100.227751,118200.0,323.655914,True,2025-05-09,35,323.655914,2026-04-27,521,seasoned,,,,1,1,,
data/markdown/ewha/2025-04-04_[250404] PI첨단소재(178920).md,ewha,company,modern,2025-04-04,2025-04-04,2025-04-04,KR,PI첨단소재,178920,KRX,Buy,buy,PI첨단소재,23510.0,"23,510원",16500.0,"16,500",42.4848,2025-04-04,16500.0,2026-09-07,19340.0,17.212121,up,-2.969697,14.060606,-0.484848,29.393939,23.815621,183.740296,-166.528175,32150.0,94.848485,True,2026-03-17,347,94.848485,2026-05-06,521,seasoned,,,,2,2,,
data/markdown/ewha/2025-04-04_[250404] 에이피알(278470).md,ewha,company,modern,2025-04-05,2025-04-05,2025-04-04,KR,에이피알,278470,KRX,Buy,buy,에이피알,100500.0,"100,500원",64300.0,"64,300",56.2986,2025-04-07,62200.0,2026-09-07,384000.0,517.363344,up,22.508039,121.543408,309.967846,425.723473,66.233766,200.463448,316.899896,475000.0,663.665595,True,2025-05-09,34,663.665595,2026-09-01,520,seasoned,,,,1,1,,
"data/markdown/yig/2025-11-11_현대로템 (064350, KS), 득템하세요, 현대로템 (발간일 250411) YIG Research.md",yig,company,modern,2025-04-11,2025-04-11,2025-11-11,KR,현대로템,064350,KOSPI,Buy,buy,현대로템,137300.0,"137,300₩",101900.0,,34.7399,2025-04-11,101900.0,2026-09-07,127200.0,24.828263,up,23.061825,90.284593,121.786065,106.084396,-32.304417,187.55426,-162.725997,282000.0,176.741904,True,2025-05-26,45,176.741904,2026-04-30,514,seasoned,,,ocr_fallback,1,1,,
"data/markdown/yig/2025-11-11_SNT에너지 (100840, KS), SNT 에너지, YOUR 에너지! (발간일 250411) YIG Research.md",yig,company,modern,2025-04-11,2025-04-11,2025-11-11,KR,SNT에너지,100840,KOSPI,Buy,buy,SNT에너지,47000.0,"₩ 47,000",33800.0,"₩ 33,800",39.0533,2025-04-11,33800.0,2026-09-07,37600.0,11.242604,up,11.83432,6.656805,57.39645,84.023669,2.73224,187.55426,-176.311657,67900.0,100.887574,True,2025-05-23,42,100.887574,2025-09-11,514,seasoned,,,ocr_fallback,1,1,,
data/markdown/2025-04-19_equity-research-cj.md,smic,company,modern,2025-04-19,2025-04-12,2025-04-19,KR,CJ,001040,KRX,Buy,buy,CJ,,,121000.0,,,2025-04-21,114100.0,2026-09-07,132700.0,16.30149,up,5.609115,43.821209,48.20333,87.992989,-22.848837,181.117737,-164.816247,235000.0,105.959684,,,,105.959684,2026-02-13,506,seasoned,,missing_target_price,target_price_suspect,1,1,,
data/markdown/2025-04-19_equity-research-한화에어로스페이스.md,smic,company,modern,2025-04-19,2025-04-12,2025-04-19,KR,한화에어로스페이스,012450,KRX,Buy,buy,한화에어로스페이스,1205000.0,"1,205,000원",815336.0,"779,000 원",47.7918,2025-04-21,817305.0,2026-09-07,1039000.0,27.125125,up,1.084418,9.628596,14.52273,74.108809,10.414453,181.117737,-153.992613,1655000.0,102.494785,True,2026-01-09,265,102.494785,2026-03-04,506,seasoned,,,,1,1,,
data/markdown/2025-04-19_equity-research-지엔씨에너지.md,smic,company,modern,2025-04-19,2025-04-11,2025-04-19,KR,지엔씨에너지,119850,KRX,Strong Buy,buy,지엔씨에너지,39610.0,"39,610 원",19200.0,"16,950 원",106.3021,2025-04-21,19250.0,2026-09-07,44500.0,131.168831,up,48.831169,87.272727,104.675325,85.194805,44.012945,181.117737,-49.948906,58000.0,201.298701,True,2025-10-15,179,201.298701,2026-08-07,506,seasoned,,,,1,1,,
data/markdown/2025-04-19_equity-research-노머스.md,smic,company,modern,2025-04-19,2025-04-11,2025-04-19,KR,노머스,473980,KRX,Buy,buy,노머스,37950.0,"37,950 원",25500.0,"24,350 원",48.8235,2025-04-21,25400.0,2026-09-07,11550.0,-54.527559,down,17.913386,24.80315,17.125984,-28.385827,-58.75,181.117737,-235.645296,38000.0,49.606299,True,2025-08-21,124,49.606299,2025-08-21,506,seasoned,,,,1,1,,
data/markdown/2025-04-19_equity-research-한화비전.md,smic,company,modern,2025-04-19,2025-04-11,2025-04-19,KR,한화비전,489790,KRX,Buy,buy,한화비전,111600.0,"111,600 원",56500.0,"54,400 원",97.5221,2025-04-21,55900.0,2026-09-07,49700.0,-11.091234,down,5.724508,-4.293381,-6.261181,41.860465,10.690423,181.117737,-192.208972,97900.0,75.134168,False,,,75.134168,2026-03-25,506,seasoned,,,,1,1,,
"data/markdown/yig/2025-11-11_현대엘리베이터 (017800, KS), 지금 안 타시면 먼저 올라가요 (발간일 250508) YIG Research.md",yig,company,modern,2025-05-08,2025-05-08,2025-11-11,KR,현대엘리베이터,017800,KOSPI,Buy,buy,현대엘리베이터,139900.0,"₩139,900",75500.0,"₩76,000",85.298,2025-05-08,75500.0,2026-09-07,75500.0,0.0,flat,6.754967,8.211921,-3.708609,29.668874,-14.496036,171.193807,-171.193807,113400.0,50.198675,False,,,50.198675,2026-02-23,487,seasoned,,,ocr_fallback,1,1,,
"data/markdown/yig/2025-11-11_KT나스미디어 (089600, KQ), 광고 '건너뛰기' 불가능 (발간일 250508) YIG Research.md",yig,company,modern,2025-05-08,2025-05-08,2025-11-11,KR,KT나스미디어,089600,KOSDAQ,Buy,buy,KT나스미디어,21550.0,"₩21,550",15090.0,"₩15,090",42.8098,2025-05-08,15090.0,2026-09-07,12860.0,-14.777999,down,2.12061,3.644798,-14.115308,-21.139828,-1.00077,12.69206,-27.470059,17900.0,18.621604,False,,,18.621604,2025-07-03,487,seasoned,,,ocr_fallback,1,1,,
"data/markdown/yig/2025-11-11_한국콜마 (161890, KS), 콜마의 여름이 돌아왔다 (발간일 250508) YIG Research.md",yig,company,modern,2025-05-08,2025-05-08,2025-11-11,KR,한국콜마,161890,KOSPI,Buy,buy,한국콜마,106929.0,"₩106,929",79600.0,"₩79,600",34.3329,2025-05-08,79600.0,2026-09-07,144300.0,81.281407,up,6.78392,24.874372,-5.40201,17.58794,132.36715,171.193807,-89.912399,165900.0,108.417085,True,2025-07-10,63,108.417085,2026-08-31,487,seasoned,,,ocr_fallback,1,1,,
"data/markdown/voera/undated_[BUY] HL만 도전해, 수출길에.md",voera,company,modern,2025-05-09,2025-05-09,,KR,HL만도,204320,KRX,Buy,buy,HL만도,47500.0,"47,500원",36350.0,,30.674,2025-05-09,36350.0,2026-09-07,50200.0,38.101788,up,-6.740028,-4.539202,-0.550206,64.786795,-14.480409,171.426354,-133.324566,79100.0,117.606602,True,2025-11-28,203,117.606602,2026-06-17,486,seasoned,,,ocr_fallback;date_cover_only,1,1,,
data/markdown/2025-05-11_equity-research-한화솔루션-2.md,smic,company,modern,2025-05-11,2025-05-03,2025-05-11,KR,한화솔루션,009830,KRX,Buy,buy,한화솔루션,91200.0,"Bull Case: 91,200 원",30796.0,"30,300 원",196.1424,2025-05-12,30938.0,2026-09-07,29650.0,-4.163165,down,-5.184563,-7.317862,-19.96897,38.719374,17.295672,168.29707,-172.460235,55934.0,80.793846,False,,,80.793846,2026-02-19,484,seasoned,,,,4,4,,
data/markdown/2025-05-11_equity-research-hd현대미포.md,smic,company,modern,2025-05-11,2025-05-02,2025-05-11,KR,HD현대미포,010620,KRX,Buy,buy,HD현대미포,250000.0,"250,000 원",171900.0,"171,700 원",45.4334,2025-05-12,166800.0,2025-12-12,223000.0,33.693046,up,12.410072,15.28777,23.201439,33.693046,0.0,59.824802,-26.131756,257000.0,54.076739,True,2025-10-27,169,54.076739,2025-11-03,484,seasoned,,,,2,2,,
data/markdown/2025-05-11_equity-research-에스앤에스텍.md,smic,company,modern,2025-05-11,2025-05-03,2025-05-11,KR,에스앤에스텍,101490,KRX,Buy,buy,에스앤에스텍,54700.0,"54,700 원",33250.0,"34,650 원",64.5113,2025-05-12,36100.0,2026-09-07,41650.0,15.373961,up,5.817175,40.443213,54.847645,144.875346,-13.768116,168.29707,-152.923109,108400.0,200.277008,True,2025-08-14,95,200.277008,2026-04-17,484,seasoned,,,,1,1,,
data/markdown/2025-05-11_equity-research-펄어비스-2.md,smic,company,modern,2025-05-11,2025-05-02,2025-05-11,KR,펄어비스,263750,KRX,Sell,sell,펄어비스,12300.0,"12,300원",38200.0,"35,400 원",-67.801,2025-05-12,35150.0,2026-09-07,33500.0,-4.694168,down,9.388336,12.660028,2.133713,51.920341,-10.427807,168.29707,-172.991238,77400.0,120.199147,True,2025-05-12,1,120.199147,2026-04-01,484,seasoned,,,,2,2,,
data/markdown/2025-05-11_equity-research-토모큐브.md,smic,company,modern,2025-05-11,2025-05-02,2025-05-11,KR,토모큐브,475960,KRX,Strong Buy,buy,토모큐브,64550.0,"64,550원",20200.0,"19,420 원",219.5545,2025-05-12,21000.0,2026-09-07,28200.0,34.285714,up,23.571429,21.904762,82.619048,157.142857,-44.705882,168.29707,-134.011356,67800.0,222.857143,True,2026-02-23,288,222.857143,2026-02-25,484,seasoned,,,,1,1,,
data/markdown/kuvic/2025-05-13_한국콜마 - 선크림하면 ~ 한국콜마INDI.md,kuvic,company,modern,2025-05-13,2025-05-13,2025-05-13,KR,한국콜마,161890,KRX,Buy,buy,한국콜마,,,83500.0,,27.3,2025-05-13,83500.0,2026-09-07,144300.0,72.814371,up,8.383234,-3.473054,-13.652695,16.646707,132.36715,168.184955,-95.370584,165900.0,98.682635,,,,98.682635,2026-08-31,482,seasoned,,missing_target_price,ocr_fallback;ocr_inconsistent_prices,1,1,,
"data/markdown/voera/undated_[BUY] 강(鋼)하게 버틴다, 세아제강.md",voera,company,modern,2025-05-13,2025-05-13,,KR,세아제강,306200,KRX,Buy,buy,세아제강,205630.0,"205,630원",171700.0,"170,400원",19.7612,2025-05-13,171700.0,2026-09-07,145000.0,-15.550379,down,-7.338381,-16.249272,-29.528247,-7.047175,23.614663,168.184955,-183.735333,189000.0,10.075713,False,,,10.075713,2026-04-28,482,seasoned,,,date_cover_only,1,1,,
data/markdown/kuvic/2025-05-15_두산에너빌리티 - 두에빌은 뭐든지 두어블(Do-able).md,kuvic,company,modern,2025-05-15,2025-05-12,2025-05-15,KR,두산에너빌리티,034020,KRX,Buy,buy,두산에너빌리티,64200.0,"64,200",31950.0,"28,800",100.939,2025-05-15,31950.0,2026-09-07,87900.0,175.117371,up,70.892019,108.137715,144.757433,246.791862,16.733068,166.861095,8.256276,139200.0,335.680751,True,2025-06-23,39,335.680751,2026-05-07,480,seasoned,,,,1,1,,
data/markdown/kuvic/2025-05-15_실리콘투 - 진격의 실리콘투.md,kuvic,company,modern,2025-05-15,2025-05-15,2025-05-15,KR,실리콘투,257720,KRX,Buy,buy,실리콘투,59000.0,"59,000원",37550.0,"37,450원",57.1238,2025-05-15,37550.0,2026-09-07,47150.0,25.565912,up,44.074567,16.245007,9.853529,2.796272,21.992238,166.861095,-141.295183,63400.0,68.841545,True,2025-06-11,27,68.841545,2025-06-30,480,seasoned,,,ocr_fallback,2,2,,
"data/markdown/voera/undated_[BUY] Create the Legend, 크래프톤.md",voera,company,modern,2025-05-15,2025-05-15,,KR,크래프톤,259960,KRX,Buy,buy,크래프톤,478000.0,"478,000원",375000.0,"373,500원",27.4667,2025-05-15,375000.0,2026-09-07,218000.0,-41.866667,down,-2.266667,-16.0,-29.6,-25.6,-11.382114,166.861095,-208.727762,391000.0,4.266667,False,,,4.266667,2025-05-28,480,seasoned,,,date_cover_only,1,1,,
data/markdown/kuvic/2025-05-15_에이피알 - (A)안 (P)팔 (R)릴 이유가 없다.md,kuvic,company,modern,2025-05-15,2025-05-12,2025-05-15,KR,에이피알,278470,KRX,Buy,buy,에이피알,,,110500.0,,32.0,2025-05-15,110500.0,2026-09-07,384000.0,247.511312,up,18.552036,88.687783,92.307692,265.61086,66.233766,166.861095,80.650217,475000.0,329.864253,,,,329.864253,2026-09-01,480,seasoned,,missing_target_price,ocr_fallback;ocr_inconsistent_prices,1,1,,
"data/markdown/yig/2025-11-11_[2025-1 SOKHA 우승] 넥스트바이오메디컬 (389650, KQ), 의료기기의 Next Level (발간일 25051.md",yig,company,modern,2025-05-15,2025-05-15,2025-11-11,KR,넥스트바이오메디컬,389650,KOSDAQ,Buy,buy,넥스트바이오메디컬,,,40850.0,"₩63,200 ₩",,2025-05-15,40850.0,2026-09-07,31050.0,-23.990208,down,14.320685,34.394125,41.982864,29.98776,-65.268456,12.132619,-36.122827,101000.0,147.246022,,,,147.246022,2025-12-04,480,seasoned,,missing_target_price,ocr_fallback,1,1,,
data/markdown/kuvic/2025-05-15_파마리서치 - 폭싹 삭아버리기 전에 리쥬란.md,kuvic,company,modern,2025-05-17,2025-05-17,2025-05-15,KR,파마리서치,214450,KRX,Buy,buy,파마리서치,,,416000.0,,23.9,2025-05-19,422500.0,2026-09-07,376500.0,-10.887574,down,8.402367,61.893491,6.035503,-22.366864,-6.575682,168.700018,-179.587592,713000.0,68.757396,,,,68.757396,2025-08-26,478,seasoned,,missing_target_price,ocr_fallback;ocr_inconsistent_prices,1,1,,
"data/markdown/yig/2025-11-11_에이치브이엠 (295310, KQ), 우쥬 Buy Me (발간일 250523) YIG Research.md",yig,company,modern,2025-05-23,2025-05-23,2025-11-11,KR,에이치브이엠,295310,KOSDAQ,Buy,buy,에이치브이엠,38050.0,"₩38,050",26050.0,"₩26,050",46.0653,2025-05-23,26050.0,2026-09-07,47200.0,81.190019,up,1.151631,11.324376,-13.243762,333.78119,-19.864177,14.834213,66.355806,144000.0,452.783109,True,2025-12-15,206,452.783109,2026-05-26,472,seasoned,,,ocr_fallback,1,1,,
data/markdown/2025-05-25_equity-research-cellebrite-di.md,smic,company,modern,2025-05-25,2025-05-16,2025-05-25,US,Cellebrite DI,CLBT,NASDAQ,Buy,buy,CLBT,29.7,$ 29.70,17.209999,$ 17.27,72.5741,2025-05-27,17.16,2026-09-04,11.83,-31.060606,down,-5.244753,-6.118877,-1.631706,-23.193471,-34.387135,30.70586,-61.766465,19.98,16.433565,False,,,16.433565,2025-11-13,470,seasoned,,,,1,1,,
data/markdown/2025-05-25_equity-research-doximity.md,smic,company,modern,2025-05-25,2025-05-16,2025-05-25,US,Doximity,DOCS,NYSE,Buy,buy,DOCS,75.4,75.40 USD,51.02,46.25 USD,47.7852,2025-05-27,52.099998,2026-09-04,26.559999,-49.021113,down,12.552785,30.019194,-3.224569,-61.727445,-40.018066,30.70586,-79.726972,76.510002,46.852216,True,2025-09-24,122,46.852216,2025-09-29,470,seasoned,,,,1,1,,
data/markdown/2025-05-25_equity-research-life360-inc.md,smic,company,modern,2025-05-25,2025-05-17,2025-05-25,US,Life360 Inc,LIF,NASDAQ,Hold,soft_buy,LIF,103.4,$ 103.4,61.360001,$ 58.6,68.5137,2025-05-27,62.650002,2026-09-04,43.93,-29.880289,down,-0.606546,44.006383,15.738229,-35.802075,-31.509198,30.70586,-60.586148,112.540001,79.632878,True,2025-09-08,106,79.632878,2025-10-06,470,seasoned,,,,1,1,,
data/markdown/2025-05-25_equity-research-sportradar.md,smic,company,modern,2025-05-25,2025-05-16,2025-05-25,US,Sportradar,SRAD,NYSE,Buy,buy,SRAD,33.82,33.82달러,23.889999,,41.5655,2025-05-27,23.83,2026-09-04,13.035,-45.300042,down,13.176666,32.731848,-9.148134,-45.321025,-45.161971,30.70586,-76.005902,32.220001,35.207727,False,,,35.207727,2025-08-25,470,seasoned,,,,1,1,,
data/markdown/2025-05-25_equity-research-tempus-ai-inc.md,smic,company,modern,2025-05-25,2025-05-16,2025-05-25,US,"Tempus AI, Inc.",TEM,NASDAQ,Buy,buy,TEM,228.5,$228.5,62.560001,$62.6,265.2494,2025-05-27,65.870003,2026-09-04,64.540001,-2.019131,down,3.658716,22.240767,6.710184,-29.892214,9.297209,30.70586,-32.724991,104.32,58.372545,False,,,58.372545,2025-10-09,470,seasoned,,,,1,1,,
data/markdown/ewha/2025-05-27_[250527] (KEYSS 대회) 현대건설(000720).md,ewha,company,modern,2025-05-27,2025-05-27,2025-05-27,KR,현대건설,000720,KRX,Buy,buy,현대건설,,,62000.0,,,2025-05-27,62000.0,2026-09-07,126900.0,104.677419,up,27.258065,3.709677,-4.354839,131.612903,81.027104,165.256217,-60.578797,198400.0,220.0,,,,220.0,2026-04-08,468,seasoned,,missing_target_price,ocr_fallback;target_price_suspect,2,3,,
"data/markdown/yig/2025-11-11_[2025-1 KYESS] 두산에너빌리티 (034020, KS), 두산의 클린업 트리오 가스터빈, 대형 원전, SMR (발간.md",yig,company,modern,2025-05-27,2025-05-27,2025-11-11,KR,두산에너빌리티,034020,KOSPI,Buy,buy,두산에너빌리티,56300.0,"₩56,300",42350.0,"₩42,350",32.9398,2025-05-27,42350.0,2026-09-07,87900.0,107.55608,up,52.774498,55.608028,72.609209,156.198347,16.733068,165.256217,-57.700136,139200.0,228.689492,True,2025-06-12,16,228.689492,2026-05-07,468,seasoned,,,ocr_fallback,1,1,,
data/markdown/ewha/2025-05-30_[250530] 현대건설(000720).md,ewha,company,modern,2025-05-30,2025-05-30,2025-05-30,KR,현대건설,000720,KRX,Buy,buy,현대건설,93300.0,"93,300원",63800.0,"63,800",46.2382,2025-05-30,63800.0,2026-09-07,126900.0,98.902821,up,23.510972,-2.507837,2.664577,130.407524,81.027104,159.312295,-60.409474,198400.0,210.971787,True,2026-01-14,229,210.971787,2026-04-08,465,seasoned,,,,3,3,,
data/markdown/ewha/2025-05-30_[250530] 한국항공우주(047810).md,ewha,company,modern,2025-05-30,2025-05-30,2025-05-30,KR,한국항공우주,047810,KRX,Buy,buy,한국항공우주,125900.0,"125,900원",83600.0,"83,600",50.5981,2025-05-30,83600.0,2026-09-07,129400.0,54.784689,up,9.090909,15.191388,31.937799,101.315789,13.111888,159.312295,-104.527606,215500.0,157.77512,True,2026-01-06,221,157.77512,2026-03-03,465,seasoned,,,,1,1,,
data/markdown/ewha/2025-05-30_[250530] 이수페타시스(007660).md,ewha,company,modern,2025-05-31,2025-05-31,2025-05-30,KR,이수페타시스,007660,KRX,Buy,buy,이수페타시스,57350.0,"57,350원",38400.0,"38,400",49.349,2025-06-02,38100.0,2026-09-07,111900.0,193.700787,up,37.270341,74.80315,283.989501,239.107612,-6.124161,159.187394,34.513394,164400.0,331.496063,True,2025-07-08,38,331.496063,2026-04-22,464,seasoned,,,,2,2,,
data/markdown/2025-06-10_equity-research-고려신용정보-2.md,smic,company,modern,2025-06-10,2025-05-29,2025-06-10,KR,고려신용정보,049720,KRX,Buy,buy,고려신용정보,18600.0,"18,600 원",9990.0,"10,400 원",86.1862,2025-06-10,9990.0,2026-09-07,9100.0,-8.908909,down,2.902903,3.803804,9.209209,-3.803804,-13.825758,143.584797,-152.493706,11940.0,19.51952,False,,,19.51952,2026-07-24,454,seasoned,,,,2,2,,
data/markdown/2025-06-10_equity-research-월덱스.md,smic,company,modern,2025-06-10,2025-05-29,2025-06-10,KR,월덱스,101160,KRX,Buy,buy,월덱스,26250.0,"26,250 원",19490.0,"19,010 원",34.6845,2025-06-10,19490.0,2026-09-07,30200.0,54.951257,up,26.218574,14.161108,15.443817,28.52745,40.139211,143.584797,-88.63354,35400.0,81.631606,True,2025-07-11,31,81.631606,2026-04-27,454,seasoned,,,,1,1,,
data/markdown/2025-06-10_equity-research-애니플러스-2.md,smic,company,modern,2025-06-10,2025-05-30,2025-06-10,KR,애니플러스,310200,KRX,Buy,buy,애니플러스,7680.0,"7,680 원",3995.0,"3,550 원",92.2403,2025-06-10,3995.0,2026-09-07,2020.0,-49.436796,down,41.927409,6.508135,-11.889862,-45.43179,-40.059347,143.584797,-193.021593,6430.0,60.951189,False,,,60.951189,2025-08-21,454,seasoned,,,,2,2,,
data/markdown/2025-06-10_equity-research-아이스크림미디.md,smic,company,modern,2025-06-10,2025-05-29,2025-06-10,KR,아이스크림미디어,461300,KRX,Buy,buy,아이스크림미디어,25700.0,"25,700 원",18650.0,"15,780 원",37.8016,2025-06-10,18650.0,2026-09-07,19000.0,1.876676,up,19.302949,8.579088,-7.131367,-12.922252,9.195402,143.584797,-141.708122,27550.0,47.72118,True,2025-09-22,104,47.72118,2025-09-25,454,seasoned,,,,1,1,,
data/markdown/2025-06-10_equity-research-폰드그룹.md,smic,company,modern,2025-06-10,2025-05-29,2025-06-10,KR,폰드그룹,472850,KRX,Buy,buy,폰드그룹,16057.0,"16,057 원",4607.0,"8,480 원",248.5348,2025-06-10,4607.0,2026-09-07,4780.0,3.755155,up,49.229433,27.110918,5.990883,-3.407858,-52.485089,143.584797,-139.829642,10400.0,125.743434,False,,,125.743434,2025-12-30,454,seasoned,,,,1,1,,
data/markdown/star/2025-06-18_STAR_농심.md,star,company,modern,2025-06-18,2025-03-27,2025-06-18,KR,농심,004370,KOSPI,Buy,buy,농심,582000.0,"582,000",389500.0,"405,000",49.4223,2025-06-18,389500.0,2026-09-07,415000.0,6.546855,up,5.391528,25.802311,10.526316,-6.546855,-4.046243,135.361467,-128.814613,579000.0,48.652118,False,,,48.652118,2025-09-12,446,seasoned,,,,1,1,,
data/markdown/star/2025-06-18_STAR_SAMG엔터.md,star,company,modern,2025-06-18,2025-03-27,2025-06-18,KR,SAMG엔터,419530,KOSDAQ,Buy,buy,SAMG엔터,,,82600.0,"29,950",,2025-06-18,82600.0,2026-09-07,19080.0,-76.900726,down,-11.985472,-37.046005,-45.096852,-65.677966,-53.857316,5.445475,-82.346201,99400.0,20.338983,,,,20.338983,2025-06-25,446,seasoned,,missing_target_price,target_price_suspect,2,2,,
data/markdown/star/2025-06-19_STAR_HD현대미포.md,star,company,modern,2025-06-19,2025-05-08,2025-06-19,KR,HD현대미포,010620,KOSPI,Buy,buy,HD현대미포,219500.0,"219,500",185800.0,"172,400",18.1378,2025-06-19,185800.0,2025-12-12,223000.0,20.021529,up,7.642626,6.942949,20.021529,20.021529,0.0,39.943716,-19.922187,257000.0,38.320775,True,2025-07-31,42,38.320775,2025-11-03,445,seasoned,,,,2,2,,
data/markdown/star/2025-06-19_STAR_한국전력.md,star,company,modern,2025-06-19,2025-06-05,2025-06-19,KR,한국전력,015760,KOSPI,Buy,buy,한국전력,40900.0,"40,900",28300.0,"29,650",44.523,2025-06-19,28300.0,2026-09-07,32750.0,15.724382,up,28.091873,29.858657,77.738516,33.922261,-30.614407,134.922794,-119.198412,69500.0,145.583039,True,2025-06-26,7,145.583039,2026-01-21,445,seasoned,,,,1,1,,
data/markdown/star/2025-06-19_STAR_현대엘리베이터.md,star,company,modern,2025-06-19,2025-05-15,2025-06-19,KR,현대엘리베이터,017800,KOSPI,Buy,buy,현대엘리베이터,114000.0,"114,000",86300.0,"77,200",32.0973,2025-06-19,86300.0,2026-09-07,75500.0,-12.514484,down,-1.042874,-9.617613,5.793743,-11.239861,-14.496036,134.922794,-147.437278,113400.0,31.402086,False,,,31.402086,2026-02-23,445,seasoned,,,,1,1,,
data/markdown/star/2025-06-19_STAR_현대로템.md,star,company,modern,2025-06-19,2025-03-27,2025-06-19,KR,현대로템,064350,KOSPI,Buy,buy,현대로템,,,212000.0,"106,000",,2025-06-19,212000.0,2026-09-07,127200.0,-40.0,down,-8.349057,-0.235849,-14.433962,-2.358491,-32.304417,134.922794,-174.922794,282000.0,33.018868,,,,33.018868,2026-04-30,445,seasoned,,missing_target_price,target_price_suspect,1,1,,
data/markdown/star/2025-06-19_STAR_한국금융지주.md,star,company,modern,2025-06-19,2025-05-29,2025-06-19,KR,한국금융지주,071050,KOSPI,Buy,buy,한국금융지주,136000.0,"136,000",127300.0,"99,300",6.8342,2025-06-19,127300.0,2026-09-07,190900.0,49.960723,up,16.967793,21.288295,28.829537,81.461115,18.058132,134.922794,-84.962071,300500.0,136.056559,True,2025-06-24,5,136.056559,2026-02-23,445,seasoned,,,,1,1,,
data/markdown/star/2025-06-19_STAR_HD현대마린엔진.md,star,company,modern,2025-06-19,2025-05-08,2025-06-19,KR,HD현대마린엔진,071970,KOSPI,Buy,buy,HD현대마린엔진,,,54200.0,"37,600",,2025-06-19,54200.0,2026-09-07,51200.0,-5.535055,down,-6.642066,63.653137,54.059041,24.354244,-42.793296,134.922794,-140.457849,118200.0,118.081181,,,,118.081181,2026-04-27,445,seasoned,,missing_target_price,target_price_suspect,1,1,,
data/markdown/star/2025-06-19_STAR_비츠로셀.md,star,company,modern,2025-06-19,2025-05-15,2025-06-19,KR,비츠로셀,082920,KOSDAQ,Buy,buy,비츠로셀,37550.0,"37,550",15014.0,"26,750",150.0999,2025-06-19,15014.0,2026-09-07,29000.0,93.153057,up,2.184628,-2.018116,25.549487,190.395631,64.585698,5.070862,88.082195,67800.0,351.578527,True,2026-03-30,284,351.578527,2026-05-12,445,seasoned,,,,2,2,,
data/markdown/star/2025-06-19_STAR_에스앤에스텍.md,star,company,modern,2025-06-19,2025-06-05,2025-06-19,KR,에스앤에스텍,101490,KOSDAQ,Buy,buy,에스앤에스텍,61300.0,"61,300",39050.0,"34,450",56.9782,2025-06-19,39050.0,2026-09-07,41650.0,6.658131,up,22.663252,35.211268,15.492958,54.673496,-13.768116,5.070862,1.587269,108400.0,177.59283,True,2025-10-15,118,177.59283,2026-04-17,445,seasoned,,,,2,2,,
data/markdown/star/2025-06-19_KEYSS_STAR_글로벌텍스프리.md,star,company,modern,2025-06-19,2024-05-27,2025-06-19,KR,글로벌텍스프리,204620,KOSDAQ,Buy,buy,글로벌텍스프리,9110.0,"9,110",6940.0,"9,110원",31.268,2025-06-19,6940.0,2026-09-07,5300.0,-23.631124,down,2.161383,-17.146974,-30.835735,-23.487032,18.303571,5.070862,-28.701986,7830.0,12.824207,False,,,12.824207,2025-07-22,445,seasoned,,,,2,2,,
data/markdown/star/2025-06-19_STAR_CentrusEnergy.md,star,company,modern,2025-06-19,2025-05-29,2025-06-19,US,CentrusEnergy,LEU,NYSE,Buy,buy,LEU,255.98,$ 255.98,180.960007,$ 127.47,41.4567,2025-06-20,190.039993,2026-09-04,174.5,-8.177223,down,31.20396,21.106084,24.089674,0.71038,-28.118305,29.691815,-37.869038,464.25,144.290684,True,2025-08-06,48,144.290684,2025-10-16,445,seasoned,,,,1,1,,
data/markdown/kuvic/2025-06-26_태웅 - '태'동했던 바람은 '웅'장한 실적으로.md,kuvic,company,modern,2025-06-26,,2025-06-26,KR,태웅,044490,KRX,Buy,buy,태웅,48000.0,"48,000",36850.0,"34,550",30.2578,2025-06-26,36850.0,2026-09-07,32850.0,-10.854817,down,7.055631,-10.447761,-26.458616,-28.493894,27.572816,127.155503,-138.01032,61300.0,66.350068,True,2026-03-10,257,66.350068,2026-05-04,438,seasoned,,,ocr_fallback,1,1,,
data/markdown/kuvic/2025-06-27_티씨케이 - 중국은 8대 핵심산업 중 반도체만 남았다.md,kuvic,company,modern,2025-06-27,,2025-06-27,KR,티씨케이,064760,KRX,Buy,buy,티씨케이,146700.0,"146,700원",103700.0,"103,700원",41.4658,2025-06-27,103700.0,2026-09-07,268500.0,158.919961,up,-11.282546,55.930569,37.994214,142.526519,88.818565,128.911235,30.008726,348500.0,236.065574,True,2025-09-16,81,236.065574,2026-05-14,437,seasoned,,,ocr_fallback,1,1,,
data/markdown/kuvic/2025-06-27_SAMG엔터 - 나만 믿어핑!.md,kuvic,company,modern,2025-06-27,,2025-06-27,KR,SAMG엔터,419530,KOSDAQ,Buy,buy,SAMG엔터,,,90200.0,,,2025-06-27,90200.0,2026-09-07,19080.0,-78.847007,down,-18.514412,-37.694013,-55.487805,-77.272727,-53.857316,5.198577,-84.045584,95300.0,5.654102,,,,5.654102,2025-06-27,437,seasoned,,missing_target_price,ocr_fallback;target_price_suspect,1,1,,
data/markdown/kuvic/2025-06-27_SK이터닉스 - 나니가 SK.md,kuvic,company,modern,2025-06-27,,2025-06-27,KR,SK이터닉스,475150,KRX,Buy,buy,SK이터닉스,47400.0,"47,400원",24650.0,"24,650원",92.2921,2025-06-27,24650.0,2026-09-07,52100.0,111.359026,up,1.217039,-2.028398,-12.373225,75.25355,151.690821,128.911235,-17.552209,87700.0,255.780933,True,2026-03-19,265,255.780933,2026-07-24,437,seasoned,,,ocr_fallback,1,1,,
"data/markdown/yig/2025-11-11_지니언스 (263860, KQ), K-보안 데몬 헌터스 (발간일 250718) YIG Research.md",yig,company,modern,2025-07-18,2025-07-18,2025-11-11,KR,지니언스,263860,KOSDAQ,Buy,buy,지니언스,32500.0,"₩ 32,500",21950.0,"₩21,950",48.0638,2025-07-18,21950.0,2026-09-07,15260.0,-30.47836,down,-14.487472,-0.683371,-17.448747,-45.330296,-18.176944,0.185215,-30.663574,30000.0,36.67426,False,,,36.67426,2025-09-22,416,seasoned,,,ocr_fallback,1,1,,
"data/markdown/yig/2025-11-11_JTC (950170, KQ), 일본에서 외국인만 보인다면 (발간일 250718) YIG Research.md",yig,company,modern,2025-07-18,2025-07-18,2025-11-11,KR,JTC,950170,KOSDAQ,Buy,buy,JTC,9270.0,"9,270원",7180.0,,29.1086,2025-07-18,7180.0,2026-09-07,4400.0,-38.718663,down,-13.649025,-7.660167,-32.520891,-32.451253,15.183246,0.185215,-38.903877,7520.0,4.735376,False,,,4.735376,2025-07-22,416,seasoned,,,ocr_fallback,1,1,,
data/markdown/ewha/2025-07-25_[250725] RFHIC(218410).md,ewha,company,modern,2025-07-25,2025-07-25,2025-07-25,KR,RFHIC,218410,KRX,Buy,buy,RFHIC,39500.0,"39,500원",27900.0,"27,900",41.5771,2025-07-25,27900.0,2026-09-07,48450.0,73.655914,up,-10.9319,-1.25448,23.476703,61.469534,48.392037,118.876113,-45.220199,126900.0,354.83871,True,2026-01-26,185,354.83871,2026-05-12,409,seasoned,,,,1,1,,
data/markdown/ewha/2025-07-25_[250725] 티엘비(356860).md,ewha,company,modern,2025-07-25,2025-07-25,2025-07-25,KR,티엘비,356860,KRX,Buy,buy,티엘비,,,25315.0,,38.27,2025-07-25,25315.0,2026-09-07,37150.0,46.750938,up,1.125815,168.16907,104.124037,14.161564,-34.478562,118.876113,-72.125175,134448.0,431.100138,,,,431.100138,2026-05-27,409,seasoned,,missing_target_price,ocr_fallback;ocr_inconsistent_prices,1,1,,
data/markdown/ewha/2025-07-25_[250725] 삼성중공업(010140).md,ewha,company,modern,2025-07-26,2025-07-26,2025-07-25,KR,삼성중공업,010140,KRX,Buy,buy,삼성중공업,27100.0,"27,100원",18870.0,"18,870",43.6142,2025-07-28,18630.0,2026-09-07,21400.0,14.868492,up,7.353731,33.118626,61.567364,22.920021,-11.20332,117.957514,-103.089022,35350.0,89.747719,True,2025-10-27,93,89.747719,2026-04-23,408,seasoned,,,,1,1,,
"data/markdown/voera/undated_[BUY] 진인현대천명, 현대건설.md",voera,company,modern,2025-07-30,2025-07-30,,KR,현대건설,000720,KRX,Buy,buy,현대건설,104971.0,"104,971원",65200.0,,60.9985,2025-07-30,65200.0,2026-09-07,126900.0,94.631902,up,-4.754601,5.674847,62.883436,25.306748,81.027104,114.947134,-20.315232,198400.0,204.294479,True,2026-01-16,170,204.294479,2026-04-08,404,seasoned,,,date_cover_only,1,1,,
"data/markdown/voera/undated_[BUY] Become HRSG Itself, BHI.md",voera,company,modern,2025-07-30,2025-07-30,,KR,비에이치아이,083650,KRX,Buy,buy,비에이치아이,49000.0,"49,000원",40300.0,"40,300원",21.5881,2025-07-30,40300.0,2026-09-07,67700.0,67.990074,up,44.168734,29.280397,68.98263,-14.143921,29.445507,114.947134,-46.95706,114200.0,183.37469,True,2025-08-22,23,183.37469,2026-03-10,404,seasoned,,,date_cover_only,1,1,,
"data/markdown/yig/2025-11-11_현대오토에버 (307950, KS), 현대오토에버, 에버, 포에버! (발간일 250731) YIG Research.md",yig,company,modern,2025-07-31,2025-07-31,2025-11-11,KR,현대오토에버,307950,KOSPI,Buy,buy,현대오토에버,222000.0,"₩222,000",154100.0,"₩156,300",44.0623,2025-07-31,154100.0,2026-09-07,402000.0,160.869565,up,13.951979,4.931862,187.475665,136.534718,21.084337,115.545196,45.324369,1066000.0,591.758598,True,2025-11-03,95,591.758598,2026-06-01,403,seasoned,,,ocr_fallback,1,1,,
"data/markdown/yig/2025-11-11_지엔씨에너지 (119850, KQ), 비상발전기로 주가도 비상 (발간일 250801) YIG Research.md",yig,company,modern,2025-08-01,2025-08-01,2025-11-11,KR,지엔씨에너지,119850,KOSDAQ,Buy,buy,지엔씨에너지,,,32800.0,"₩53,600 ₩",,2025-08-01,32800.0,2026-09-07,44500.0,35.670732,up,-12.347561,19.817073,10.213415,11.585366,44.012945,6.392422,29.278309,58000.0,76.829268,,,,76.829268,2026-08-07,402,seasoned,,missing_target_price,ocr_fallback,1,1,,
"data/markdown/yig/2025-11-11_한미약품 (128940, KS), 한 한번은 미 미친다 (발간일 250801) YIG Research.md",yig,company,modern,2025-08-01,2025-08-01,2025-11-11,KR,한미약품,128940,KOSPI,Buy,buy,한미약품,516900.0,"516,900 원",270000.0,"₩270,000",91.4444,2025-08-01,270000.0,2026-09-07,475500.0,76.111111,up,12.222222,44.62963,92.222222,23.518519,5.199115,124.253625,-48.142514,647000.0,139.62963,True,2026-01-28,180,139.62963,2026-02-24,402,seasoned,,,,1,1,,
"data/markdown/yig/2025-11-11_슈어소프트테크 (298840, KQ), 필승! Sure Can Do (발간일 250802) YIG Research.md",yig,company,modern,2025-08-02,2025-08-02,2025-11-11,KR,슈어소프트테크,298830,KOSDAQ,Buy,buy,슈어소프트테크,6420.0,"6,420원",4840.0,"3,690원",32.6446,2025-08-04,4860.0,2026-09-07,4330.0,-10.90535,down,-3.806584,7.201646,91.358025,-25.617284,-46.144279,4.863148,-15.768498,10880.0,123.868313,True,2025-12-08,128,123.868313,2026-01-22,401,seasoned,,,ocr_fallback,1,1,,
data/markdown/kuvic/2025-08-19_두산 - GPU와 ASIC이라는 '두 산'.md,kuvic,company,modern,2025-08-19,2025-08-19,2025-08-19,KR,두산,000150,KRX,Buy,buy,두산,,,525000.0,,68.9,2025-08-19,525000.0,2026-09-07,1271000.0,142.095238,up,13.52381,85.714286,79.428571,127.238095,62.740077,121.965947,20.129291,2489000.0,374.095238,,,,374.095238,2026-06-01,384,seasoned,,missing_target_price,ocr_fallback;ocr_inconsistent_prices,1,1,,
"data/markdown/kuvic/2025-08-19_산일전기 - BESS를 연결하고, 미국 전력망을 점령하다.md",kuvic,company,modern,2025-08-19,2025-08-19,2025-08-19,KR,산일전기,062040,KOSPI,Buy,buy,산일전기,,,112900.0,,44.3,2025-08-19,112900.0,2026-09-07,198900.0,76.173605,up,6.377325,28.697963,28.875111,55.624446,52.882398,121.965947,-45.792342,341000.0,202.037201,,,,202.037201,2026-05-04,384,seasoned,,missing_target_price,ocr_fallback;ocr_inconsistent_prices,1,1,,
"data/markdown/kuvic/2025-08-19_디앤디파마텍 - 간단히 말해, 비만도 MASH도 한 큐에.md",kuvic,company,modern,2025-08-19,2025-08-13,2025-08-19,KR,디앤디파마텍,347850,KOSDAQ,Buy,buy,디앤디파마텍,,,34134.0,,46.0,2025-08-19,34134.0,2026-09-07,49700.0,45.602625,up,21.040605,166.596356,144.624128,70.211519,-45.860566,4.344129,41.258496,116600.0,241.594891,,,,241.594891,2026-06-17,384,seasoned,,missing_target_price,ocr_fallback;ocr_inconsistent_prices,1,1,,
data/markdown/ewha/2025-08-22_[250822] 파마리서치(214450).md,ewha,company,modern,2025-08-22,2025-08-22,2025-08-22,KR,파마리서치,214450,KRX,Buy,buy,파마리서치,962000.0,"962,000원",700000.0,"700,000",37.4286,2025-08-22,700000.0,2026-09-07,376500.0,-46.214286,down,-14.714286,-31.857143,-50.714286,-42.785714,-6.575682,120.763208,-166.977494,713000.0,1.857143,False,,,1.857143,2025-08-26,381,seasoned,,,,2,2,,
data/markdown/ewha/2025-08-22_[250822] 에스티팜(237690).md,ewha,company,modern,2025-08-22,2025-08-22,2025-08-22,KR,에스티팜,237690,KRX,Buy,buy,에스티팜,133700.0,"133,700원",92000.0,"92,000",45.3261,2025-08-22,92000.0,2026-09-07,91700.0,-0.326087,down,2.173913,10.869565,59.456522,8.369565,-23.07047,120.763208,-121.089295,172100.0,87.065217,True,2025-12-16,116,87.065217,2026-04-28,381,seasoned,,,,2,2,,
data/markdown/ewha/2025-08-22_[250822] 유한양행(000100).md,ewha,company,modern,2025-08-23,2025-08-23,2025-08-22,KR,유한양행,000100,KRX,Buy,buy,유한양행,162300.0,"162,300원",115000.0,"115,000",41.1304,2025-08-25,116800.0,2026-09-07,80700.0,-30.907534,down,5.479452,-0.085616,-3.339041,-29.537671,-28.202847,117.934427,-148.841961,129200.0,10.616438,False,,,10.616438,2025-11-14,380,seasoned,,,,2,2,,
data/markdown/star/2025-08-31_STAR_하이트진로 (2).md,star,company,modern,2025-08-31,2025-08-22,2025-08-31,KR,하이트진로,000080,KOSPI,Buy,buy,하이트진로,33500.0,"33,500",19100.0,"19,090",75.3927,2025-09-01,19200.0,2026-09-07,15500.0,-19.270833,down,-0.78125,-2.03125,-7.447917,-19.010417,-15.943601,122.575431,-141.846265,19530.0,1.71875,False,,,1.71875,2025-09-12,372,seasoned,,,,1,1,,
data/markdown/star/2025-08-31_STAR_파미셀.md,star,company,modern,2025-08-31,2025-07-24,2025-08-31,KR,파미셀,005690,KOSPI,Buy,buy,파미셀,24020.0,"24,020",11140.0,"12,770",115.6194,2025-09-01,10460.0,2026-09-07,10740.0,2.676864,up,13.575526,63.575526,55.258126,6.214149,-26.083964,122.575431,-119.898567,21150.0,102.198853,False,,,102.198853,2026-05-04,372,seasoned,,,,1,1,,
data/markdown/star/2025-08-31_STAR_엔씨소프트.md,star,company,modern,2025-08-31,2025-08-07,2025-08-31,KR,NC,036570,KOSPI,Buy,buy,NC,330500.0,"330,500",203000.0,"195,900",62.8079,2025-09-01,193200.0,2026-09-07,223000.0,15.424431,up,11.801242,8.695652,19.565217,16.200828,10.669975,122.575431,-107.151001,343500.0,77.795031,True,2026-06-02,275,77.795031,2026-06-02,372,seasoned,,,,1,1,,
data/markdown/star/2025-08-31_STAR_토비스.md,star,company,modern,2025-08-31,2025-08-22,2025-08-31,KR,토비스,051360,KOSDAQ,Buy,buy,토비스,30200.0,"30,200",16990.0,"17,280",77.7516,2025-09-01,16490.0,2026-09-07,11730.0,-28.865979,down,0.121286,-8.368708,-5.518496,-31.958763,-25.047923,4.73758,-33.603559,20950.0,27.046695,False,,,27.046695,2026-05-26,372,seasoned,,,,1,1,,
data/markdown/star/2025-08-31_STAR_대주전자재료.md,star,company,modern,2025-08-31,2025-08-22,2025-08-31,KR,대주전자재료,078600,KOSDAQ,Buy,buy,대주전자재료,116900.0,"116,900",69300.0,"71,000",68.6869,2025-09-01,67400.0,2026-09-07,85800.0,27.299703,up,-2.077151,9.198813,49.406528,36.795252,35.11811,4.73758,22.562124,183300.0,171.958457,True,2026-03-06,187,171.958457,2026-04-24,372,seasoned,,,,1,1,,
data/markdown/star/2025-08-31_STAR_비에이치아이 (1).md,star,company,modern,2025-08-31,2025-07-24,2025-08-31,KR,비에이치아이,083650,KOSDAQ,Buy,buy,비에이치아이,61600.0,"61,600",58100.0,"35,450",6.0241,2025-09-01,54800.0,2026-09-07,67700.0,23.540146,up,-13.868613,-17.974453,70.620438,14.59854,29.445507,4.73758,18.802566,114200.0,108.394161,True,2025-10-13,43,108.394161,2026-03-10,372,seasoned,,,,2,2,,
data/markdown/star/2025-08-31_STAR_비에이치 (2).md,star,company,modern,2025-08-31,2025-08-22,2025-08-31,KR,비에이치,090460,KOSPI,Buy,buy,비에이치,21500.0,21.500,18480.0,"21,500원",16.342,2025-09-01,18240.0,2026-09-07,21400.0,17.324561,up,-5.592105,-1.589912,6.030702,-0.054825,32.919255,122.575431,-105.25087,43400.0,137.938596,True,2026-02-11,164,137.938596,2026-05-26,372,seasoned,,,,2,2,,
data/markdown/star/2025-08-31_STAR_엠씨넥스.md,star,company,modern,2025-08-31,2025-08-22,2025-08-31,KR,엠씨넥스,097520,KOSPI,Buy,buy,엠씨넥스,43700.0,"43,700",30000.0,"29,000",45.6667,2025-09-01,28700.0,2026-09-07,19050.0,-33.623693,down,2.264808,-5.574913,-4.878049,-27.1777,-33.968804,122.575431,-156.199125,32500.0,13.240418,False,,,13.240418,2025-10-16,372,seasoned,,,,1,1,,
data/markdown/star/2025-08-31_STAR_SK오션플랜트.md,star,company,modern,2025-08-31,2025-08-07,2025-08-31,KR,SK오션플랜트,100090,KOSPI,Buy,buy,SK오션플랜트,32100.0,"32,100",20850.0,"21,150",53.9568,2025-09-01,19820.0,2026-09-07,13190.0,-33.45106,down,23.612513,-6.407669,-2.623613,-30.37336,-34.864198,122.575431,-156.026491,31600.0,59.434914,False,,,59.434914,2026-04-03,372,seasoned,,,,1,1,,
data/markdown/star/2025-08-31_STAR_풍산.md,star,company,modern,2025-08-31,2025-07-10,2025-08-31,KR,풍산,103140,KOSPI,Buy,buy,풍산,163500.0,"163,500",118800.0,"127,800",37.6263,2025-09-01,117900.0,2026-09-07,76500.0,-35.114504,down,5.7676,-15.860899,-1.78117,-30.534351,-28.169014,122.575431,-157.689935,159200.0,35.029686,False,,,35.029686,2026-03-04,372,seasoned,,,,1,1,,
data/markdown/star/2025-08-31_STAR_한중엔시에스.md,star,company,modern,2025-08-31,2025-08-22,2025-08-31,KR,한중엔시에스,107640,KOSDAQ,Buy,buy,한중엔시에스,45950.0,"45,950",33650.0,"30,900",36.5527,2025-09-01,31700.0,2026-09-07,40500.0,27.760252,up,10.567823,48.73817,78.548896,31.861199,-13.738019,4.73758,23.022673,73000.0,130.283912,True,2025-10-16,46,130.283912,2026-04-22,372,seasoned,,,,1,1,,
data/markdown/star/2025-08-31_STAR_씨에스윈드.md,star,company,modern,2025-08-31,2025-08-22,2025-08-31,KR,씨에스윈드,112610,KOSPI,Buy,buy,씨에스윈드,51700.0,"51,700",41750.0,"42,550",23.8323,2025-09-01,41350.0,2026-09-07,49000.0,18.500605,up,1.330109,0.241838,29.866989,18.258767,17.788462,122.575431,-104.074827,79400.0,92.019347,True,2026-02-19,172,92.019347,2026-04-03,372,seasoned,,,,3,3,,
data/markdown/star/2025-08-31_STAR_코리아에프티 (1).md,star,company,modern,2025-08-31,2025-04-10,2025-08-31,KR,코리아에프티,123410,KOSDAQ,Buy,buy,코리아에프티,8450.0,"8,450",6230.0,"5,850",35.634,2025-09-01,6430.0,2026-09-07,5920.0,-7.931571,down,-6.998445,16.174184,33.903577,-6.376361,-28.068044,4.73758,-12.66915,9550.0,48.522551,True,2025-12-03,94,48.522551,2026-01-22,372,seasoned,,,,2,2,,
data/markdown/star/2025-08-31_STAR_한미약품.md,star,company,modern,2025-08-31,2025-04-10,2025-08-31,KR,한미약품,128940,KOSPI,Buy,buy,한미약품,406000.0,"406,000원",303000.0,"281,500",33.9934,2025-09-01,304000.0,2026-09-07,475500.0,56.414474,up,20.723684,50.164474,95.065789,62.006579,5.199115,122.575431,-66.160958,647000.0,112.828947,True,2025-10-27,57,112.828947,2026-02-24,372,seasoned,,,,1,1,,
data/markdown/star/2025-08-31_STAR_코미코.md,star,company,modern,2025-08-31,2025-07-24,2025-08-31,KR,코미코,183300,KOSDAQ,Buy,buy,코미코,87900.0,"87,900",42018.0,"60,500",109.1961,2025-09-01,40847.0,2026-09-07,26350.0,-35.490979,down,21.445883,8.10341,38.654002,-35.246163,-41.474358,4.73758,-40.228558,139200.0,240.783901,True,2026-05-13,255,240.783901,2026-06-11,372,seasoned,,,,2,2,,
data/markdown/star/2025-08-31_STAR_인텔리안테크.md,star,company,modern,2025-08-31,2025-08-22,2025-08-31,KR,인텔리안테크,189300,KOSDAQ,Buy,buy,인텔리안테크,71700.0,"71,700",46050.0,"45,250",55.7003,2025-09-01,45000.0,2026-09-07,63500.0,41.111111,up,4.777778,-8.333333,168.888889,40.0,6.722689,4.73758,36.373531,180200.0,300.444444,True,2026-01-05,127,300.444444,2026-05-12,372,seasoned,,,,1,1,,
data/markdown/star/2025-08-31_STAR_휴메딕스 (1).md,star,company,modern,2025-08-31,2025-08-22,2025-08-31,KR,휴메딕스,200670,KOSDAQ,Sell,sell,휴메딕스,40750.0,"40,750",54300.0,"54,300",-24.954,2025-09-01,53000.0,2026-09-07,25800.0,-51.320755,down,1.509434,-13.301887,-19.716981,-50.660377,-36.05948,4.73758,-56.058334,72400.0,36.603774,True,2025-09-01,1,36.603774,2025-09-16,372,seasoned,,,,1,1,,
data/markdown/star/2025-08-31_STAR_애니플러스.md,star,company,modern,2025-08-31,2025-08-22,2025-08-31,KR,애니플러스,310200,KOSDAQ,Buy,buy,애니플러스,9120.0,"9,120",4805.0,"5,100",89.8023,2025-09-01,4475.0,2026-09-07,2020.0,-54.860335,down,-12.067039,-21.340782,-26.256983,-53.96648,-40.059347,4.73758,-59.597915,4870.0,8.826816,False,,,8.826816,2025-09-01,372,seasoned,,,,1,1,,
data/markdown/star/2025-08-31_STAR_현대무벡스 (2).md,star,company,modern,2025-08-31,2025-08-22,2025-08-31,KR,현대무벡스,319400,KOSDAQ,Buy,buy,현대무벡스,6400.0,"6,400",4750.0,"4,405",34.7368,2025-09-01,4655.0,2026-09-07,22100.0,374.758324,up,99.355532,102.148228,643.286788,404.833512,17.615753,4.73758,370.020745,50400.0,982.706767,True,2025-09-03,3,982.706767,2026-01-23,372,seasoned,,,,1,1,,
data/markdown/star/2025-08-31_STAR_씨어스테크놀로지.md,star,company,modern,2025-08-31,2025-08-22,2025-08-31,KR,씨어스,458870,KOSDAQ,Buy,buy,씨어스,54600.0,"54,600원",16342.0,"38,000",234.1084,2025-09-01,18076.0,2026-09-07,22450.0,24.197831,up,15.501217,149.081655,157.202921,17.005975,-48.259968,4.73758,19.460252,64235.0,255.360699,True,2026-01-22,144,255.360699,2026-03-20,372,seasoned,,,,1,2,,
data/markdown/star/2025-08-31_STAR_달바글로벌.md,star,company,modern,2025-08-31,2025-07-10,2025-08-31,KR,달바글로벌,483650,KOSPI,Buy,buy,달바글로벌,292500.0,"292,500",178700.0,"223,500",63.6821,2025-09-01,174500.0,2026-09-07,186700.0,6.991404,up,-6.246418,-22.636103,-2.86533,26.074499,26.576271,122.575431,-115.584027,283000.0,62.17765,False,,,62.17765,2026-08-12,372,seasoned,,,,1,1,,
data/markdown/star/2025-09-02_STAR_율촌화학 (1).md,star,company,modern,2025-09-02,2025-08-22,2025-09-02,KR,율촌화학,008730,KOSPI,Buy,buy,율촌화학,47550.0,"47,550",29050.0,"31,900",63.6833,2025-09-02,29050.0,2026-09-07,16110.0,-44.54389,down,4.64716,2.753873,-9.122203,-44.888124,-37.55814,120.511293,-165.055183,39200.0,34.939759,False,,,34.939759,2025-10-17,370,seasoned,,,,1,1,,
"data/markdown/yig/2025-11-11_티씨케이 (064760, KQ), 반도체 소재 약속의 Ring! (발간일 250924) YIG Research.md",yig,company,modern,2025-09-24,2025-09-24,2025-11-11,KR,티씨케이,064760,KOSDAQ,Buy,buy,티씨케이,206400.0,"₩206,400",165500.0,"₩165,500",24.713,2025-09-24,165500.0,2026-09-07,268500.0,62.23565,up,5.196375,-11.903323,41.993958,62.23565,88.818565,-4.500894,66.736544,348500.0,110.574018,True,2026-01-28,126,110.574018,2026-05-14,348,developing,,,ocr_fallback,1,1,,
"data/markdown/yig/2025-11-11_테스 (095610, KQ), '테스' 토스테론, 반도체 사이클의 근육 (발간일 250924) YIG Research.md",yig,company,modern,2025-09-24,2025-09-24,2025-11-11,KR,테스,095610,KOSDAQ,Buy,buy,테스,55200.0,"₩55,200",45600.0,"₩45,600",21.0526,2025-09-24,45600.0,2026-09-07,152700.0,234.868421,up,9.210526,-8.881579,31.798246,234.868421,242.760943,-4.500894,239.369315,236500.0,418.640351,True,2026-01-05,103,418.640351,2026-07-01,348,developing,,,,1,1,,
"data/markdown/yig/2025-11-11_코미코 (183300, KQ), 코미코 짱! High~ (발간일 250924) YIG Research.md",yig,company,modern,2025-09-24,2025-09-24,2025-11-11,KR,코미코,183300,KOSDAQ,Buy,buy,코미코,138000.0,"₩138,000",50320.0,"₩98,800",174.2448,2025-09-24,50320.0,2026-09-07,26350.0,-47.635135,down,19.332273,-12.146264,13.15779,-47.635135,-41.474358,-4.500894,-43.134241,139200.0,176.629571,True,2026-06-11,260,176.629571,2026-06-11,348,developing,,,ocr_fallback,1,1,,
"data/markdown/kuvic/2025-09-30_건강기능식품 - 트렌드가 된 건기식, 중요한 기회.md",kuvic,company,modern,2025-09-30,2025-09-30,2025-09-30,KR,노바렉스,194700,KRX,,soft_buy,노바렉스,,,20700.0,,,2025-09-30,20700.0,2026-09-07,10500.0,-49.275362,down,-15.942029,-31.884058,-32.36715,-49.275362,-25.0,104.26882,-153.544182,21300.0,2.898551,,,,2.898551,2025-09-30,342,developing,,,,1,1,,
data/markdown/ewha/2025-10-03_[251003] 한국카본(017960).md,ewha,company,modern,2025-10-03,2024-10-11,2025-10-03,KR,한국카본,017960,KRX,Buy,buy,한국카본,,,33450.0,,41.8,2025-10-10,32900.0,2026-09-07,22600.0,-31.306991,down,11.246201,-9.270517,25.227964,-31.306991,-24.288107,93.745915,-125.052906,54100.0,64.43769,,,,64.43769,2026-04-28,339,developing,,missing_target_price,ocr_fallback;ocr_inconsistent_prices,1,1,,
data/markdown/ewha/2025-10-03_[251003] 산일전기(062040).md,ewha,company,modern,2025-10-03,2025-10-03,2025-10-03,KR,산일전기,062040,KRX,Buy,buy,산일전기,156800.0,"156,800원",106300.0,"106,300",47.5071,2025-10-10,111500.0,2026-09-07,198900.0,78.38565,up,40.538117,16.681614,27.35426,78.38565,52.882398,93.745915,-15.360265,341000.0,205.829596,True,2025-10-28,25,205.829596,2026-05-04,339,developing,,,,1,1,,
data/markdown/ewha/2025-10-03_[251003] 인텔리안테크(189300).md,ewha,company,modern,2025-10-04,2025-10-04,2025-10-03,KR,인텔리안테크,189300,KRX,Buy,buy,인텔리안테크,67400.0,"67,400원",47450.0,"47,450",42.0443,2025-10-10,52600.0,2026-09-07,63500.0,20.722433,up,-13.403042,29.657795,117.490494,20.722433,6.722689,93.745915,-73.023481,180200.0,242.585551,True,2026-01-02,90,242.585551,2026-05-12,338,developing,,,,3,3,,
data/markdown/yig/2025-11-11_로봇 액추에이터 저만 믿으십시오 휴먼. (발간일 251010) YIG Research.md,yig,company,modern,2025-10-10,2025-10-10,2025-11-11,KR,로보티즈,108490,KOSDAQ,Buy,buy,로보티즈,254100.0,"₩254,100",191300.0,"₩185,300",32.828,2025-10-10,191300.0,2026-09-07,301500.0,57.605855,up,15.525353,26.502875,33.821223,57.605855,15.517241,-4.339783,61.945638,464000.0,142.550967,True,2025-11-03,24,142.550967,2026-06-02,332,developing,,,,1,1,,
"data/markdown/yig/2025-11-11_삼성전기 (009150, KS), 내가 삼전이오 (발간일 251014) YIG Research.md",yig,company,modern,2025-10-14,2025-10-14,2025-11-11,KR,삼성전기,009150,KOSPI,Buy,buy,삼성전기,297800.0,"₩297,800",198200.0,"₩197,600",50.2523,2025-10-14,198200.0,2026-09-07,1454000.0,633.602422,up,11.755802,40.766902,185.06559,633.602422,470.196078,96.399864,537.202558,2417000.0,1119.475277,True,2026-02-02,111,1119.475277,2026-06-19,328,developing,,,,1,1,,
"data/markdown/yig/2025-11-11_제이브이엠 (054950, KQ), 모르는게 약이라지만 이젠 알아주세요 (발간일 251014) YIG Research.md",yig,company,modern,2025-10-14,2025-10-14,2025-11-11,KR,제이브이엠,054950,KOSDAQ,Buy,buy,제이브이엠,41350.0,"41,350원",29750.0,"₩29,750",38.9916,2025-10-14,29750.0,2026-09-07,23400.0,-21.344538,down,-11.092437,-15.966387,-17.815126,-21.344538,-9.477756,-3.039058,-18.305479,32900.0,10.588235,False,,,10.588235,2025-10-30,328,developing,,,,1,1,,
"data/markdown/yig/2025-11-11_동방메디컬 (240550, KQ), 삼천갑자 동방메디컬, 주가도 무병장수 (발간일 251014) YIG Research.md",yig,company,modern,2025-10-14,2025-10-14,2025-11-11,KR,동방메디컬,240550,KOSDAQ,Buy,buy,동방메디컬,14520.0,"₩14,520",10320.0,"₩10,320",40.6977,2025-10-14,10320.0,2026-09-07,5850.0,-43.313953,down,-18.313953,-26.647287,-37.209302,-43.313953,-25.096031,-3.039058,-40.274895,10580.0,2.51938,False,,,2.51938,2025-10-14,328,developing,,,,1,1,,
data/markdown/2025-10-23_equity-research-마이크로컨텍솔.md,smic,company,modern,2025-10-23,2025-10-17,2025-10-23,KR,마이크로컨텍솔,098120,KRX,Buy,buy,마이크로컨텍솔,58200.0,"58,200 원",27100.0,"26,300 원",114.7601,2025-10-23,27100.0,2026-09-07,46550.0,71.771218,up,-36.568266,-34.02214,26.752768,71.771218,175.770142,81.908227,-10.137009,47000.0,73.431734,False,,,73.431734,2026-09-07,319,developing,,,,1,1,,
data/markdown/2025-10-23_equity-research-로보티즈.md,smic,company,modern,2025-10-23,2025-10-18,2025-10-23,KR,로보티즈,108490,KRX,Buy,buy,로보티즈,355800.0,"355,800원",187000.0,"192,200 원",90.2674,2025-10-23,187000.0,2026-09-07,301500.0,61.229947,up,2.566845,36.898396,53.475936,61.229947,15.517241,81.908227,-20.67828,464000.0,148.128342,True,2026-01-30,99,148.128342,2026-06-02,319,developing,,,,1,1,,
data/markdown/2025-10-23_equity-research-하이브-3.md,smic,company,modern,2025-10-23,2025-10-18,2025-10-23,KR,하이브,352820,KRX,Buy,buy,하이브,393000.0,"393,000 원",288500.0,"269,500 원",36.2218,2025-10-23,288500.0,2026-09-07,180800.0,-37.331023,down,1.213172,25.129983,-13.691508,-37.331023,-45.212121,81.908227,-119.239249,405500.0,40.554593,True,2026-01-23,92,40.554593,2026-02-13,319,developing,,,,3,3,,
data/markdown/2025-10-23_equity-research-coreweave.md,smic,company,modern,2025-10-23,2025-10-17,2025-10-23,US,"CoreWeave, Inc.",CRWV,NASDAQ,Buy,buy,CRWV,,,123.339996,,,2025-10-23,123.339996,2026-09-04,87.059998,-29.414626,down,-41.908543,-23.74736,-6.632068,-29.414626,21.575195,14.860411,-44.275037,141.789993,14.958649,,,,14.958649,2025-10-28,319,developing,,missing_target_price,,1,1,,
data/markdown/2025-10-23_equity-research-corning-3.md,smic,company,modern,2025-10-23,2025-10-18,2025-10-23,US,Corning,GLW,NYSE,Buy,buy,GLW,144.0,144 $,85.258125,86.24 $,68.8989,2025-10-23,85.258125,2026-09-04,151.369995,77.54319,up,-7.116656,9.318527,93.760779,77.54319,73.463861,14.860411,62.682779,271.779999,218.773135,True,2026-02-23,123,218.773135,2026-06-30,319,developing,,,,2,2,,
"data/markdown/yig/2025-12-08_엘앤에프(066970, KOSPI), 엘앤에프, 충전 완료! YIG Research.md",yig,company,modern,2025-11-06,2025-11-06,2025-12-08,KR,엘앤에프,066970,KOSPI,Buy,buy,엘앤에프,184000.0,"18,4000 원",127700.0,"127,700 ₩",44.0877,2025-11-06,127700.0,2026-09-07,114500.0,-10.336727,down,-3.367267,-5.481597,66.797181,-10.336727,20.273109,73.735921,-84.072648,225000.0,76.194205,True,2026-04-07,152,76.194205,2026-05-04,305,developing,,,,1,1,,
"data/markdown/yig/2026-01-26_씨어스테크놀로지, See us! 우리에게 주목할 시간 YIG Research.md",yig,company,modern,2025-11-06,2025-11-06,2026-01-26,KR,씨어스,458870,KOSDAQ,Strong Buy,buy,씨어스,44407.766,"153,400원",28949.0,"₩100,000",53.4,2025-11-06,28949.0,2026-09-07,22450.0,-22.449826,down,36.405403,85.36737,68.572317,-22.449826,-48.259968,-8.459423,-13.990403,64235.0,121.890221,True,2025-11-17,11,121.890221,2026-03-20,305,developing,,,target_split_adjusted,1,1,,
data/markdown/2025-11-11_equity-research-두산.md,smic,company,modern,2025-11-11,2025-11-01,2025-11-11,KR,두산,000150,KRX,Buy,buy,두산,1874000.0,"1,874,000 원",1014000.0,"949,000 원",84.8126,2025-11-11,1014000.0,2026-09-07,1271000.0,25.345168,up,-16.370809,-12.721893,71.104536,25.345168,62.740077,70.353766,-45.008598,2489000.0,145.463511,True,2026-05-06,176,145.463511,2026-06-01,300,developing,,,,1,1,,
data/markdown/2025-11-11_equity-research-한국카본-3.md,smic,company,modern,2025-11-11,2025-10-31,2025-11-11,KR,한국카본,017960,KRX,Buy,buy,한국카본,64000.0,"64,000 원",32000.0,"36,600 원",100.0,2025-11-11,32000.0,2026-09-07,22600.0,-29.375,down,-8.125,10.15625,43.125,-29.375,-24.288107,70.353766,-99.728766,54100.0,69.0625,False,,,69.0625,2026-04-28,300,developing,,,,3,3,,
data/markdown/2025-11-11_equity-research-풍산-2.md,smic,company,modern,2025-11-11,2025-11-01,2025-11-11,KR,풍산,103140,KRX,Hold,soft_buy,풍산,120700.0,"120,700 원",102200.0,"110,000 원",18.1018,2025-11-11,102200.0,2026-09-07,76500.0,-25.146771,down,-0.880626,9.001957,-7.04501,-25.146771,-28.169014,70.353766,-95.500537,159200.0,55.772994,True,2026-01-09,59,55.772994,2026-03-04,300,developing,,,,1,1,,
data/markdown/2025-11-11_equity-research-지투지바이오.md,smic,company,modern,2025-11-11,2025-11-01,2025-11-11,KR,지투지바이오,456160,KRX,Buy,buy,지투지바이오,319800.0,"319,800원",89600.0,"55,696 원",256.9196,2025-11-11,89600.0,2026-09-07,38300.0,-57.254464,down,-13.950893,-3.90625,-13.616071,-57.254464,-42.835821,70.353766,-127.60823,124000.0,38.392857,False,,,38.392857,2026-03-16,300,developing,,,,1,1,,
data/markdown/2025-11-11_equity-research-코오롱티슈진.md,smic,company,modern,2025-11-11,2025-10-31,2025-11-11,KR,코오롱티슈진,950160,KRX,Hold,soft_buy,코오롱티슈진,121000.0,"121,000원",47600.0,"44,800 원",154.2017,2025-11-11,47600.0,2026-09-07,17420.0,-63.403361,down,71.218487,105.672269,168.487395,-63.403361,-78.115578,70.353766,-133.757127,149000.0,213.02521,True,2026-03-26,135,213.02521,2026-05-12,300,developing,,,,1,1,,
"data/markdown/yig/2026-04-08_심텍 (222800, KOSDAQ), 흔들린 숫자, 명확해진 방향 YIG Research.md",yig,company,modern,2025-11-13,2025-11-13,2026-04-08,KR,심텍,222800,KOSDAQ,Buy,buy,심텍,84100.0,"84,100원",53600.0,"53,600",56.903,2025-11-13,53600.0,2026-09-07,119800.0,123.507463,up,-0.746269,-2.238806,108.022388,123.507463,142.755826,-10.472903,133.980366,164200.0,206.343284,True,2026-04-22,160,206.343284,2026-07-01,298,developing,,,,1,1,,
data/markdown/kuvic/2025-11-17_제이에스링크 - 영구자석 업고 주가 튀어.md,kuvic,company,modern,2025-11-17,2025-11-17,2025-11-17,KR,제이에스링크,127120,KRX,Buy,buy,제이에스링크,48200.0,"48,200",17130.0,"16,700",181.3777,2025-11-17,17130.0,2026-09-07,32400.0,89.141856,up,0.525394,87.098657,107.822534,89.141856,81.512605,71.0678,18.074057,49900.0,191.30181,True,2026-04-14,148,191.30181,2026-04-16,294,developing,,,ocr_fallback,1,1,,
data/markdown/kuvic/2025-11-17_프로티나 - 빅파마에게 백‘프로’ 불‘티나’.md,kuvic,company,modern,2025-11-17,2025-11-17,2025-11-17,KR,프로티나,468530,KRX,Buy,buy,프로티나,90700.0,"90,700",65000.0,"65,000",39.5385,2025-11-17,65000.0,2026-09-07,29750.0,-54.230769,down,39.538462,7.692308,-25.0,-54.230769,-73.101266,71.0678,-125.298569,120100.0,84.769231,True,2025-12-02,15,84.769231,2025-12-29,294,developing,,,,1,1,,
data/markdown/kuvic/2025-11-17_이오테크닉스 - 이오가 짱이오.md,kuvic,company,modern,2025-11-20,2025-11-20,2025-11-17,KR,이오테크닉스,039030,KRX,Buy,buy,이오테크닉스,416000.0,"416,000",275000.0,"274,500",51.2727,2025-11-20,275000.0,2026-09-07,456000.0,65.818182,up,-9.818182,32.727273,68.909091,65.818182,67.647059,74.672959,-8.854777,623000.0,126.545455,True,2026-02-09,81,126.545455,2026-06-12,291,developing,,,,1,1,,
"data/markdown/yig/2026-01-26_HD현대중공업, 동주공제(同舟共濟) 미해군과 한 배를 타다 YIG Research.md",yig,company,modern,2025-11-20,2025-11-20,2026-01-26,KR,HD현대중공업,329180,KOSPI,Buy,buy,HD현대중공업,780000.0,"780,000원",583000.0,"₩583,000",33.7907,2025-11-20,583000.0,2026-09-07,449000.0,-22.984563,down,-10.634648,-6.861063,2.572899,-22.984563,-11.787819,74.672959,-97.657522,765000.0,31.217839,False,,,31.217839,2026-05-27,291,developing,,,,1,1,,
"data/markdown/yig/2025-12-08_HD현대건설기계 (267270, KS), 內外兼全 몸은 건설기계, 심장은 인프라코어 YIG Research.md",yig,company,modern,2025-11-25,2025-11-25,2025-12-08,KR,HD건설기계,267270,KOSPI,Buy,buy,HD건설기계,128300.0,"128,300원",92700.0,"₩92,700",38.4035,2025-11-25,92700.0,2026-09-07,140000.0,51.024811,up,1.833873,53.182309,79.072276,51.024811,42.276423,81.33201,-30.307198,217500.0,134.627832,True,2026-01-14,50,134.627832,2026-04-28,286,developing,,,,1,1,,
"data/markdown/voera/undated_[BUY] 미국이 감탄하고 전세계가 부러워하는, APR.md",voera,company,modern,2025-11-25,2025-11-25,,KR,에이피알,278470,KRX,Buy,buy,에이피알,362500.0,"362,500 원",250500.0,"250,500원",44.7106,2025-11-25,250500.0,2026-09-07,384000.0,53.293413,up,-6.986028,18.762475,56.087824,53.293413,66.233766,81.33201,-28.038596,475000.0,89.620758,True,2026-03-18,113,89.620758,2026-09-01,286,developing,,,date_cover_only,1,1,,
data/markdown/ewha/2025-11-25_[251125] (KEYSS 대회) 엘앤씨바이오(290650).md,ewha,company,modern,2025-11-25,2025-11-25,2025-11-25,KR,엘앤씨바이오,290650,KRX,Buy,buy,엘앤씨바이오,82900.0,"82,900원",53500.0,"53,500원",54.9533,2025-11-25,53500.0,2026-09-07,46850.0,-12.429907,down,20.560748,82.990654,27.663551,-12.429907,-23.322422,81.33201,-93.761916,125000.0,133.64486,True,2026-01-30,66,133.64486,2026-02-23,286,developing,,,,2,2,,
data/markdown/kuvic/2025-11-17_한국피아이엠 - 나는 한국의 블러드(피)! 한국 피아이엠.md,kuvic,company,modern,2025-11-25,2025-11-25,2025-11-17,KR,한국피아이엠,448900,KOSDAQ,Buy,buy,한국피아이엠,65000.0,"65,000원",40150.0,"40,150원",61.8929,2025-11-25,40150.0,2026-09-07,49550.0,23.412204,up,17.559153,99.750934,165.753425,23.412204,13.127854,-3.953132,27.365337,178400.0,344.333748,True,2025-12-02,7,344.333748,2026-03-11,286,developing,,,,1,1,,
data/markdown/kuvic/2025-11-17_인카금융서비스 - 내 성장이 멈추지 않는 탓일까 ㅜ.ㅜ.md,kuvic,company,modern,2025-11-26,2025-11-26,2025-11-17,KR,인카금융서비스,211050,KOSDAQ,Buy,buy,인카금융서비스,36700.0,"36,700원",15100.0,"14,170원",143.0464,2025-11-26,15100.0,2026-09-07,11050.0,-26.821192,down,-14.437086,-2.582781,-30.728477,-26.821192,-13.739266,-6.28391,-20.537282,17330.0,14.768212,False,,,14.768212,2026-01-30,285,developing,,,,1,1,,
"data/markdown/yig/2025-12-12_키움증권(039490, KOSPI), 증권의 영웅으로, 키움 YIG Research.md",yig,company,modern,2025-11-27,2025-11-27,2025-12-12,KR,키움증권,039490,KOSPI,Buy,buy,키움증권,432300.0,"432,300원",270500.0,"₩270,500",59.8152,2025-11-27,270500.0,2026-09-07,272500.0,0.739372,up,10.351201,72.828096,48.05915,0.739372,-5.872193,75.458939,-74.719568,517000.0,91.127542,True,2026-01-29,63,91.127542,2026-02-19,284,developing,,,,1,1,,
data/markdown/ewha/2025-11-28_[251128] 한화오션(042660).md,ewha,company,modern,2025-11-29,2025-11-29,2025-11-28,KR,한화오션,042660,KRX,Buy,buy,한화오션,167100.0,"167,100원",107800.0,"107,800",55.0093,2025-12-01,105000.0,2026-09-07,87300.0,-16.857143,down,10.095238,34.47619,18.285714,-16.857143,-23.151408,78.436984,-95.294127,154800.0,47.428571,False,,,47.428571,2026-03-03,282,developing,,,,1,1,,
data/markdown/2025-12-01_equity-research-establishment-labs-holdings.md,smic,company,modern,2025-12-01,2025-11-21,2025-12-01,US,Establishment Labs Holdings,ESTA,NASDAQ,Buy,buy,ESTA,118.76,$118.76,67.790001,$66.05,75.1881,2025-12-01,67.790001,2026-09-04,72.839996,7.449469,up,7.508477,16.093813,4.277919,7.449469,-0.054886,13.609574,-6.160105,97.589996,43.959279,False,,,43.959279,2026-08-03,280,developing,,,,1,1,,
data/markdown/2025-12-01_equity-research-imax-corp.md,smic,company,modern,2025-12-01,2025-11-21,2025-12-01,US,IMAX Corporation,IMAX,NYSE,Buy,buy,IMAX,54.6,$54.6,36.84,$35.4,48.2085,2025-12-01,36.84,2026-09-04,52.91,43.621063,up,0.32573,16.259505,7.709012,43.621063,43.154765,13.609574,30.011489,55.57,50.841475,True,2026-08-24,266,50.841475,2026-08-24,280,developing,,,,1,1,,
data/markdown/2025-12-01_equity-research-iradimed-corporation.md,smic,company,modern,2025-12-01,2025-11-22,2025-12-01,US,Iradimed Corporation,IRMD,NASDAQ,Buy,buy,IRMD,146.0,"$ 146,",91.445206,,59.6585,2025-12-01,91.445206,2026-09-04,86.309998,-5.615612,down,5.930807,12.95474,-0.858658,-5.615612,-10.899964,13.609574,-19.225186,107.443739,17.495213,False,,,17.495213,2026-02-10,280,developing,,,,1,1,,
data/markdown/2025-12-01_equity-research-sensient-technologies-corp.md,smic,company,modern,2025-12-01,2025-11-21,2025-12-01,US,Sensient Technologies Corp,SXT,NYSE,Buy,buy,SXT,238.0,"$ 238,",94.906761,,150.7724,2025-12-01,94.906761,2026-09-04,136.179993,43.488189,up,-1.777313,6.607606,19.95984,43.488189,46.084569,13.609574,29.878615,138.820007,46.269882,False,,,46.269882,2026-08-26,280,developing,,,,1,1,,
data/markdown/star/2025-12-12_STAR_삼성SDI.md,star,company,modern,2025-12-12,2025-11-06,2025-12-12,KR,삼성SDI,006400,KOSPI,Buy,buy,삼성SDI,479000.0,"479,000",308000.0,"325,000",55.5195,2025-12-12,308000.0,2026-09-07,541000.0,75.649351,up,-13.149351,29.87013,61.201299,75.649351,100.742115,67.869484,7.779866,723000.0,134.74026,True,2026-04-09,118,134.74026,2026-04-30,269,developing,,,,1,1,,
data/markdown/star/2025-12-12_STAR_삼성전기.md,star,company,modern,2025-12-12,2025-09-25,2025-12-12,KR,삼성전기,009150,KOSPI,Buy,buy,삼성전기,309000.0,"309,000",272000.0,"201,500",13.6029,2025-12-12,272000.0,2026-09-07,1454000.0,434.558824,up,-2.205882,46.875,563.602941,434.558824,470.196078,67.869484,366.689339,2417000.0,788.602941,True,2026-02-03,53,788.602941,2026-06-19,269,developing,,,,3,3,,
data/markdown/star/2025-12-12_STAR_S-Oil.md,star,company,modern,2025-12-12,2025-11-27,2025-12-12,KR,S-Oil,010950,KOSPI,Buy,buy,S-Oil,119900.0,"119,900",81600.0,"80,900",46.9363,2025-12-12,81600.0,2026-09-07,157600.0,93.137255,up,2.941176,44.607843,35.784314,93.137255,89.879518,67.869484,25.267771,177100.0,117.034314,True,2026-02-20,70,117.034314,2026-03-04,269,developing,,,,1,1,,
data/markdown/star/2025-12-12_STAR_삼성증권.md,star,company,modern,2025-12-12,2025-09-25,2025-12-12,KR,삼성증권,016360,KOSPI,Buy,buy,삼성증권,99700.0,"99,700",80100.0,"72,900",24.4694,2025-12-12,80100.0,2026-09-07,87700.0,9.48814,up,-3.995006,19.850187,40.074906,9.48814,16.312997,67.869484,-58.381344,163000.0,103.49563,True,2026-02-13,63,103.49563,2026-05-06,269,developing,,,,1,1,,
data/markdown/star/2025-12-12_STAR_삼성E&A.md,star,company,modern,2025-12-12,2025-09-25,2025-12-12,KR,삼성E&A,028050,KOSPI,Buy,buy,삼성E&A,42700.0,"42,700",25400.0,"27,900",68.1102,2025-12-12,25400.0,2026-09-07,48000.0,88.976378,up,-3.149606,25.393701,86.220472,88.976378,99.5842,67.869484,21.106894,67300.0,164.96063,True,2026-04-06,115,164.96063,2026-05-07,269,developing,,,,2,2,,
data/markdown/star/2025-12-12_STAR_한국항공우주.md,star,company,modern,2025-12-12,2025-12-04,2025-12-12,KR,한국항공우주,047810,KOSPI,Buy,buy,한국항공우주,156800.0,"156,800",115100.0,"107,300",36.2294,2025-12-12,115100.0,2026-09-07,129400.0,12.423979,up,30.147698,56.21199,19.548219,12.423979,13.111888,67.869484,-55.445505,215500.0,87.228497,True,2026-01-12,31,87.228497,2026-03-03,269,developing,,,,2,2,,
data/markdown/star/2025-12-12_STAR_산일전기.md,star,company,modern,2025-12-12,2025-11-13,2025-12-12,KR,산일전기,062040,KOSPI,Buy,buy,산일전기,220100.0,"220,100",153000.0,"147,300",43.8562,2025-12-12,153000.0,2026-09-07,198900.0,30.0,up,-11.633987,-6.27451,42.810458,30.0,52.882398,67.869484,-37.869484,341000.0,122.875817,True,2026-04-24,133,122.875817,2026-05-04,269,developing,,,,1,1,,
data/markdown/star/2025-12-12_STAR_엘앤에프.md,star,company,modern,2025-12-12,2025-11-06,2025-12-12,KR,엘앤에프,066970,KOSPI,Buy,buy,엘앤에프,204200.0,"204,200",128400.0,"125,600",59.0343,2025-12-12,128400.0,2026-09-07,114500.0,-10.825545,down,-16.121495,-12.928349,-1.557632,-10.825545,20.273109,67.869484,-78.695029,225000.0,75.233645,True,2026-04-27,136,75.233645,2026-05-04,269,developing,,,,2,2,,
data/markdown/star/2025-12-12_STAR_유진테크.md,star,company,modern,2025-12-12,2025-11-27,2025-12-12,KR,유진테크,084370,KOSDAQ,Buy,buy,유진테크,119500.0,"119,500",75000.0,"79,100",59.3333,2025-12-12,75000.0,2026-09-07,143200.0,90.933333,up,9.733333,69.866667,106.533333,90.933333,90.933333,-12.284763,103.218097,231500.0,208.666667,True,2026-01-30,49,208.666667,2026-07-01,269,developing,,,,1,1,,
data/markdown/star/2025-12-12_STAR_브이엠.md,star,company,modern,2025-12-12,2025-11-27,2025-12-12,KR,브이엠,089970,KOSDAQ,Buy,buy,브이엠,59300.0,"59,300",28950.0,"23,350",104.8359,2025-12-12,28950.0,2026-09-07,53400.0,84.455959,up,-6.390328,36.614853,179.1019,84.455959,76.821192,-12.284763,96.740722,122100.0,321.761658,True,2026-05-12,151,321.761658,2026-07-01,269,developing,,,,1,1,,
data/markdown/star/2025-12-12_STAR_엑시콘.md,star,company,modern,2025-12-12,2025-09-25,2025-12-12,KR,엑시콘,092870,KOSDAQ,Buy,buy,엑시콘,21700.0,"21,700",14920.0,"15,350",45.4424,2025-12-12,14920.0,2026-09-07,30500.0,104.423592,up,9.718499,100.402145,68.230563,104.423592,101.719577,-12.284763,116.708356,41700.0,179.490617,True,2026-01-27,46,179.490617,2026-05-06,269,developing,,,,1,1,,
data/markdown/star/2025-12-12_STAR_서진시스템.md,star,company,modern,2025-12-12,2025-11-13,2025-12-12,KR,서진시스템,178320,KOSDAQ,Buy,buy,서진시스템,38360.0,"38,360",27000.0,"24,650",42.0741,2025-12-12,27000.0,2026-09-07,36600.0,35.555556,up,-6.296296,67.962963,158.148148,35.555556,44.664032,-12.284763,47.840319,83300.0,208.518519,True,2026-01-29,48,208.518519,2026-05-28,269,developing,,,,2,2,,
data/markdown/star/2025-12-12_STAR_삼성바이오로직스.md,star,company,modern,2025-12-12,2025-12-04,2025-12-12,KR,삼성바이오로직스,207940,KOSPI,Buy,buy,삼성바이오로직스,2142000.0,"2,142,000원",1692000.0,"1,654,000",26.5957,2025-12-12,1692000.0,2026-09-07,1466000.0,-13.356974,down,10.992908,-3.959811,-23.286052,-13.356974,-13.510324,67.869484,-81.226458,1987000.0,17.434988,False,,,17.434988,2026-01-15,269,developing,,,,2,2,,
data/markdown/star/2025-12-12_STAR_RHFIC.md,star,company,modern,2025-12-12,2025-09-25,2025-12-12,KR,RFHIC,218410,KOSDAQ,Buy,buy,RFHIC,42050.0,"42,050",32400.0,"31,600",29.784,2025-12-12,32400.0,2026-09-07,48450.0,49.537037,up,16.820988,159.567901,124.691358,49.537037,48.392037,-12.284763,61.8218,126900.0,291.666667,True,2026-01-27,46,291.666667,2026-05-12,269,developing,,,,1,1,,
data/markdown/star/2025-12-12_STAR_에이피알.md,star,company,modern,2025-12-12,2025-09-25,2025-12-12,KR,에이피알,278470,KOSPI,Buy,buy,에이피알,318500.0,"318,500",247500.0,"217,500",28.6869,2025-12-12,247500.0,2026-09-07,384000.0,55.151515,up,-7.676768,30.30303,65.858586,55.151515,66.233766,67.869484,-12.717969,475000.0,91.919192,True,2026-02-26,76,91.919192,2026-09-01,269,developing,,,,2,2,,
data/markdown/star/2025-12-12_STAR_대덕전자.md,star,company,modern,2025-12-12,2025-09-25,2025-12-12,KR,대덕전자,353200,KOSPI,Buy,buy,대덕전자,,,47400.0,"29,100",,2025-12-12,47400.0,2026-09-07,103600.0,118.565401,up,-11.392405,34.388186,213.080169,118.565401,119.957537,67.869484,50.695917,198000.0,317.721519,,,,317.721519,2026-06-01,269,developing,,missing_target_price,target_price_suspect,3,3,,
data/markdown/star/2025-12-12_KEYSS_STAR_씨어스테크놀로지.md,star,company,modern,2025-12-12,,2025-12-12,KR,씨어스,458870,KOSDAQ,Buy,buy,씨어스,37720.0,"291,700",37720.0,"291,700원",0.0,2025-12-12,37720.0,2026-09-07,22450.0,-40.482503,down,-2.651113,41.911453,-25.2386,-40.482503,-48.259968,-12.284763,-28.197739,64235.0,70.294274,True,2025-12-15,3,70.294274,2026-03-20,269,developing,,,target_split_adjusted,2,2,,
data/markdown/2025-12-15_equity-research-s-oil-4.md,smic,company,modern,2025-12-15,2025-12-06,2025-12-15,KR,S-Oil,010950,KRX,Buy,buy,S-Oil,128400.0,"128,400 원",86400.0,"80,500 원",48.6111,2025-12-15,86400.0,2026-09-07,157600.0,82.407407,up,0.925926,25.0,28.935185,82.407407,89.879518,71.011761,11.395646,177100.0,104.976852,True,2026-03-03,78,104.976852,2026-03-04,266,developing,,,,4,4,,
data/markdown/2025-12-15_equity-research-예스티-2.md,smic,company,modern,2025-12-15,2025-12-05,2025-12-15,KR,예스티,122640,KRX,Buy,buy,예스티,40500.0,"40,500원",17970.0,,125.3756,2025-12-15,17970.0,2026-09-07,27450.0,52.754591,up,-0.946021,43.29438,65.275459,52.754591,54.213483,71.011761,-18.25717,44000.0,144.852532,True,2026-06-18,185,144.852532,2026-06-23,266,developing,,,,1,1,,
data/markdown/2025-12-15_equity-research-파마리서치-2.md,smic,company,modern,2025-12-15,2025-12-06,2025-12-15,KR,파마리서치,214450,KRX,Buy,buy,파마리서치,805000.0,"805,000 원",380500.0,"401,500 원",111.5637,2025-12-15,380500.0,2026-09-07,376500.0,-1.051248,down,15.900131,-16.425756,-24.047306,-1.051248,-6.575682,71.011761,-72.063009,561000.0,47.437582,False,,,47.437582,2026-01-29,266,developing,,,,3,3,,
data/markdown/2025-12-15_equity-research-알지노믹스.md,smic,company,modern,2025-12-15,2025-12-05,2025-12-15,KR,알지노믹스,476830,KRX,Buy,buy,알지노믹스,105000.0,"Base Case: 105,000 원",,,367.0,2025-12-18,45000.0,2026-09-07,28650.0,-36.333333,down,75.222222,114.0,2.555556,-36.333333,-64.299065,75.125109,-111.458443,122625.0,172.5,True,2026-03-19,94,172.5,2026-03-26,266,developing,,,,1,1,,
data/markdown/2025-12-15_equity-research-lumentum-holdings-inc.md,smic,company,modern,2025-12-15,2025-12-06,2025-12-15,US,Lumentum Holdings Inc,LITE,NASDAQ,Buy,buy,LITE,498.63,$ 498.63,334.690002,$ 327.85,48.9826,2025-12-15,334.690002,2026-09-04,867.22998,159.114397,up,-0.917269,85.993007,175.846298,159.114397,135.283103,13.544909,145.569488,1085.680054,224.383772,True,2026-02-04,51,224.383772,2026-05-12,266,developing,,,,1,1,,
"data/markdown/yig/2026-04-04_OCI홀딩스(010060, KOSPI), 전력은 부족해도, 홀딩은 OCI YIG Research.md",yig,company,modern,2026-01-01,2026-01-01,2026-04-04,KR,OCI홀딩스,010060,KOSPI,Buy,buy,OCI홀딩스,159300.0,"159,300 원",115200.0,"₩123,600",38.2812,2026-01-02,105500.0,2026-09-07,222000.0,110.42654,up,9.383886,83.412322,103.317536,110.42654,92.708333,62.319967,48.106573,414000.0,292.417062,True,2026-02-09,39,292.417062,2026-05-27,249,developing,,,,1,1,,
"data/markdown/yig/2026-04-04_RFHIC(218410, 코스닥), GaN을 알간 YIG Research.md",yig,company,modern,2026-01-23,2026-01-23,2026-04-04,KR,RFHIC,218410,KOSDAQ,Buy,buy,RFHIC,50500.0,"₩50,500",34950.0,"₩34,950",44.4921,2026-01-23,34950.0,2026-09-07,48450.0,38.626609,up,80.829757,186.409156,28.612303,38.626609,48.392037,-17.278883,55.905492,126900.0,263.090129,True,2026-02-03,11,263.090129,2026-05-12,227,developing,,,,1,1,,
data/markdown/ewha/2026-01-23_[260123] 에스엘(005850).md,ewha,company,modern,2026-01-24,2026-01-24,2026-01-23,KR,에스엘,005850,KRX,Buy,buy,에스엘,82300.0,"82,300 원",56300.0,"56,300",46.1812,2026-01-26,55000.0,2026-09-07,51900.0,-5.636364,down,12.545455,10.545455,3.454545,-5.636364,21.120187,41.332716,-46.96908,79500.0,44.545455,False,,,44.545455,2026-05-28,226,developing,,,,3,3,,
data/markdown/ewha/2026-01-23_[260123] 태웅(044490).md,ewha,company,modern,2026-01-24,2026-01-24,2026-01-23,KR,태웅,044490,KRX,Buy,buy,태웅,45800.0,"45,800원",31050.0,"31,050",47.504,2026-01-26,31850.0,2026-09-07,32850.0,3.139717,up,12.087912,67.346939,-9.89011,3.139717,27.572816,41.332716,-38.192999,61300.0,92.464678,True,2026-03-10,45,92.464678,2026-05-04,226,developing,,,,1,1,,
"data/markdown/yig/2026-04-04_선익시스템(171090, KQ), SuperSUNic ~ YIG Research.md",yig,company,modern,2026-02-06,2026-02-06,2026-04-04,KR,선익시스템,171090,KOSDAQ,Buy,buy,선익시스템,131400.0,"131,400",91300.0,"₩91,300",43.9211,2026-02-06,91300.0,2026-09-07,68600.0,-24.863089,down,39.211391,-0.657174,-27.601314,-24.863089,30.666667,-23.925535,-0.937554,144000.0,57.721796,True,2026-02-20,14,57.721796,2026-02-20,213,developing,,,,1,1,,
data/markdown/kuvic/2026-02-09_비나텍 - 팔려요.. 슈퍼캡 계속 팔려요!!.md,kuvic,company,modern,2026-02-09,2026-02-09,2026-02-09,KR,비나텍,126340,KRX,Buy,buy,비나텍,165100.0,"165,100원",117200.0,"117,200원",40.8703,2026-02-09,117200.0,2026-09-07,64200.0,-45.221843,down,25.853242,55.460751,-43.088737,-45.221843,-10.709318,32.037319,-77.259162,204500.0,74.488055,True,2026-04-29,79,74.488055,2026-05-06,210,developing,,,,1,1,,
data/markdown/kuvic/2026-02-09_파두 - 호재가 파두파두 끝이 없네.md,kuvic,company,modern,2026-02-09,2026-02-09,2026-02-09,KR,파두,440110,KRX,Buy,buy,파두,56400.0,"56,400원",49100.0,"49,100",14.8676,2026-02-09,49100.0,2026-09-07,69900.0,42.362525,up,28.716904,88.187373,16.293279,42.362525,228.941176,32.037319,10.325206,129400.0,163.543788,True,2026-02-12,3,163.543788,2026-05-22,210,developing,,,,1,1,,
"data/markdown/yig/2026-04-04_한솔케미칼(014680, KOSPI), 반도체와 이차전지의 케미 YIG Research.md",yig,company,modern,2026-02-13,2026-02-13,2026-04-04,KR,한솔케미칼,014680,KOSPI,Buy,buy,한솔케미칼,390000.0,"390,000원",302500.0,"₩302,500",28.9256,2026-02-13,302500.0,2026-09-07,202000.0,-33.22314,down,-9.090909,11.07438,-22.809917,-33.22314,-11.208791,27.027007,-60.250148,346500.0,14.545455,False,,,14.545455,2026-03-03,206,developing,,,,1,1,,
data/markdown/ewha/2026-02-20_[260220] 비나텍(126340).md,ewha,company,modern,2026-02-21,2026-02-21,2026-02-20,KR,비나텍,126340,KRX,Buy,buy,비나텍,158700.0,"158,700원",112100.0,"112,100",41.57,2026-02-23,113400.0,2026-09-07,64200.0,-43.386243,down,16.931217,49.029982,-40.828924,-43.386243,-10.709318,19.659294,-63.045537,204500.0,80.335097,True,2026-03-11,18,80.335097,2026-05-06,198,developing,,,,3,3,,
data/markdown/ewha/2026-02-20_[260220] 파크시스템스(140860).md,ewha,company,modern,2026-02-21,2026-02-21,2026-02-20,KR,파크시스템스,140860,KRX,Buy,buy,파크시스템스,,,280000.0,"6,998",38.29,2026-02-23,270500.0,2026-09-07,266500.0,-1.478743,down,-4.990758,7.393715,-1.109057,-1.478743,27.511962,19.659294,-21.138037,350500.0,29.574861,,,,29.574861,2026-05-12,198,developing,,missing_target_price,ocr_fallback,2,2,,
data/markdown/voera/undated_[BUY] 전력 슈퍼싸이클에 올라타라! 효성중공업.md,voera,company,modern,2026-02-27,2026-02-27,,KR,효성중공업,298040,KRX,Buy,buy,효성중공업,3830000.0,"3,830,000원",2823000.0,"2,823,000원",35.6713,2026-02-27,2823000.0,2026-09-07,2965000.0,5.03011,up,-5.207226,29.401346,-0.921006,5.03011,66.479506,12.03146,-7.00135,4742000.0,67.977329,True,2026-04-27,59,67.977329,2026-05-07,192,developing,,,date_cover_only,1,2,,
"data/markdown/voera/undated_[BUY] 화장품의 메카, 수익성은 메가! 코스메카코리아.md",voera,company,modern,2026-03-04,2026-03-04,,KR,코스메카코리아,241710,KRX,Buy,buy,코스메카코리아,99200.0,"99,200원",70800.0,"72,000원",40.113,2026-03-04,70800.0,2026-09-07,129100.0,82.344633,up,8.333333,-0.988701,111.581921,82.344633,93.843844,37.338472,45.006161,155500.0,119.632768,True,2026-08-07,156,119.632768,2026-08-31,187,developing,,,date_cover_only,1,1,,
"data/markdown/voera/undated_[BUY] 형 여기도 봐줘, 넷째 깐부 대덕전자.md",voera,company,modern,2026-03-05,2026-03-05,,KR,대덕전자,353200,KRX,Buy,buy,대덕전자,100100.0,"100,100원",59300.0,"59,300원",68.8027,2026-03-05,59300.0,2026-09-07,103600.0,74.70489,up,36.93086,165.598651,88.026981,74.70489,119.957537,25.277852,49.427038,198000.0,233.895447,True,2026-04-21,47,233.895447,2026-06-01,186,developing,,,date_cover_only,1,1,,
data/markdown/star/2026-03-14_STAR_신세계.md,star,company,modern,2026-03-14,2026-01-29,2026-03-14,KR,신세계,004170,KOSPI,Buy,buy,신세계,424500.0,"424,500",326000.0,297.500,30.2147,2026-03-16,349000.0,2026-09-07,396500.0,13.610315,up,-1.719198,99.140401,13.610315,13.610315,60.526316,26.04647,-12.436155,792000.0,126.934097,True,2026-04-27,44,126.934097,2026-06-18,177,developing,,,,1,1,,
data/markdown/star/2026-03-14_STAR_녹십자.md,star,company,modern,2026-03-14,2026-01-15,2026-03-14,KR,녹십자,006280,KOSPI,Buy,buy,녹십자,287100.0,"287,100",152200.0,162.900,88.6334,2026-03-16,149500.0,2026-09-07,127300.0,-14.849498,down,-4.816054,-15.451505,-14.849498,-14.849498,-19.937107,26.04647,-40.895968,161100.0,7.759197,False,,,7.759197,2026-05-27,177,developing,,,,1,1,,
data/markdown/star/2026-03-14_STAR_SK가스.md,star,company,modern,2026-03-14,2026-01-01,2026-03-14,KR,SK가스,018670,KOSPI,Buy,buy,SK가스,318500.0,"318,500",234000.0,"225,000",36.1111,2026-03-16,230500.0,2026-09-07,239500.0,3.904555,up,5.639913,-3.687636,3.904555,3.904555,6.444444,26.04647,-22.141914,302000.0,31.019523,False,,,31.019523,2026-05-15,177,developing,,,,1,1,,
data/markdown/star/2026-03-14_STAR_롯데관광개발.md,star,company,modern,2026-03-14,2026-01-15,2026-03-14,KR,롯데관광개발,032350,KOSPI,Buy,buy,롯데관광개발,30500.0,"30,500",19430.0,"30,500원",56.9738,2026-03-16,20450.0,2026-09-07,12350.0,-39.608802,down,-17.99511,-12.860636,-39.608802,-39.608802,-46.88172,26.04647,-65.655272,22650.0,10.757946,False,,,10.757946,2026-04-27,177,developing,,,,1,1,,
data/markdown/star/2026-03-14_STAR_진성티이씨.md,star,company,modern,2026-03-14,2026-02-13,2026-03-14,KR,진성티이씨,036890,KOSDAQ,Buy,buy,진성티이씨,27000.0,"27,000",17700.0,"16,710",52.5424,2026-03-16,16330.0,2026-09-07,12860.0,-21.249235,down,5.327618,-5.939988,-21.249235,-21.249235,-4.811251,-27.769725,6.52049,21100.0,29.210043,False,,,29.210043,2026-05-07,177,developing,,,,1,1,,
data/markdown/star/2026-03-14_STAR_한화엔진.md,star,company,modern,2026-03-14,2026-01-15,2026-03-14,KR,한화엔진,082740,KOSPI,Buy,buy,한화엔진,73700.0,"73,700",49650.0,"52,600",48.4391,2026-03-16,48700.0,2026-09-07,45900.0,-5.749487,down,-5.338809,10.677618,-5.749487,-5.749487,6.868452,26.04647,-31.795956,94400.0,93.839836,True,2026-04-24,41,93.839836,2026-04-27,177,developing,,,,2,2,,
data/markdown/star/2026-03-14_STAR_아이센스.md,star,company,modern,2026-03-14,2026-02-13,2026-03-14,KR,아이센스,099190,KOSDAQ,Buy,buy,아이센스,35400.0,"35,400",19640.0,"23,450",80.2444,2026-03-16,19740.0,2026-09-07,16480.0,-16.514691,down,1.570415,-17.730496,-16.514691,-16.514691,3.647799,-27.769725,11.255034,23000.0,16.514691,False,,,16.514691,2026-04-24,177,developing,,,,2,2,,
data/markdown/star/2026-03-14_STAR_오스테오닉.md,star,company,modern,2026-03-14,2026-02-13,2026-03-14,KR,오스테오닉,226400,KOSDAQ,Buy,buy,오스테오닉,9250.0,"9,250",6480.0,"6,700",42.7469,2026-03-16,6550.0,2026-09-07,4235.0,-35.343511,down,2.59542,-30.534351,-35.343511,-35.343511,-31.913183,-27.769725,-7.573787,7160.0,9.312977,False,,,9.312977,2026-03-25,177,developing,,,,1,1,,
data/markdown/star/2026-03-14_STAR_슈프리마.md,star,company,modern,2026-03-14,2026-01-29,2026-03-14,KR,슈프리마,236200,KOSDAQ,Buy,buy,슈프리마,89600.0,"89,600",49200.0,"46,400",82.1138,2026-03-16,48600.0,2026-09-07,50900.0,4.73251,up,-5.658436,-10.185185,4.73251,4.73251,30.179028,-27.769725,32.502235,65000.0,33.744856,False,,,33.744856,2026-08-10,177,developing,,,,1,1,,
data/markdown/star/2026-03-14_STAR_일동제약.md,star,company,modern,2026-03-14,2025-04-10,2026-03-14,KR,일동제약,249420,KOSPI,Buy,buy,일동제약,59200.0,"59,200원",32650.0,"38,500",81.317,2026-03-16,32200.0,2026-09-07,15040.0,-53.291925,down,-17.080745,-40.15528,-53.291925,-53.291925,-60.935065,26.04647,-79.338395,34700.0,7.763975,False,,,7.763975,2026-03-18,177,developing,,,,1,1,,
data/markdown/star/2026-03-14_STAR_실리콘투.md,star,company,modern,2026-03-14,2026-02-13,2026-03-14,KR,실리콘투,257720,KOSDAQ,Buy,buy,실리콘투,64500.0,"64,500",36500.0,"64,500 원",76.7123,2026-03-16,35200.0,2026-09-07,47150.0,33.948864,up,33.238636,-1.5625,33.948864,33.948864,21.992238,-27.769725,61.718588,55900.0,58.806818,False,,,58.806818,2026-09-01,177,developing,,,,1,1,,
data/markdown/star/2026-03-14_STAR_크래프톤.md,star,company,modern,2026-03-14,2026-02-13,2026-03-14,KR,크래프톤,259960,KOSPI,Buy,buy,크래프톤,352800.0,"352,800",244500.0,"258,000",44.2945,2026-03-16,234500.0,2026-09-07,218000.0,-7.036247,down,2.985075,1.066098,-7.036247,-7.036247,-11.382114,26.04647,-33.082717,303500.0,29.424307,False,,,29.424307,2026-05-04,177,developing,,,,1,1,,
data/markdown/star/2026-03-14_STAR_그래피.md,star,company,modern,2026-03-14,2026-02-13,2026-03-14,KR,그래피,318060,KOSDAQ,Buy,buy,그래피,87400.0,"87,400",44000.0,"51,000",98.6364,2026-03-16,43600.0,2026-09-07,17940.0,-58.853211,down,-18.348624,-49.885321,-58.853211,-58.853211,-26.924644,-27.769725,-31.083486,53000.0,21.559633,False,,,21.559633,2026-03-20,177,developing,,,,1,1,,
data/markdown/star/2026-03-14_STAR_HPSP.md,star,company,modern,2026-03-14,2026-01-01,2026-03-14,KR,HPSP,403870,KOSDAQ,Buy,buy,HPSP,44900.0,"44,900",42650.0,"44,900원",5.2755,2026-03-16,43850.0,2026-09-07,53300.0,21.550741,up,-5.587229,63.055872,21.550741,21.550741,59.104478,-27.769725,49.320466,92000.0,109.806157,True,2026-03-17,3,109.806157,2026-06-15,177,developing,,,,1,1,,
data/markdown/star/2026-03-14_STAR_기가비스.md,star,company,modern,2026-03-14,2026-01-29,2026-03-14,KR,기가비스,420770,KOSDAQ,Buy,buy,기가비스,153300.0,"153,300",72300.0,"55,200",112.0332,2026-03-16,70100.0,2026-09-07,101800.0,45.221113,up,26.81883,108.273894,45.221113,45.221113,223.174603,-27.769725,72.990837,206000.0,193.865906,True,2026-06-01,79,193.865906,2026-07-01,177,developing,,,,2,2,,
data/markdown/star/2026-03-14_STAR_큐리옥스바이오시스템즈.md,star,company,modern,2026-03-14,2026-02-13,2026-03-14,KR,큐리옥스바이오시스템즈,445680,KOSDAQ,Buy,buy,큐리옥스바이오시스템즈,260500.0,"260,500",92700.0,"115,600",181.014,2026-03-16,90300.0,2026-09-07,50700.0,-43.853821,down,-8.637874,-23.698782,-43.853821,-43.853821,-56.666667,-27.769725,-16.084096,149200.0,65.227021,False,,,65.227021,2026-03-19,177,developing,,,,1,1,,
data/markdown/star/2026-03-14_STAR_아스테라시스.md,star,company,modern,2026-03-14,2026-02-13,2026-03-14,KR,아스테라시스,450950,KOSDAQ,Buy,buy,아스테라시스,17780.0,"17,780",11710.0,"14,440",51.836,2026-03-16,11520.0,2026-09-07,5270.0,-54.253472,down,2.430556,-35.069444,-54.253472,-54.253472,-57.396928,-27.769725,-26.483747,12110.0,5.121528,False,,,5.121528,2026-03-17,177,developing,,,,1,1,,
data/markdown/star/2026-03-14_STAR_링크솔루션.md,star,company,modern,2026-03-14,2026-02-13,2026-03-14,KR,링크솔루션,474650,KOSDAQ,Buy,buy,링크솔루션,100400.0,"100,400",65500.0,"68,500",53.2824,2026-03-16,63100.0,2026-09-07,25000.0,-60.380349,down,-7.290016,-36.291601,-60.380349,-60.380349,-58.333333,-27.769725,-32.610624,69000.0,9.350238,False,,,9.350238,2026-04-27,177,developing,,,,1,1,,
data/markdown/star/2026-03-14_STAR_엔알비.md,star,company,modern,2026-03-14,2026-02-13,2026-03-14,KR,엔알비,475230,KOSDAQ,Buy,buy,엔알비,38600.0,"38,600",24200.0,"23,650",59.5041,2026-03-16,22700.0,2026-09-07,9530.0,-58.017621,down,-8.590308,-52.643172,-58.017621,-58.017621,-35.520974,-27.769725,-30.247896,25350.0,11.674009,False,,,11.674009,2026-03-20,177,developing,,,,1,1,,
data/markdown/star/2026-03-14_STAR_토모큐브.md,star,company,modern,2026-03-14,2026-02-13,2026-03-14,KR,토모큐브,475960,KOSDAQ,Buy,buy,토모큐브,78200.0,"78,200",54600.0,"56,000",43.2234,2026-03-16,53400.0,2026-09-07,28200.0,-47.191011,down,-2.434457,-29.588015,-47.191011,-47.191011,-44.705882,-27.769725,-19.421286,66500.0,24.531835,False,,,24.531835,2026-05-06,177,developing,,,,1,1,,
data/markdown/star/2026-03-14_STAR_엠앤씨솔루션.md,star,company,modern,2026-03-14,2026-02-13,2026-03-14,KR,엠앤씨솔루션,484870,KOSPI,Buy,buy,엠앤씨솔루션,257300.0,"257,300",128300.0,"135,800",100.5456,2026-03-16,130400.0,2026-09-07,17050.0,-86.924847,down,-11.96319,-31.365031,-86.924847,-86.924847,-88.060224,26.04647,-112.971316,136200.0,4.447853,False,,,4.447853,2026-03-16,177,developing,,,,1,1,,
data/markdown/kuvic/2026-03-16_광통신 - 광(光)통신.. 그저 “빛”.md,kuvic,company,modern,2026-03-16,2026-03-16,2026-03-16,US,($) Lumentum,LITE,US,Hold,soft_buy,LITE,,,624.840027,,,2026-03-16,624.840027,2026-09-04,867.22998,38.792322,up,31.875356,47.754616,38.792322,38.792322,135.283103,15.530093,23.262229,1085.680054,73.753282,,,,73.753282,2026-05-12,175,developing,,,,1,2,,
"data/markdown/kuvic/2026-03-16_방산 - 가격 낮게, 성능 높게 언~발란스.md",kuvic,company,modern,2026-03-16,2026-03-16,2026-03-16,US,적극적인현지생산및 기술이전,TOT,US,,soft_buy,TOT,,,20.943001,,,2026-03-16,20.943001,2026-09-04,24.355101,16.292316,up,5.094778,10.9903,16.292316,16.292316,14.112825,15.530093,0.762223,24.66,17.748168,,,,17.748168,2026-08-14,175,developing,,,,1,1,,
"data/markdown/yig/2026-03-31_코리아써키트 (007810, KOSPI), Korea Circuit Breaker YIG Research.md",yig,company,modern,2026-03-17,2026-03-17,2026-03-31,KR,코리아써키트,007810,KOSPI,Buy,buy,코리아써키트,83600.0,"83,600 원",52500.0,"₩52,500",59.2381,2026-03-17,52500.0,2026-09-07,52200.0,-0.571429,down,74.285714,160.571429,-0.571429,-0.571429,8.074534,24.021183,-24.592611,148300.0,182.47619,True,2026-03-26,9,182.47619,2026-06-12,174,developing,,,,1,1,,
"data/markdown/yig/2026-03-31_피에스케이(319660,KQ), Post Semiconductor King YIG Research.md",yig,company,modern,2026-03-17,2026-03-17,2026-03-31,KR,피에스케이,319660,KOSDAQ,Buy,buy,피에스케이,87400.0,"₩87,400",72800.0,"₩73,900",20.0549,2026-03-17,72800.0,2026-09-07,128200.0,76.098901,up,22.527473,127.60989,76.098901,76.098901,247.425474,-27.683959,103.78286,219500.0,201.510989,True,2026-03-23,6,201.510989,2026-07-01,174,developing,,,,2,2,,
"data/markdown/yig/2026-03-31_씨엠티엑스(388210, KQ), CXMT 나와 YIG Research.md",yig,company,modern,2026-03-17,2026-03-17,2026-03-31,KR,씨엠티엑스,388210,KOSDAQ,Buy,buy,씨엠티엑스,200700.0,"200,700원",136200.0,"₩137,200",47.3568,2026-03-17,136200.0,2026-09-07,75100.0,-44.860499,down,11.527166,-17.32746,-44.860499,-44.860499,-24.824825,-27.683959,-17.176541,164500.0,20.778267,False,,,20.778267,2026-04-17,174,developing,,,,1,1,,
data/markdown/star/2026-03-25_STAR_코웨이.md,star,company,modern,2026-03-25,2025-08-07,2026-03-25,KR,코웨이,021240,KOSPI,Buy,buy,코웨이,140000.0,140.000,74100.0,"107,900",88.9339,2026-03-25,74100.0,2026-09-07,97700.0,31.848853,up,15.924426,16.059379,31.848853,31.848853,12.428078,23.983156,7.865697,101700.0,37.246964,False,,,37.246964,2026-08-12,166,developing,,,,2,2,,
"data/markdown/voera/undated_[HOLD] 나퓨타는 없다, 롯데케미칼.md",voera,company,modern,2026-03-27,2026-03-27,,KR,롯데케미칼,011170,KRX,Hold,soft_buy,롯데케미칼,89000.0,"89,000원",82700.0,"71,800원",7.6179,2026-03-27,82700.0,2026-09-07,58800.0,-28.899637,down,16.928658,-18.500605,-28.899637,-28.899637,-16.358464,28.618445,-57.518082,119500.0,44.498186,True,2026-04-07,11,44.498186,2026-04-29,164,developing,,,date_cover_only,1,1,,
data/markdown/kuvic/2026-03-27_인텔리안테크 - 인텔리안테크를 아니.md,kuvic,company,modern,2026-03-27,2026-03-27,2026-03-27,KR,인텔리안테크,189300,KRX,Buy,buy,인텔리안테크,198000.0,"198,000원",129100.0,"129,100",53.3695,2026-03-27,129100.0,2026-09-07,63500.0,-50.813323,down,1.006971,-40.588691,-50.813323,-50.813323,6.722689,28.618445,-79.431768,180200.0,39.58172,False,,,39.58172,2026-05-12,164,developing,,,,2,2,,
data/markdown/kuvic/2026-03-27_LS머트리얼즈 - 울트라캡숑시터.md,kuvic,company,modern,2026-03-27,2026-03-27,2026-03-27,KR,LS머트리얼즈,417200,KRX,Buy,buy,LS머트리얼즈,37300.0,"37,300",19120.0,"19,100",95.0837,2026-03-27,19120.0,2026-09-07,11130.0,-41.788703,down,42.259414,-21.914226,-41.788703,-41.788703,-8.62069,28.618445,-70.407148,32725.0,71.155858,False,,,71.155858,2026-04-29,164,developing,,,,1,1,,
data/markdown/kuvic/2026-03-27_엠앤씨솔루션 - OPM 올라가는 주파수는 없나요.md,kuvic,company,modern,2026-03-27,2026-03-27,2026-03-27,KR,엠앤씨솔루션,484870,KRX,Buy,buy,엠앤씨솔루션,158000.0,"158,000",103200.0,"107,000",53.1008,2026-03-27,103200.0,2026-09-07,17050.0,-83.478682,down,13.468992,-75.581395,-83.478682,-83.478682,-88.060224,28.618445,-112.097127,124100.0,20.251938,False,,,20.251938,2026-04-22,164,developing,,,,1,1,,
data/markdown/kuvic/2026-03-27_Lumentum Holdings - 루멘상스의 시대가 왔다.md,kuvic,company,modern,2026-03-27,2026-03-27,2026-03-27,US,Lumentum Holdings,LITE,US,Buy,buy,LITE,1216.0,"1,216",702.72998,730,73.0394,2026-03-27,702.72998,2026-09-04,867.22998,23.408707,up,25.459286,22.660196,23.408707,23.408707,135.283103,21.525859,1.882847,1085.680054,54.494626,False,,,54.494626,2026-05-12,164,developing,,,,2,2,,
"data/markdown/yig/2026-04-04_포스코인터내셔널 (047050.KS), LNG·팜유·희토류, 3가지 재평가 포인트 YIG Research.md",yig,company,modern,2026-03-31,2026-03-31,2026-04-04,KR,포스코인터내셔널,047050,KOSPI,Buy,buy,포스코인터내셔널,99800.0,"₩99,800",71500.0,"₩71,800",39.5804,2026-03-31,71500.0,2026-09-07,54700.0,-23.496503,down,22.097902,-28.111888,-23.496503,-23.496503,10.282258,38.455129,-61.951632,91200.0,27.552448,False,,,27.552448,2026-05-04,160,developing,,,,1,1,,
"data/markdown/yig/2026-04-04_씨에스윈드 (112610, KOSPI), 씨에스WINd~ YIG Research.md",yig,company,modern,2026-03-31,2026-03-31,2026-04-04,KR,씨에스윈드,112610,KOSPI,Buy,buy,씨에스윈드,88500.0,"88,500원",59600.0,"₩60,100",48.4899,2026-03-31,59600.0,2026-09-07,49000.0,-17.785235,down,20.134228,-27.684564,-17.785235,-17.785235,17.788462,38.455129,-56.240364,79400.0,33.221477,False,,,33.221477,2026-04-03,160,developing,,,,3,3,,
"data/markdown/yig/2026-04-04_스피어(347700,KQ), 스페이스X가 스피어고 스피어가 스페이스X YIG Research.md",yig,company,modern,2026-03-31,2026-03-31,2026-04-04,KR,스피어,347700,KOSDAQ,Strong Buy,buy,스피어,111000.0,"₩111,000",43200.0,"₩43,200",156.9444,2026-03-31,43200.0,2026-09-07,19060.0,-55.87963,down,-2.314815,-52.893519,-55.87963,-55.87963,29.748128,-21.87402,-34.00561,52800.0,22.222222,False,,,22.222222,2026-04-02,160,developing,,,,1,1,,
data/markdown/ewha/2026-04-03_[260403] 대한전선(001440).md,ewha,company,modern,2026-04-04,2026-04-04,2026-04-03,KR,대한전선,001440,KRX,Buy,buy,대한전선,42300.0,"42,300원",29200.0,"29,200",44.863,2026-04-06,28900.0,2026-09-07,28650.0,-0.865052,down,110.034602,13.84083,-0.865052,-0.865052,25.10917,28.348008,-29.21306,75900.0,162.629758,True,2026-04-16,12,162.629758,2026-05-11,156,developing,,,,2,2,,
data/markdown/ewha/2026-04-03_[260403] 제이브이엠(054950).md,ewha,company,modern,2026-04-04,2026-04-04,2026-04-03,KR,제이브이엠,054950,KRX,Buy,buy,제이브이엠,36900.0,"36,900원",24300.0,"24,300",51.8519,2026-04-06,23800.0,2026-09-07,23400.0,-1.680672,down,4.831933,-9.453782,-1.680672,-1.680672,-9.477756,28.348008,-30.028681,26000.0,9.243697,False,,,9.243697,2026-04-30,156,developing,,,,2,2,,
data/markdown/ewha/2026-04-03_[260403] 비에이치아이(083650).md,ewha,company,modern,2026-04-04,2026-04-04,2026-04-03,KR,비에이치아이,083650,KRX,Buy,buy,비에이치아이,134000.0,"134,000원",92500.0,"92,500",44.8649,2026-04-06,91600.0,2026-09-07,67700.0,-26.091703,down,8.296943,-41.157205,-26.091703,-26.091703,29.445507,28.348008,-54.439711,105900.0,15.611354,False,,,15.611354,2026-05-07,156,developing,,,,2,2,,
data/markdown/ewha/2026-04-03_[260403] RF머트리얼즈(327260).md,ewha,company,modern,2026-04-04,2026-04-04,2026-04-03,KR,RF머트리얼즈,327260,KRX,Buy,buy,RF머트리얼즈,105400.0,"105,400원",75220.0,"76,400",40.1223,2026-04-06,78272.0,2026-09-07,33750.0,-56.881132,down,36.604405,-36.758994,-56.881132,-56.881132,50.020003,28.348008,-85.229141,126600.0,61.743663,True,2026-04-15,11,61.743663,2026-05-12,156,developing,,,,1,1,,
"data/markdown/kuvic/2026-04-07_의료기기 화장품 - Glow up, Scale up.md",kuvic,company,modern,2026-04-07,2026-04-07,2026-04-07,KR,한스바이오메드,042520,KRX,,soft_buy,한스바이오메드,,,31200.0,,,2026-04-07,31200.0,2026-09-07,19600.0,-37.179487,down,-25.480769,-28.525641,-37.179487,-37.179487,-28.985507,27.309738,-64.489225,37500.0,20.192308,,,,20.192308,2026-04-14,153,developing,,,,2,2,,
data/markdown/kuvic/2026-04-07_화학 - 비료 피료해!.md,kuvic,company,modern,2026-04-07,2026-04-07,2026-04-07,US,화학,CF,NYSE,Hold,soft_buy,CF,,,133.236038,,,2026-04-07,133.236038,2026-09-04,132.679993,-0.417339,down,-11.287184,-15.038004,-0.417339,-0.417339,73.17414,16.971062,-17.3884,138.882982,4.2383,,,,4.2383,2026-04-07,153,developing,,,,1,1,,
"data/markdown/yig/2026-04-14_DN오토모티브 (007340, KOSPI) - 우주, 방산, 반도체, 자동차 뒤엔 DN YIG Research.md",yig,company,modern,2026-04-14,2026-04-14,2026-04-14,KR,DN오토모티브,007340,KOSPI,Buy,buy,DN오토모티브,60800.0,"60,800원",36200.0,"₩36,200",67.9558,2026-04-14,36200.0,2026-09-07,45500.0,25.690608,up,33.425414,4.696133,25.690608,25.690608,86.47541,17.21989,8.470717,67500.0,86.464088,True,2026-08-14,122,86.464088,2026-08-18,146,developing,,,,1,1,,
"data/markdown/yig/2026-04-14_아모텍 (052710, KOSDAQ) - 아모도 모르게 광(光)텍 나기 시작 YIG Research.md",yig,company,modern,2026-04-14,2026-04-14,2026-04-14,KR,아모텍,052710,KOSDAQ,Buy,buy,아모텍,54100.0,"54,100원",20741.0,"₩23,250",160.836,2026-04-14,20741.0,2026-09-07,11200.0,-46.000675,down,-10.968613,-27.491442,-46.000675,-46.000675,27.868478,-26.713196,-19.287479,32339.0,55.91823,False,,,55.91823,2026-06-18,146,developing,,,,1,1,,
"data/markdown/yig/2026-04-14_한화엔진 (082740, KOSPI)- 순풍만범(順風滿帆)– 한화엔진 달고 쾌속질주 YIG Research.md",yig,company,modern,2026-04-14,2026-04-14,2026-04-14,KR,한화엔진,082740,KOSPI,Buy,buy,한화엔진,64200.0,"64,200원",48600.0,"₩48,600",32.0988,2026-04-14,48600.0,2026-09-07,45900.0,-5.555556,down,59.259259,-4.938272,-5.555556,-5.555556,6.868452,17.21989,-22.775446,94400.0,94.238683,True,2026-04-22,8,94.238683,2026-04-27,146,developing,,,,1,1,,
data/markdown/2026-04-16_equity-research-sk오션플랜트.md,smic,company,modern,2026-04-16,2026-04-15,2026-04-16,KR,SK오션플랜트,100090,KRX,Buy,buy,SK오션플랜트,41600.0,"41,600 원",23950.0,"23,300 원",73.6952,2026-04-16,23950.0,2026-09-07,13190.0,-44.926931,down,-19.373695,-44.300626,-44.926931,-44.926931,-34.864198,12.356791,-57.283722,25250.0,5.427975,False,,,5.427975,2026-04-30,144,developing,,,,1,1,,
data/markdown/2026-04-16_equity-research-세아제강.md,smic,company,modern,2026-04-16,2026-04-11,2026-04-16,KR,세아제강,306200,KRX,Buy,buy,세아제강,286700.0,"286,700 원",147000.0,"156,400 원",95.034,2026-04-16,147000.0,2026-09-07,145000.0,-1.360544,down,8.435374,-15.510204,-1.360544,-1.360544,23.614663,12.356791,-13.717335,189000.0,28.571429,False,,,28.571429,2026-04-28,144,developing,,,,1,1,,
data/markdown/2026-04-16_equity-research-camteck.md,smic,company,modern,2026-04-16,2026-04-11,2026-04-16,US,Camtek Ltd.,CAMT,NASDAQ,Buy,buy,CAMT,238.67,$ 238.67,180.630005,$ 176.51,32.132,2026-04-16,180.630005,2026-09-04,143.779999,-20.400822,down,-6.798427,-18.446552,-20.400822,-20.400822,35.195111,9.920356,-30.321178,215.990005,19.575929,False,,,19.575929,2026-05-11,144,developing,,,,1,1,,
data/markdown/2026-04-16_equity-research-golar-lng.md,smic,company,modern,2026-04-16,2026-04-10,2026-04-16,US,Golar LNG Limited,GLNG,NASDAQ,Buy,buy,GLNG,,,53.022209,,,2026-04-16,53.022209,2026-09-04,52.275002,-1.409235,down,7.036967,-4.37969,-1.409235,-1.409235,41.949739,9.920356,-11.329591,57.499598,8.444364,,,,8.444364,2026-05-12,144,developing,,missing_target_price,,1,1,,
data/markdown/star/2026-05-02_STAR_피에스케이홀딩스.md,star,company,modern,2026-05-02,2026-03-26,2026-05-02,KR,피에스케이홀딩스,031980,KOSDAQ,Buy,buy,피에스케이홀딩스,155200.0,"155,200",124300.0,"103,100",24.8592,2026-05-04,132000.0,2026-09-07,156000.0,18.181818,up,-20.454545,-25.909091,18.181818,18.181818,236.933045,-32.259792,50.44161,173000.0,31.060606,True,2026-06-30,59,31.060606,2026-07-01,128,developing,,,,2,2,,
data/markdown/star/2026-05-02_STAR_선익시스템.md,star,company,modern,2026-05-02,2026-03-26,2026-05-02,KR,선익시스템,171090,KOSDAQ,Buy,buy,선익시스템,173900.0,"173,900",102500.0,"95,600",69.6585,2026-05-04,98500.0,2026-09-07,68600.0,-30.35533,down,-22.538071,-39.796954,-30.35533,-30.35533,30.666667,-32.259792,1.904462,104000.0,5.583756,False,,,5.583756,2026-05-04,128,developing,,,,2,2,,
data/markdown/2026-05-02_equity-research-나노.md,smic,company,modern,2026-05-02,2026-05-02,2026-05-02,KR,나노,187790,KRX,Buy,buy,나노,16310.0,"16,310 원",6100.0,"6,100 원",167.377,2026-05-04,6360.0,2026-09-07,3060.0,-51.886792,down,-13.522013,-62.028302,-51.886792,-51.886792,-12.068966,0.841864,-52.728656,7560.0,18.867925,False,,,18.867925,2026-05-26,128,developing,,,,1,2,,
data/markdown/2026-05-02_equity-research-샘씨엔에스.md,smic,company,modern,2026-05-02,2026-05-02,2026-05-02,KR,샘씨엔에스,252990,KRX,Buy,buy,샘씨엔에스,22240.0,"22,240원",14260.0,"14,260원",55.9607,2026-05-04,14130.0,2026-09-07,13020.0,-7.855626,down,-10.332626,-22.292994,-7.855626,-7.855626,93.46211,0.841864,-8.69749,16960.0,20.028309,False,,,20.028309,2026-06-12,128,developing,,,,1,2,,
data/markdown/2026-05-02_equity-research-코스텍시스.md,smic,company,modern,2026-05-02,2026-05-02,2026-05-02,KR,코스텍시스,355150,KRX,Buy,buy,코스텍시스,112400.0,"112,400 원",51000.0,"51,000 원",120.3922,2026-05-04,51100.0,2026-09-07,19220.0,-62.387476,down,-25.146771,-70.998043,-62.387476,-62.387476,42.37037,0.841864,-63.229339,64100.0,25.440313,False,,,25.440313,2026-05-11,128,developing,,,,1,2,,
data/markdown/2026-05-02_equity-research-hd현대마린솔루션.md,smic,company,modern,2026-05-02,2026-05-02,2026-05-02,KR,HD현대마린솔루션,443060,KRX,Buy,buy,HD현대마린솔루션,393000.0,"393,000 원",265500.0,"263,500 원",48.0226,2026-05-04,269500.0,2026-09-07,212000.0,-21.335807,down,-13.543599,-31.725417,-21.335807,-21.335807,9.560724,0.841864,-22.177671,280000.0,3.896104,False,,,3.896104,2026-05-04,128,developing,,,,1,2,,
data/markdown/star/2026-05-03_STAR_이수페타시스.md,star,company,modern,2026-05-03,2026-03-26,2026-05-03,KR,이수페타시스,007660,KOSPI,Buy,buy,이수페타시스,176700.0,"176,700",150300.0,"120,300",17.5649,2026-05-04,149000.0,2026-09-07,111900.0,-24.899329,down,-8.52349,-50.0,-24.899329,-24.899329,-6.124161,0.841864,-25.741193,155700.0,4.496644,False,,,4.496644,2026-05-04,127,developing,,,,2,2,,
data/markdown/star/2026-05-03_STAR_피에스케이.md,star,company,modern,2026-05-03,2026-03-26,2026-05-03,KR,피에스케이,319660,KOSDAQ,Buy,buy,피에스케이,127800.0,"127,800",88700.0,"84,200",44.0812,2026-05-04,100100.0,2026-09-07,128200.0,28.071928,up,-9.490509,29.470529,28.071928,28.071928,247.425474,-32.259792,60.33172,219500.0,119.280719,True,2026-06-05,33,119.280719,2026-07-01,127,developing,,,,1,1,,
data/markdown/star/2026-05-04_STAR_코오롱인더.md,star,company,modern,2026-05-04,2026-03-26,2026-05-04,KR,코오롱인더,120110,KOSDAQ,Buy,buy,코오롱인더,110400.0,"110,400",93800.0,"78,800",17.6972,2026-05-04,93800.0,2026-09-07,55200.0,-41.151386,down,-29.424307,-48.773987,-41.151386,-41.151386,23.076923,-32.259792,-8.891594,99300.0,5.863539,False,,,5.863539,2026-05-06,126,developing,,,,1,1,,
data/markdown/star/2026-05-04_STAR_에스티팜.md,star,company,modern,2026-05-04,2026-03-26,2026-05-04,KR,에스티팜,237690,KOSDAQ,Buy,buy,에스티팜,224800.0,"224,800",153800.0,"159,500",46.1638,2026-05-04,153800.0,2026-09-07,91700.0,-40.377113,down,-19.76593,-42.457737,-40.377113,-40.377113,-23.07047,-32.259792,-8.117321,159800.0,3.90117,False,,,3.90117,2026-05-08,126,developing,,,,3,3,,
data/markdown/2026-05-06_equity-research-덕산네오룩스.md,smic,company,modern,2026-05-06,2026-05-06,2026-05-06,KR,덕산네오룩스,213420,KRX,Buy,buy,덕산네오룩스,91200.0,"91,200 원",52500.0,"51,200 원",73.7143,2026-05-06,52500.0,2026-09-07,33350.0,-36.47619,down,-33.904762,-40.285714,-36.47619,-36.47619,-8.630137,-5.27005,-31.206141,53700.0,2.285714,False,,,2.285714,2026-05-06,124,developing,,,,1,2,,
data/markdown/2026-05-07_equity-research-나노.md,smic,company,modern,2026-05-07,2026-05-02,2026-05-07,KR,나노,187790,KRX,Buy,buy,나노,16310.0,"16,310 원",6820.0,"6,100 원",139.1496,2026-05-07,6820.0,2026-09-07,3060.0,-55.131965,down,-18.035191,-57.624633,-55.131965,-55.131965,-12.068966,-6.604228,-48.527737,7560.0,10.85044,False,,,10.85044,2026-05-26,123,developing,,,,2,2,,
data/markdown/2026-05-07_equity-research-덕산네오룩스.md,smic,company,modern,2026-05-07,2026-05-06,2026-05-07,KR,덕산네오룩스,213420,KRX,Buy,buy,덕산네오룩스,91200.0,"91,200 원",51700.0,"51,200 원",76.4023,2026-05-07,51700.0,2026-09-07,33350.0,-35.49323,down,-32.882012,-38.68472,-35.49323,-35.49323,-8.630137,-6.604228,-28.889002,53300.0,3.094778,False,,,3.094778,2026-05-07,123,developing,,,,2,2,,
data/markdown/2026-05-07_equity-research.md,smic,company,modern,2026-05-07,2026-05-02,2026-05-07,KR,샘씨엔에스,252990,KRX,Buy,buy,샘씨엔에스,22240.0,"22,240원",13980.0,"14,260원",59.0844,2026-05-07,13980.0,2026-09-07,13020.0,-6.866953,down,-8.226037,-4.864092,-6.866953,-6.866953,93.46211,-6.604228,-0.262725,16960.0,21.316166,False,,,21.316166,2026-06-12,123,developing,,,,2,2,,
data/markdown/2026-05-07_equity-research-코스텍시스.md,smic,company,modern,2026-05-07,2026-05-02,2026-05-07,KR,코스텍시스,355150,KRX,Buy,buy,코스텍시스,112400.0,"112,400 원",50800.0,"51,000 원",121.2598,2026-05-07,50800.0,2026-09-07,19220.0,-62.165354,down,-28.346457,-62.53937,-62.165354,-62.165354,42.37037,-6.604228,-55.561126,64100.0,26.181102,False,,,26.181102,2026-05-11,123,developing,,,,2,2,,
data/markdown/2026-05-07_equity-research-hd현대마린솔루션.md,smic,company,modern,2026-05-07,2026-05-02,2026-05-07,KR,HD현대마린솔루션,443060,KRX,Buy,buy,HD현대마린솔루션,393000.0,"393,000 원",269500.0,"263,500 원",45.8256,2026-05-07,269500.0,2026-09-07,212000.0,-21.335807,down,-17.625232,-28.348794,-21.335807,-21.335807,9.560724,-6.604228,-14.731579,272500.0,1.113173,False,,,1.113173,2026-05-07,123,developing,,,,2,2,,
"data/markdown/yig/2026-05-10_코스텍시스 (355150,KQ), 전력반도체는 방열, 주가는 가열 YIG Research.md",yig,company,modern,2026-05-08,2026-05-08,2026-05-10,KR,코스텍시스,355150,KOSDAQ,Buy,buy,코스텍시스,84400.0,"84,400원",55100.0,"₩55,100",53.176,2026-05-08,55100.0,2026-09-07,19220.0,-65.117967,down,-33.938294,-62.704174,-65.117967,-65.117967,42.37037,-31.922134,-33.195833,64100.0,16.333938,False,,,16.333938,2026-05-11,122,developing,,,,1,2,,
"data/markdown/yig/2026-05-11_후성 (093370, KOSPI), '후'퇴는 없다, '성'장만 남았다 YIG Research.md",yig,company,modern,2026-05-11,2026-05-11,2026-05-11,KR,후성,093370,KOSPI,Buy,buy,후성,20000.0,"20,000원",13410.0,"13,410원",49.1424,2026-05-11,13410.0,2026-09-07,12900.0,-3.803132,down,21.103654,-25.876212,-3.803132,-3.803132,71.314741,-10.570502,6.76737,23550.0,75.615213,True,2026-06-12,32,75.615213,2026-06-15,119,developing,,,,1,1,,
"data/markdown/yig/2026-05-11_효성티앤씨 (298020, KOSPI), 금의환향(錦衣還鄕) 비단 대신 스판덱스 옷을 입고 YIG Research.md",yig,company,modern,2026-05-11,2026-05-11,2026-05-11,KR,효성티앤씨,298020,KOSPI,Buy,buy,효성티앤씨,844000.0,"844,000 원",469500.0,"₩469,500",79.7657,2026-05-11,469500.0,2026-09-07,348000.0,-25.878594,down,-30.138445,-27.795527,-25.878594,-25.878594,56.404494,-10.570502,-15.308093,486500.0,3.620873,False,,,3.620873,2026-05-11,119,developing,,,,1,1,,
data/markdown/kuvic/2026-05-18_진성티이씨 - 진성이 진짜예요.md,kuvic,company,modern,2026-05-18,2026-05-18,2026-05-18,KR,진성티이씨,036890,KRX,Buy,buy,진성티이씨,29000.0,"29,000",17300.0,"17,300",67.6301,2026-05-18,17300.0,2026-09-07,12860.0,-25.66474,down,-7.919075,-16.242775,-25.66474,-25.66474,-4.811251,-6.927185,-18.737555,17670.0,2.138728,False,,,2.138728,2026-05-18,112,developing,,,,1,1,,
data/markdown/kuvic/2026-05-18_에스티아이 - 에브리바디 에스티아이.md,kuvic,company,modern,2026-05-18,2026-05-18,2026-05-18,KR,에스티아이,039440,KRX,Buy,buy,에스티아이,46000.0,"46,000",28750.0,"30,200",60.0,2026-05-18,28750.0,2026-09-07,19800.0,-31.130435,down,8.521739,-17.565217,-31.130435,-31.130435,-34.975369,-6.927185,-24.20325,34700.0,20.695652,False,,,20.695652,2026-05-27,112,developing,,,,1,1,,
"data/markdown/kuvic/2026-05-18_코스텍시스 - 코스텍시스, 800V짜리 카타르시스.md",kuvic,company,modern,2026-05-18,2026-05-18,2026-05-18,KR,코스텍시스,355150,KRX,Buy,buy,코스텍시스,,,57600.0,"57,60",,2026-05-18,57600.0,2026-09-07,19220.0,-66.631944,down,-41.927083,-63.888889,-66.631944,-66.631944,42.37037,-6.927185,-59.704759,59400.0,3.125,,,,3.125,2026-05-19,112,developing,,missing_target_price,target_price_suspect,1,1,,
"data/markdown/voera/undated_[BUY] Linked to AI, Shipped to America, LS ELECREIC.md",voera,company,modern,2026-05-20,2026-05-20,,KR,LS ELECTRIC,010120,KRX,Buy,buy,LS ELECTRIC,360000.0,"360,000원",238500.0,"238,500원",50.9434,2026-05-20,238500.0,2026-09-07,207000.0,-13.207547,down,8.595388,-12.368973,-13.207547,-13.207547,125.0,-2.962429,-10.245119,291000.0,22.012579,False,,,22.012579,2026-05-26,110,developing,,,date_cover_only,1,1,,
data/markdown/kuvic/2026-05-21_한화엔진 - 데센 상륙작전.md,kuvic,company,modern,2026-05-21,2026-05-21,2026-05-21,KR,한화엔진,082740,KRX,Buy,buy,한화엔진,121000.0,"121,000",72600.0,"72,600",66.6667,2026-05-21,72600.0,2026-09-07,45900.0,-36.77686,down,-15.977961,-36.157025,-36.77686,-36.77686,6.868452,-10.494409,-26.28245,80700.0,11.157025,False,,,11.157025,2026-05-26,109,developing,,,,1,1,,
"data/markdown/yig/2026-05-25_코스텍시스 (355150,KQ), 전기의 시대, 방열의 시대, 코스텍시스의 시대 YIG Research.md",yig,company,modern,2026-05-21,2026-05-21,2026-05-25,KR,코스텍시스,355150,KOSDAQ,Buy,buy,코스텍시스,60000.0,"60,000 원",39800.0,"₩39,800",50.7538,2026-05-21,39800.0,2026-09-07,19220.0,-51.708543,down,-21.482412,-51.105528,-51.708543,-51.708543,42.37037,-25.658924,-26.049619,51400.0,29.145729,False,,,29.145729,2026-05-27,109,developing,,,,2,2,,
"data/markdown/voera/undated_[BUY] 중국 손님 제주행, 드림타워 실적행! 롯데관광개발.md",voera,company,modern,2026-05-22,2026-05-22,,KR,롯데관광개발,032350,KRX,Buy,buy,롯데관광개발,30000.0,"30,000 원",19350.0,"19,400 원",55.0388,2026-05-22,19350.0,2026-09-07,12350.0,-36.175711,down,-12.299742,-33.126615,-36.175711,-36.175711,-46.88172,-10.860748,-25.314963,19990.0,3.307494,False,,,3.307494,2026-05-29,108,developing,,,date_cover_only,1,1,,
"data/markdown/voera/undated_[BUY] ALD의 왕 주성전하 납시오, 주성엔지니어링.md",voera,company,modern,2026-05-22,2026-05-22,,KR,주성엔지니어링,036930,KRX,Buy,buy,주성엔지니어링,288820.0,"288,820원",224000.0,"224,000원",28.9375,2026-05-22,224000.0,2026-09-07,187200.0,-16.428571,down,-13.794643,-20.848214,-16.428571,-16.428571,575.812274,-10.860748,-5.567824,283000.0,26.339286,False,,,26.339286,2026-06-12,108,developing,,,date_cover_only,1,1,,
"data/markdown/voera/undated_[BUY] 조선,대한으로 나아가라, 대한조선.md",voera,company,modern,2026-05-22,2026-05-22,,KR,대한조선,439260,KRX,Buy,buy,대한조선,107000.0,"107,000원",70200.0,"70,200원",52.4217,2026-05-22,70200.0,2026-09-07,47900.0,-31.766382,down,-13.675214,-28.205128,-31.766382,-31.766382,-28.507463,-10.860748,-20.905634,72500.0,3.276353,False,,,3.276353,2026-05-26,108,developing,,,date_cover_only,1,1,,
"data/markdown/voera/undated_[BUY] 주가는 Eagles가 상승기류 타듯, 한화에어로스페이스.md",voera,company,modern,2026-05-23,2026-05-23,,KR,한화에어로스페이스,012450,KRX,Buy,buy,한화에어로스페이스,1435000.0,"1,435,000원",1261000.0,"1,255,000원",13.7986,2026-05-26,1251000.0,2026-09-07,1039000.0,-16.946443,down,-10.071942,-13.269384,-16.946443,-16.946443,10.414453,-13.073858,-3.872585,1304000.0,4.236611,False,,,4.236611,2026-05-27,107,developing,,,date_cover_only,1,1,,
data/markdown/yig/2026-05-25_AI 데이터센터의 다음 병목 YIG Research.md,yig,company,modern,2026-05-26,2026-05-26,2026-05-25,KR,성호전자,043260,KOSDAQ,Overweight,buy,성호전자,77400.0,"₩77,400",40950.0,"₩41,250",89.011,2026-05-26,40950.0,2026-09-07,15870.0,-61.245421,down,-29.79243,-56.190476,-61.245421,-61.245421,71.753247,-29.878382,-31.36704,57700.0,40.903541,False,,,40.903541,2026-06-04,104,developing,,,,1,1,,
data/markdown/ewha/2026-05-26_[260526] (KEYSS 대회 우수상) 엘앤에프(066970).md,ewha,company,modern,2026-05-26,2026-05-26,2026-05-26,KR,엘앤에프,066970,KRX,Buy,buy,엘앤에프,290700.0,"290,700원",157600.0,"157,600원",84.4543,2026-05-26,157600.0,2026-09-07,114500.0,-27.347716,down,-31.598985,-22.84264,-27.347716,-27.347716,20.273109,-13.073858,-14.273858,177500.0,12.626904,False,,,12.626904,2026-05-28,104,developing,,,,2,2,,
data/markdown/2026-05-29_equity-research-comfort-systems-usa-inc.md,smic,company,modern,2026-05-29,2026-05-23,2026-05-29,US,Comfort Systems USA Inc,FIX,NYSE,Buy,buy,FIX,5326.0,"$ 5,326",1828.209961,"$ 1,835",191.3232,2026-05-29,1828.209961,2026-09-04,1614.275024,-11.70188,down,1.423251,-11.649098,-11.70188,-11.70188,73.123742,2.107368,-13.809248,2042.589966,11.726225,False,,,11.726225,2026-06-22,101,developing,,,,1,1,,
data/markdown/2026-05-29_equity-research-sterling-infrastructure-inc.md,smic,company,modern,2026-05-29,2026-05-23,2026-05-29,US,"Sterling Infrastructure, Inc.",STRL,NASDAQ,Buy,buy,STRL,1500.0,"$ 1,500",860.840027,,74.2484,2026-05-29,860.840027,2026-09-04,482.75,-43.921056,down,-6.514569,-41.177225,-43.921056,-43.921056,57.642942,2.107368,-46.028423,1005.679993,16.825422,False,,,16.825422,2026-06-04,101,developing,,,,1,1,,
data/markdown/ewha/2026-05-29_[260529] 대주전자재료(078600).md,ewha,company,modern,2026-05-30,2026-05-30,2026-05-29,KR,대주전자재료,078600,KRX,Buy,buy,대주전자재료,231400.0,"231,400원",153100.0,"153,100",51.143,2026-06-01,141300.0,2026-09-07,85800.0,-39.278132,down,-30.360934,-35.031847,-39.278132,-39.278132,35.11811,-20.401826,-18.876306,149900.0,6.086341,False,,,6.086341,2026-06-01,100,developing,,,,2,2,,
"data/markdown/yig/2026-06-07_브이엠 (089970,KQ), 대한민국 반도체 장비의 선봉장 YIG Research.md",yig,company,modern,2026-06-05,2026-06-05,2026-06-07,KR,브이엠,089970,KOSDAQ,Buy,buy,브이엠,110000.0,"110,000원",68000.0,"110,000",61.7647,2026-06-05,68000.0,2026-09-07,53400.0,-21.470588,down,49.852941,-23.676471,-21.470588,-21.470588,76.821192,-17.981126,-3.489462,122100.0,79.558824,True,2026-06-26,21,79.558824,2026-07-01,94,developing,,,,1,1,,
"data/markdown/kuvic/2026-06-08_반도체 반도체와 장비 - NAND, LOVE LOVE LOVE.md",kuvic,company,modern,2026-06-08,2026-06-08,2026-06-08,US,Kioxia HBF Sandisk HBF HBM3E 용량,GB,US,,soft_buy,GB,,,,,,,,,,,,,,,,,,,,,,,,,,91,developing,missing_market_prices,,,1,1,,
data/markdown/kuvic/2026-06-08_MLCC - 우릴 불러 “쟤네 믈크크(MLCC)”.md,kuvic,company,modern,2026-06-08,2026-06-08,2026-06-08,US,우릴 불러 “쟤네 믈크크,MLCC,US,,soft_buy,MLCC,,,,,,,,,,,,,,,,,,,,,,,,,,91,developing,missing_market_prices,,,1,1,,
"data/markdown/smic/2026-06-10_Equity Research, F&F홀딩스.md",smic,company,modern,2026-06-10,2026-06-05,2026-06-10,KR,F&F홀딩스,007700,KRX,Buy,buy,F&F홀딩스,37960.0,"37,960 원",16710.0,"16,490 원",127.1694,2026-06-10,16710.0,2026-09-07,14090.0,-15.679234,down,-8.378217,-15.679234,-15.679234,-15.679234,-24.612092,-9.512962,-6.166272,17340.0,3.770197,False,,,3.770197,2026-06-16,89,fresh,,,,1,1,,
"data/markdown/smic/2026-06-10_Equity Research, 금화피에스시.md",smic,company,modern,2026-06-10,2026-06-05,2026-06-10,KR,금화피에스시,036190,KRX,Buy,buy,금화피에스시,36700.0,"36,700원",32700.0,"31,600원",12.2324,2026-06-10,32700.0,2026-09-07,34200.0,4.587156,up,-1.529052,4.587156,4.587156,4.587156,14.572864,-9.512962,14.100118,37900.0,15.902141,True,2026-08-26,77,15.902141,2026-08-26,89,fresh,,,,1,1,,
"data/markdown/smic/2026-06-10_Equity Research, 농심홀딩스.md",smic,company,modern,2026-06-10,2026-06-04,2026-06-10,KR,농심홀딩스,072710,KRX,Buy,buy,농심홀딩스,139500.0,"139,500 원",88900.0,"90,200 원",56.9179,2026-06-10,88900.0,2026-09-07,93500.0,5.174353,up,2.137233,5.174353,5.174353,5.174353,3.314917,-9.512962,14.687316,95600.0,7.536558,False,,,7.536558,2026-08-27,89,fresh,,,,1,1,,
"data/markdown/smic/2026-06-10_Equity Research, 파트론.md",smic,company,modern,2026-06-10,2026-06-10,2026-06-10,KR,파트론,091700,KRX,Strong Buy,buy,파트론,15700.0,"15,700원",6320.0,,148.4177,2026-06-10,6320.0,2026-09-07,5420.0,-14.240506,down,-5.379747,-14.240506,-14.240506,-14.240506,-22.238164,-9.512962,-4.727544,6750.0,6.803797,False,,,6.803797,2026-06-16,89,fresh,,,,1,1,,
"data/markdown/smic/2026-06-10_Equity Research, 코오롱인더스트리.md",smic,company,modern,2026-06-10,2026-06-05,2026-06-10,KR,코오롱인더,120110,KRX,Buy,buy,코오롱인더,157800.0,"157,800 원",69000.0,"66,200 원",128.6957,2026-06-10,69000.0,2026-09-07,55200.0,-20.0,down,-18.985507,-20.0,-20.0,-20.0,23.076923,-9.512962,-10.487038,79600.0,15.362319,False,,,15.362319,2026-06-12,89,fresh,,,,1,1,,
data/markdown/star/2026-06-12_KEYSS_STAR_OCI홀딩스.md,star,company,modern,2026-06-12,2025-05-26,2026-06-12,KR,OCI홀딩스,010060,KOSPI,Buy,buy,OCI홀딩스,576500.0,"576,500",300000.0,"360,000",92.1667,2026-06-12,300000.0,2026-09-07,222000.0,-26.0,down,-34.066667,-26.0,-26.0,-26.0,92.708333,-13.888267,-12.111733,335500.0,11.833333,False,,,11.833333,2026-06-16,87,fresh,,,,1,2,,
data/markdown/star/2026-06-12_STAR_LG이노텍.md,star,company,modern,2026-06-12,2026-05-07,2026-06-12,KR,LG이노텍,011070,KOSPI,Buy,buy,LG이노텍,,,1036000.0,"644,000",,2026-06-12,1036000.0,2026-09-07,586000.0,-43.436293,down,-28.378378,-43.436293,-43.436293,-43.436293,116.236162,-13.888267,-29.548027,1320000.0,27.413127,,,,27.413127,2026-06-18,87,fresh,,missing_target_price,target_price_suspect,1,1,,
data/markdown/star/2026-06-12_STAR_키움증권.md,star,company,modern,2026-06-12,2026-05-07,2026-06-12,KR,키움증권,039490,KOSPI,Buy,buy,키움증권,674000.0,"674,000",363500.0,"484,500",85.4195,2026-06-12,363500.0,2026-09-07,272500.0,-25.034388,down,-7.565337,-25.034388,-25.034388,-25.034388,-5.872193,-13.888267,-11.146121,398000.0,9.491059,False,,,9.491059,2026-06-16,87,fresh,,,,1,1,,
data/markdown/star/2026-06-12_STAR_코나아이.md,star,company,modern,2026-06-12,2026-05-28,2026-06-12,KR,코나아이,052400,KOSDAQ,Buy,buy,코나아이,103300.0,"103,300",49950.0,"56,200",106.8068,2026-06-12,49950.0,2026-09-07,37450.0,-25.025025,down,-10.11011,-25.025025,-25.025025,-25.025025,-17.511013,-20.102036,-4.922989,52000.0,4.104104,False,,,4.104104,2026-06-12,87,fresh,,,,1,2,,
data/markdown/star/2026-06-12_STAR_테스.md,star,company,modern,2026-06-12,2026-06-04,2026-06-12,KR,테스,095610,KOSDAQ,Buy,buy,테스,,,182200.0,"104,600",,2026-06-12,182200.0,2026-09-07,152700.0,-16.190999,down,-2.469813,-16.190999,-16.190999,-16.190999,242.760943,-20.102036,3.911037,236500.0,29.802415,,,,29.802415,2026-07-01,87,fresh,,missing_target_price,target_price_suspect,1,2,,
data/markdown/star/2026-06-12_STAR_KB금융.md,star,company,modern,2026-06-12,2026-05-07,2026-06-12,KR,KB금융,105560,KOSPI,Buy,buy,KB금융,211300.0,"211,300",161200.0,"158,900",31.0794,2026-06-12,161200.0,2026-09-07,175900.0,9.119107,up,14.39206,9.119107,9.119107,9.119107,41.05854,-13.888267,23.007373,194500.0,20.657568,False,,,20.657568,2026-07-13,87,fresh,,,,1,1,,
data/markdown/star/2026-06-12_STAR_두산테스나.md,star,company,modern,2026-06-12,2026-05-14,2026-06-12,KR,두산테스나,131970,KOSDAQ,Buy,buy,두산테스나,235100.0,"235,100",175000.0,"182,000",34.3429,2026-06-12,175000.0,2026-09-07,82700.0,-52.742857,down,-42.914286,-52.742857,-52.742857,-52.742857,55.451128,-20.102036,-32.640821,175000.0,0.0,False,,,0.0,2026-06-12,87,fresh,,,,1,2,,
data/markdown/star/2026-06-12_STAR_LG에너지솔루션.md,star,company,modern,2026-06-12,2026-05-14,2026-06-12,KR,LG에너지솔루션,373220,KOSPI,Buy,buy,LG에너지솔루션,703000.0,"703,000",400000.0,"430,000",75.75,2026-06-12,400000.0,2026-09-07,362500.0,-9.375,down,-18.5,-9.375,-9.375,-9.375,-1.628223,-13.888267,4.513267,425000.0,6.25,False,,,6.25,2026-06-15,87,fresh,,,,1,2,,
data/markdown/star/2026-06-12_STAR_Vistra Energy.md,star,company,modern,2026-06-12,2026-06-04,2026-06-12,US,Vistra Energy,VST,NYSE,Buy,buy,VST,262.65,$ 262.65,148.494995,$ 153.80,76.8746,2026-06-12,148.494995,2026-09-04,147.380005,-0.75086,down,6.980037,-0.75086,-0.75086,-0.75086,-8.522255,4.063558,-4.814419,171.350006,15.391099,False,,,15.391099,2026-06-25,87,fresh,,,,1,2,,
data/markdown/star/2026-06-13_KEYSS_STAR_OCI홀딩스.md,star,company,modern,2026-06-13,2025-05-26,2026-06-13,KR,OCI홀딩스,010060,KOSPI,Buy,buy,OCI홀딩스,576500.0,"576,500",300000.0,"360,000",92.1667,2026-06-15,283000.0,2026-09-07,222000.0,-21.55477,down,-27.738516,-21.55477,-21.55477,-21.55477,92.708333,-18.144086,-3.410684,335500.0,18.551237,False,,,18.551237,2026-06-16,86,fresh,,,,2,2,,
data/markdown/star/2026-06-13_STAR_코나아이.md,star,company,modern,2026-06-13,2026-05-28,2026-06-13,KR,코나아이,052400,KOSDAQ,Buy,buy,코나아이,103300.0,"103,300",49950.0,"56,200",106.8068,2026-06-15,49350.0,2026-09-07,37450.0,-24.113475,down,-15.602837,-24.113475,-24.113475,-24.113475,-17.511013,-20.486833,-3.626642,51800.0,4.964539,False,,,4.964539,2026-06-15,86,fresh,,,,2,2,,
data/markdown/star/2026-06-13_STAR_테스.md,star,company,modern,2026-06-13,2026-06-04,2026-06-13,KR,테스,095610,KOSDAQ,Buy,buy,테스,,,182200.0,"104,600",,2026-06-15,177000.0,2026-09-07,152700.0,-13.728814,down,5.310734,-13.728814,-13.728814,-13.728814,242.760943,-20.486833,6.75802,236500.0,33.615819,,,,33.615819,2026-07-01,86,fresh,,missing_target_price,target_price_suspect,2,2,,
data/markdown/star/2026-06-13_STAR_두산테스나.md,star,company,modern,2026-06-13,2026-05-14,2026-06-13,KR,두산테스나,131970,KOSDAQ,Buy,buy,두산테스나,235100.0,"235,100",175000.0,"182,000",34.3429,2026-06-15,163500.0,2026-09-07,82700.0,-49.41896,down,-43.425076,-49.41896,-49.41896,-49.41896,55.451128,-20.486833,-28.932127,169800.0,3.853211,False,,,3.853211,2026-06-15,86,fresh,,,,2,2,,
data/markdown/star/2026-06-13_STAR_LG에너지솔루션.md,star,company,modern,2026-06-13,2026-05-14,2026-06-13,KR,LG에너지솔루션,373220,KOSPI,Buy,buy,LG에너지솔루션,703000.0,"703,000",400000.0,"430,000",75.75,2026-06-15,420500.0,2026-09-07,362500.0,-13.793103,down,-21.878716,-13.793103,-13.793103,-13.793103,-1.628223,-18.144086,4.350983,425000.0,1.070155,False,,,1.070155,2026-06-15,86,fresh,,,,2,2,,
data/markdown/star/2026-06-13_STAR_Vistra Energy.md,star,company,modern,2026-06-13,2026-06-04,2026-06-13,US,Vistra Energy,VST,NYSE,Buy,buy,VST,262.65,$ 262.65,148.494995,$ 153.80,76.8746,2026-06-15,154.020004,2026-09-04,147.380005,-4.311128,down,2.661986,-4.311128,-4.311128,-4.311128,-8.522255,2.277783,-6.588911,171.350006,11.251786,False,,,11.251786,2026-06-25,86,fresh,,,,2,2,,
"data/markdown/voera/undated_[BUY] NO CAP, MORE CAPA 효성중공업.md",voera,company,modern,2026-07-31,2026-07-31,,KR,효성중공업,298040,KRX,Buy,buy,효성중공업,4200000.0,"4,200,000원",2417000.0,"2,417,000원",73.7691,2026-07-31,2417000.0,2026-09-07,2965000.0,22.672735,up,30.450972,22.672735,22.672735,22.672735,66.479506,6.063877,16.608857,3265000.0,35.084816,False,,,35.084816,2026-08-28,38,fresh,,,date_cover_only,2,2,,
data/markdown/kuvic/2026-08-06_ISC - 베트남에서 누가돌아왔~게.md,kuvic,company,modern,2026-08-06,2026-08-06,2026-08-06,KR,ISC,095340,KRX,Buy,buy,ISC,290000.0,"290,000",136300.0,"136,300",112.766,2026-08-06,136300.0,2026-09-07,186000.0,36.463683,up,33.52898,36.463683,36.463683,36.463683,67.416742,11.101776,25.361907,193800.0,42.186354,False,,,42.186354,2026-09-07,32,fresh,,,,1,1,,
"data/markdown/kuvic/2026-08-06_지엔씨에너지 - 전력 질주하는 DC, 그 뒤엔 전력 질주하는 지엔씨.md",kuvic,company,modern,2026-08-06,2026-08-06,2026-08-06,KR,지엔씨에너지,119850,KRX,Buy,buy,지엔씨에너지,76000.0,"76,000",51100.0,"51,100",48.728,2026-08-06,51100.0,2026-09-07,44500.0,-12.915851,down,-12.133072,-12.915851,-12.915851,-12.915851,44.012945,11.101776,-24.017627,58000.0,13.502935,False,,,13.502935,2026-08-07,32,fresh,,,,1,1,,
"data/markdown/voera/undated_[BUY] 리투오, 리쥬란의 성장곡선을 압축하다! 엘앤씨바이오.md",voera,company,modern,2026-08-21,2026-08-21,,KR,엘앤씨바이오,290650,KRX,Buy,buy,엘앤씨바이오,74700.0,"74,700원",51000.0,"51,000 원",46.4706,2026-08-21,51000.0,2026-09-07,46850.0,-8.137255,down,-8.137255,-8.137255,-8.137255,-8.137255,-23.322422,1.192544,-9.329799,55800.0,9.411765,False,,,9.411765,2026-08-28,17,fresh,,,date_cover_only,1,1,,
"data/markdown/voera/undated_[BUY] 사람에 기술을 더하다, 인텍플러스.md",voera,company,modern,2026-08-28,2026-08-28,,KR,인텍플러스,064290,KRX,Buy,buy,인텍플러스,44300.0,"44,300원",32500.0,"32,100원",36.3077,2026-08-28,32500.0,2026-09-07,40600.0,24.923077,up,24.923077,24.923077,24.923077,24.923077,212.788906,3.041886,21.881191,43650.0,34.307692,False,,,34.307692,2026-09-07,10,fresh,,,date_cover_only,1,1,,
data/markdown/voera/undated_[BUY] 불닭의 질주는 계속된다! 삼양식품.md,voera,company,archive,,,,KR,삼양식품,003230,KRX,Buy,buy,삼양식품,1426000.0,"1,426,000원",,,43.9,,,,,,,,,,,,,,,,,,,,,,,missing_report_date,missing_report_date,,1,1,,
"data/markdown/voera/undated_[BUY] 한화솔루션, 가장 환한 솔루션.md",voera,company,archive,,,,KR,한화솔루션,009830,KRX,Buy,buy,한화솔루션,62300.0,"62,300원",,,,,,,,,,,,,,,,,,,,,,,,,,missing_report_date,missing_report_date,,1,1,,
"data/markdown/voera/undated_[HOLD] S-Oil, 오르막이 있으면 내리막도 있는 법.md",voera,company,archive,,,,KR,S-Oil,010950,KRX,Hold,soft_buy,S-Oil,96600.0,"96,600원",,,,,,,,,,,,,,,,,,,,,,,,,,missing_report_date,missing_report_date,ocr_fallback,2,2,,
"data/markdown/voera/undated_[BUY] 브이티, 아자 아자 브이팅 !.md",voera,company,archive,,,,KR,브이티,018290,KRX,Buy,buy,브이티,50050.0,"50,050원",,,36.0,,,,,,,,,,,,,,,,,,,,,,,missing_report_date,missing_report_date,ocr_fallback,1,1,,
"data/markdown/voera/undated_[BUY] 강원랜드, 베팅에 베팅하라.md",voera,company,archive,,,,KR,강원랜드,035250,KRX,Buy,buy,강원랜드,31500.0,"31,500원",,,,,,,,,,,,,,,,,,,,,,,,,,missing_report_date,missing_report_date,ocr_fallback,1,1,,
data/markdown/voera/undated_[Buy] 국가권력급 플랫폼 네이버.md,voera,company,archive,,,,KR,NAVER,035420,KRX,Buy,buy,NAVER,,,,,,,,,,,,,,,,,,,,,,,,,,,,missing_report_date,missing_report_date;missing_target_price,,2,2,,
"data/markdown/voera/undated_[BUY] 가전계의 에르메스, LG전자.md",voera,company,archive,,,,KR,LG전자,066570,KRX,Buy,buy,LG전자,,,,,,,,,,,,,,,,,,,,,,,,,,,,missing_report_date,missing_report_date;missing_target_price,,1,1,,
"data/markdown/voera/undated_[Buy] 제우스, 이 기업은 신인가.md",voera,company,archive,,,,KR,제우스,079370,KOSDAQ,Buy,buy,제우스,97400.0,"97,400원",,,74.6,,,,,,,,,,,,,,,,,,,,,,,missing_report_date,missing_report_date,ocr_fallback,1,1,,
data/markdown/voera/undated_[BUY] 찐 반등 지금이야! 하나머티REAL즈.md,voera,company,archive,,,,KR,하나머티리얼즈,166090,KRX,Buy,buy,하나머티리얼즈,71300.0,"71,300원",,,,,,,,,,,,,,,,,,,,,,,,,,missing_report_date,missing_report_date,ocr_fallback,1,1,,
"data/markdown/voera/undated_[Buy] 클라쓰가 달라서, 클래시스.md",voera,company,archive,,,,KR,클래시스,214150,KOSDAQ,Buy,buy,클래시스,30000.0,"30,000원",,,13.9,,,,,,,,,,,,,,,,,,,,,,,missing_report_date,missing_report_date,ocr_fallback,1,1,,
"data/markdown/voera/undated_[Buy]마음이 [텍]하는 반도체 기판, 心텍.md",voera,company,archive,,,,KR,심텍,222800,KRX,Buy,buy,심텍,47550.0,"47,550원",,,32.3,,,,,,,,,,,,,,,,,,,,,,,missing_report_date,missing_report_date,ocr_fallback,1,1,,
"data/markdown/voera/undated_[BUY] High Demand 전력의 현대화 마진의 고도화, HD현대일렉트릭.md",voera,company,archive,,,,KR,HD현대일렉트릭,267260,KRX,Buy,buy,HD현대일렉트릭,1061986.0,"1,061,986원",778000.0,"778,000원",36.5,,,,,,,,,,,,,,,,,,,,,,,missing_report_date,missing_report_date,,1,1,,
"data/markdown/voera/undated_[Buy] See and See 보면 볼수록 매력있는, 씨앤씨인터내셔널.md",voera,company,archive,,,,KR,씨앤씨인터내셔널,352480,KOSDAQ,Buy,buy,씨앤씨인터내셔널,700.0,700원,,,46.84,,,,,,,,,,,,,,,,,,,,,,,missing_report_date,missing_report_date,ocr_fallback,1,1,,
